--------- beginning of /dev/log/system
09-03 11:32:01.750 W/WindowManager(  647): Focused window stay null too long, have a update!
09-03 11:32:01.750 V/WindowManager(  647): Looking for focus: 1 = Window{41b914a8 u0 KeyguardScrim} = null, flags=1116416, canReceive=false mViewVisibility=8 mHasSurface=false
09-03 11:32:01.750 V/WindowManager(  647): Looking for focus: 0 = Window{4191a5c0 u0 com.android.systemui.ImageWallpaper} = null, flags=792, canReceive=false mViewVisibility=0 mHasSurface=true
09-03 11:32:01.750 V/WindowManager(  647): findFocusedWindow: No focusable windows.
--------- beginning of /dev/log/main
09-03 11:32:01.760 E/GH_GOODIX( 8987):  GH30xService::init
09-03 11:32:01.760 E/GH_GOODIX( 8987): [Deviceopen] Success to open device (/dev/gh_tools) g_fd=7
09-03 11:32:01.820 E/[GH_I2C_BUS]( 8987): set rst pin to 1, ret 0
09-03 11:32:02.660 E/LIBGPS  (  647): read socet_client error: Try again
09-03 11:32:03.640 D/LIBGPS  (  647): watchdog_open PowerState:GE2 CP IDLED readcount:800782
09-03 11:32:03.640 D/LIBGPS  (  647): libgps monitor, idltime =166 second
09-03 11:32:03.640 D/LIBGPS  (  647): pid =647, ppid =231,tid =1026
09-03 11:32:03.640 D/LIBGPS  (  647): pid =647, ppid =231,tid =1026
09-03 11:32:03.640 D/LIBGPS  (  647): gps_sendHeartTest HeartCount =1
09-03 11:32:03.640 D/LIBGPS  (  647): &&& GPS_HeartCountRsp  HeartCount 0 pid =647,ppid =231
09-03 11:32:03.820 E/[GH_ROMAII_SENSOR_HOOK]( 8987): [gh30x_module_init] enter
09-03 11:32:03.820 E/[GH_ROMAII_SENSOR_HOOK]( 8987): example code v0.1.6 (For hbd_ctrl lib v0.5.6.0 and later)
09-03 11:32:03.820 E/[GH_ROMAII_SENSOR_HOOK]( 8987): hbd ctrl version: LibHBC_Band_v0.6.0.1.01
09-03 11:32:03.820 E/[GH_ROMAII_SENSOR_HOOK]( 8987): hba version: LibHBA_Band_W0_Lite_V2.7.5_L
09-03 11:32:03.820 E/[GH_ROMAII_SENSOR_HOOK]( 8987): spo2 version: PV_SPO2_v1.8.7.06
09-03 11:32:03.830 E/[GH_ROMAII_SENSOR_HOOK]( 8987): [gh30x_comm_pkg_init] enter
09-03 11:32:03.830 E/[GH_ROMAII_SENSOR_HOOK]( 8987): [gh30x_comm_pkg_init] exit
09-03 11:32:03.830 E/[GH_ROMAII_SENSOR_HOOK]( 8987): gh30x module init ok
09-03 11:32:03.830 E/[GH_ROMAII_SENSOR_HOOK]( 8987): [gh30x_module_init] exit
09-03 11:32:03.830 E/[GH_I2C_BUS]( 8987): start gh_dev_wait_cmd
09-03 11:32:03.830 E/[GH_I2C_BUS]( 8987): start gh_dev_wait_irq
09-03 11:32:04.750 W/WindowManager(  647): Focused window stay null too long, have a update!
09-03 11:32:04.750 V/WindowManager(  647): Looking for focus: 1 = Window{41b914a8 u0 KeyguardScrim} = null, flags=1116416, canReceive=false mViewVisibility=8 mHasSurface=false
09-03 11:32:04.750 V/WindowManager(  647): Looking for focus: 0 = Window{4191a5c0 u0 com.android.systemui.ImageWallpaper} = null, flags=792, canReceive=false mViewVisibility=0 mHasSurface=true
09-03 11:32:04.750 V/WindowManager(  647): findFocusedWindow: No focusable windows.
09-03 11:32:05.640 D/LIBGPS  (  647): watchdog_open PowerState:GE2 CP IDLED readcount:800783
09-03 11:32:05.640 D/LIBGPS  (  647): libgps monitor, idltime =168 second
09-03 11:32:05.640 D/LIBGPS  (  647): pid =647, ppid =231,tid =1026
09-03 11:32:05.640 D/LIBGPS  (  647): pid =647, ppid =231,tid =1026
09-03 11:32:05.640 D/LIBGPS  (  647): gps_sendHeartTest HeartCount =1
09-03 11:32:05.640 D/LIBGPS  (  647): &&& GPS_HeartCountRsp  HeartCount 0 pid =647,ppid =231
09-03 11:32:05.760 E/[GH_I2C_BUS]( 8987): end gh_dev_wait_cmd 0x0005 ret 0 
09-03 11:32:05.760 E/GH_GOODIX( 8987):  GH30x_CMD_Handler 0x0005 5 param 0
09-03 11:32:05.760 E/[GH_ROMAII_SENSOR_HOOK]( 8987): [gh30x_module_stop] enter
09-03 11:32:05.760 E/[GH_ROMAII_SENSOR_HOOK]( 8987): [gh30x_stop_func] enter
09-03 11:32:05.780 E/[GH_ROMAII_SENSOR_HOOK]( 8987): [gh30x_stop_func] exit
09-03 11:32:05.780 E/[GH_ROMAII_SENSOR_HOOK]( 8987): gh30x module stop
09-03 11:32:05.780 E/[GH_ROMAII_SENSOR_HOOK]( 8987): [gh30x_module_stop] exit
09-03 11:32:05.780 E/GH_GOODIX( 8987):  GH30xService::start MeasureType
09-03 11:32:05.840 E/[GH_I2C_BUS]( 8987): set rst pin to 1, ret 0
09-03 11:32:05.840 E/[GH_I2C_BUS]( 8987): GH end gh_dev_wait_irq 0
09-03 11:32:05.840 E/[GH_ROMAII_SENSOR_HOOK]( 8987): [gh30x_int_msg_handler] enter
09-03 11:32:05.840 E/[GH_ROMAII_SENSOR_HOOK]( 8987): [gh30x_int_msg_handler] gh30x_irq_status:0， type:INT_STATUS_CHIP_RESET
09-03 11:32:05.840 E/[GH_ROMAII_SENSOR_HOOK]( 8987): [gh30x_int_msg_handler] gh30x_adt_working_flag:0
09-03 11:32:05.840 E/[GH_ROMAII_SENSOR_HOOK]( 8987): [gh30x_reset_evt_handler] enter
09-03 11:32:05.850 E/[GH_ROMAII_SENSOR_HOOK]( 8987): got gh30x reset evt, reinit [HBD_RET_OK]
09-03 11:32:05.850 E/[GH_ROMAII_SENSOR_HOOK]( 8987): [gh30x_reset_evt_handler] exit
09-03 11:32:05.850 E/[GH_ROMAII_SENSOR_HOOK]( 8987): [gh30x_int_msg_handler] exit
09-03 11:32:05.850 E/[GH_I2C_BUS]( 8987): start gh_dev_wait_irq
09-03 11:32:06.200 D/PowerManagerService(  647): acquireWakeLockInternal: lock=1101856360, flags=0x1, tag="GpsLocationProvider", ws=null, uid=1000, pid=647 pkg name:android
09-03 11:32:06.200 V/BatteryStatsImpl(  647): startRunningLocked(): mNesting = 1
09-03 11:32:06.200 V/BatteryStatsImpl(  647): startRunningLocked before mTimerPool.size = 0
09-03 11:32:06.200 V/BatteryStatsImpl(  647): startRunningLocked after mTimerPool.size = 1
09-03 11:32:06.200 D/PowerManagerService(  647): updateSuspendBlockerLocked goto acquire:PowerManagerService.WakeLocks: ref count=0
09-03 11:32:06.200 E/GpsXtraDownloader(  647): No XTRA servers were specified in the GPS configuration
09-03 11:32:06.200 D/PowerManagerService(  647): Acquiring suspend blocker "PowerManagerService.WakeLocks".
09-03 11:32:06.200 D/PowerManagerService(  647): releaseWakeLockInternal: lock=1101856360 [GpsLocationProvider], flags=0x0 pkg name:android
09-03 11:32:06.200 D/PowerManagerService(  647): updateSuspendBlockerLocked goto release:PowerManagerService.WakeLocks: ref count=1
09-03 11:32:06.200 D/PowerManagerService(  647): Releasing suspend blocker "PowerManagerService.WakeLocks".
09-03 11:32:06.310 D/WCND    (  217): is_cp2_alive_ok: open polling interface: /proc/mdbg/loopcheck, fd = 17
09-03 11:32:06.410 D/WCND    (  217): is_cp2_alive_ok: loop: /proc/mdbg/loopcheck is OK
09-03 11:32:07.640 D/LIBGPS  (  647): watchdog_open PowerState:GE2 CP IDLED readcount:800784
09-03 11:32:07.640 D/LIBGPS  (  647): libgps monitor, idltime =170 second
09-03 11:32:07.640 D/LIBGPS  (  647): pid =647, ppid =231,tid =1026
09-03 11:32:07.640 D/LIBGPS  (  647): pid =647, ppid =231,tid =1026
09-03 11:32:07.640 D/LIBGPS  (  647): gps_sendHeartTest HeartCount =1
09-03 11:32:07.640 D/LIBGPS  (  647): &&& GPS_HeartCountRsp  HeartCount 0 pid =647,ppid =231
09-03 11:32:07.660 E/LIBGPS  (  647): read socet_client error: Try again
09-03 11:32:07.750 W/WindowManager(  647): Focused window stay null too long, have a update!
09-03 11:32:07.750 V/WindowManager(  647): Looking for focus: 1 = Window{41b914a8 u0 KeyguardScrim} = null, flags=1116416, canReceive=false mViewVisibility=8 mHasSurface=false
09-03 11:32:07.750 V/WindowManager(  647): Looking for focus: 0 = Window{4191a5c0 u0 com.android.systemui.ImageWallpaper} = null, flags=792, canReceive=false mViewVisibility=0 mHasSurface=true
09-03 11:32:07.750 V/WindowManager(  647): findFocusedWindow: No focusable windows.
09-03 11:32:07.840 E/[GH_ROMAII_SENSOR_HOOK]( 8987): [gh30x_module_init] enter
09-03 11:32:07.840 E/[GH_ROMAII_SENSOR_HOOK]( 8987): example code v0.1.6 (For hbd_ctrl lib v0.5.6.0 and later)
09-03 11:32:07.840 E/[GH_ROMAII_SENSOR_HOOK]( 8987): hbd ctrl version: LibHBC_Band_v0.6.0.1.01
09-03 11:32:07.840 E/[GH_ROMAII_SENSOR_HOOK]( 8987): hba version: LibHBA_Band_W0_Lite_V2.7.5_L
09-03 11:32:07.840 E/[GH_ROMAII_SENSOR_HOOK]( 8987): spo2 version: PV_SPO2_v1.8.7.06
09-03 11:32:07.850 E/[GH_ROMAII_SENSOR_HOOK]( 8987): gh30x module init ok
09-03 11:32:07.850 E/[GH_ROMAII_SENSOR_HOOK]( 8987): [gh30x_module_init] exit
09-03 11:32:07.850 E/[GH_ROMAII_SENSOR_HOOK]( 8987): [gh30x_module_start] enter
09-03 11:32:07.850 E/[GH_ROMAII_SENSOR_HOOK]( 8987): gh30x module start, mode [RUN_MODE_SPO2_DET]
09-03 11:32:07.850 E/[GH_ROMAII_SENSOR_HOOK]( 8987): [gh30x_start_adt_with_mode] enter
09-03 11:32:07.850 E/[GH_ROMAII_SENSOR_HOOK]( 8987): [gh30x_adt_wear_detect_start] enter
09-03 11:32:07.850 E/[GH_ROMAII_SENSOR_HOOK]( 8987): [gh30x_Load_new_config] enter
09-03 11:32:07.870 E/[GH_ROMAII_SENSOR_HOOK]( 8987): [gh30x_Load_new_config] exit
09-03 11:32:07.870 E/[GH_ROMAII_SENSOR_HOOK]( 8987): [gh30x_adt_wear_detect_start] exit
09-03 11:32:07.870 E/[GH_ROMAII_SENSOR_HOOK]( 8987): [gh30x_start_adt_with_mode] exit
09-03 11:32:07.870 E/[GH_ROMAII_SENSOR_HOOK]( 8987): [gh30x_module_start] exit
09-03 11:32:07.870 E/[GH_I2C_BUS]( 8987): start gh_dev_wait_cmd
09-03 11:32:08.470 E/[GH_I2C_BUS]( 8987): GH end gh_dev_wait_irq 0
09-03 11:32:08.470 E/[GH_ROMAII_SENSOR_HOOK]( 8987): [gh30x_int_msg_handler] enter
09-03 11:32:08.480 E/[GH_ROMAII_SENSOR_HOOK]( 8987): [gh30x_int_msg_handler] gh30x_irq_status:4， type:INT_STATUS_WEAR_DETECTED
09-03 11:32:08.480 E/[GH_ROMAII_SENSOR_HOOK]( 8987): [gh30x_int_msg_handler] gh30x_adt_working_flag:1
09-03 11:32:08.480 E/[GH_ROMAII_SENSOR_HOOK]( 8987): [gh30x_wear_evt_handler] enter
09-03 11:32:08.480 E/[GH_ROMAII_SENSOR_HOOK]( 8987): [gh30x_start_func_with_mode] enter
09-03 11:32:08.480 E/[GH_ROMAII_SENSOR_HOOK]( 8987): [gh30x_spo2_start] enter
09-03 11:32:08.480 E/[GH_ROMAII_SENSOR_HOOK]( 8987): [gh30x_spo2_start] exit
09-03 11:32:08.480 E/[GH_ROMAII_SENSOR_HOOK]( 8987): [gh30x_start_func_with_mode] exit
09-03 11:32:08.480 E/[GH_ROMAII_SENSOR_HOOK]( 8987): got gh30x wear evt, start func[RUN_MODE_SPO2_DET]
09-03 11:32:08.500 E/[GH_I2C_BUS]( 8987): gh_dev_report_key 0, weared 1 ,ppg 0 ,spo2 0 ,ret 0
09-03 11:32:08.500 E/[GH_ROMAII_SENSOR_HOOK]( 8987): GH_30X handle_wear_status_result :  wearing 1
09-03 11:32:08.500 E/[GH_ROMAII_SENSOR_HOOK]( 8987): [gh30x_wear_evt_handler] exit
09-03 11:32:08.500 E/[GH_ROMAII_SENSOR_HOOK]( 8987): [gh30x_int_msg_handler] exit
09-03 11:32:08.500 E/[GH_I2C_BUS]( 8987): start gh_dev_wait_irq
09-03 11:32:09.480 E/[GH_I2C_BUS]( 8987): GH end gh_dev_wait_irq 0
09-03 11:32:09.480 E/[GH_ROMAII_SENSOR_HOOK]( 8987): [gh30x_int_msg_handler] enter
09-03 11:32:09.480 E/[GH_ROMAII_SENSOR_HOOK]( 8987): [gh30x_int_msg_handler] gh30x_irq_status:2， type:INT_STATUS_FIFO_WATERMARK
09-03 11:32:09.480 E/[GH_ROMAII_SENSOR_HOOK]( 8987): [gh30x_int_msg_handler] gh30x_adt_working_flag:0
09-03 11:32:09.480 E/[GH_ROMAII_SENSOR_HOOK]( 8987): [gh30x_fifo_evt_handler] enter
09-03 11:32:09.480 E/[GH_ROMAII_SENSOR_HOOK]( 8987): got gh30x fifo evt, func[RUN_MODE_SPO2_DET]
09-03 11:32:09.480 E/[GH_I2C_BUS]( 8987): gh_dev_get_acc_buffer len 42 ret 0
09-03 11:32:09.480 E/[GH_ROMAII_SENSOR_HOOK]( 8987): gsensor_drv_get_fifo_data len 42 
09-03 11:32:09.480 E/[GH_ROMAII_SENSOR_HOOK]( 8987): [gh30x_fifo_evt_spo2_mode_calc] enter
09-03 11:32:09.490 E/[GH_ROMAII_SENSOR_HOOK]( 8987): [handle_spo2_mode_result] enter
09-03 11:32:09.490 E/[GH_ROMAII_SENSOR_HOOK]( 8987): GH_3011 spo2_result : 0 , lvl 0 , hb 0, lvl0 , wearing 1
09-03 11:32:09.510 E/[GH_I2C_BUS]( 8987): gh_dev_report_key 1, weared 1 ,ppg 0 ,spo2 0 ,ret 0
09-03 11:32:09.510 E/[GH_ROMAII_SENSOR_HOOK]( 8987): [handle_spo2_mode_result] exit
09-03 11:32:09.510 E/[GH_ROMAII_SENSOR_HOOK]( 8987): spo2 calc, gs_len=42, result=0,0,0,0,0,0,0,0,0,0,0,1
09-03 11:32:09.510 E/[GH_ROMAII_SENSOR_HOOK]( 8987): [gh30x_fifo_evt_spo2_mode_calc] wearing_state:1
09-03 11:32:09.510 E/[GH_ROMAII_SENSOR_HOOK]( 8987): [gh30x_fifo_evt_spo2_mode_calc] not unwear state
09-03 11:32:09.510 E/[GH_ROMAII_SENSOR_HOOK]( 8987): [gh30x_fifo_evt_spo2_mode_calc] exit
09-03 11:32:09.510 E/[GH_ROMAII_SENSOR_HOOK]( 8987): [gh30x_fifo_evt_handler] exit
09-03 11:32:09.510 E/[GH_ROMAII_SENSOR_HOOK]( 8987): [gh30x_int_msg_handler] exit
09-03 11:32:09.510 E/[GH_I2C_BUS]( 8987): start gh_dev_wait_irq
09-03 11:32:09.640 D/LIBGPS  (  647): watchdog_open PowerState:GE2 CP IDLED readcount:800785
09-03 11:32:09.640 D/LIBGPS  (  647): libgps monitor, idltime =172 second
09-03 11:32:09.640 D/LIBGPS  (  647): pid =647, ppid =231,tid =1026
09-03 11:32:09.640 D/LIBGPS  (  647): pid =647, ppid =231,tid =1026
09-03 11:32:09.640 D/LIBGPS  (  647): gps_sendHeartTest HeartCount =1
09-03 11:32:09.640 D/LIBGPS  (  647): &&& GPS_HeartCountRsp  HeartCount 0 pid =647,ppid =231
09-03 11:32:10.480 E/[GH_I2C_BUS]( 8987): GH end gh_dev_wait_irq 0
09-03 11:32:10.480 E/[GH_ROMAII_SENSOR_HOOK]( 8987): [gh30x_int_msg_handler] enter
09-03 11:32:10.480 E/[GH_ROMAII_SENSOR_HOOK]( 8987): [gh30x_int_msg_handler] gh30x_irq_status:2， type:INT_STATUS_FIFO_WATERMARK
09-03 11:32:10.480 E/[GH_ROMAII_SENSOR_HOOK]( 8987): [gh30x_int_msg_handler] gh30x_adt_working_flag:0
09-03 11:32:10.480 E/[GH_ROMAII_SENSOR_HOOK]( 8987): [gh30x_fifo_evt_handler] enter
09-03 11:32:10.480 E/[GH_ROMAII_SENSOR_HOOK]( 8987): got gh30x fifo evt, func[RUN_MODE_SPO2_DET]
09-03 11:32:10.480 E/[GH_I2C_BUS]( 8987): gh_dev_get_acc_buffer len 45 ret 0
09-03 11:32:10.480 E/[GH_ROMAII_SENSOR_HOOK]( 8987): gsensor_drv_get_fifo_data len 45 
09-03 11:32:10.480 E/[GH_ROMAII_SENSOR_HOOK]( 8987): [gh30x_fifo_evt_spo2_mode_calc] enter
09-03 11:32:10.500 E/[GH_ROMAII_SENSOR_HOOK]( 8987): [handle_spo2_mode_result] enter
09-03 11:32:10.500 E/[GH_ROMAII_SENSOR_HOOK]( 8987): GH_3011 spo2_result : 0 , lvl 0 , hb 0, lvl0 , wearing 1
09-03 11:32:10.510 E/[GH_I2C_BUS]( 8987): gh_dev_report_key 1, weared 1 ,ppg 0 ,spo2 0 ,ret 0
09-03 11:32:10.510 E/[GH_ROMAII_SENSOR_HOOK]( 8987): [handle_spo2_mode_result] exit
09-03 11:32:10.510 E/[GH_ROMAII_SENSOR_HOOK]( 8987): spo2 calc, gs_len=45, result=0,0,0,0,0,0,0,0,0,0,0,1
09-03 11:32:10.510 E/[GH_ROMAII_SENSOR_HOOK]( 8987): [gh30x_fifo_evt_spo2_mode_calc] wearing_state:1
09-03 11:32:10.510 E/[GH_ROMAII_SENSOR_HOOK]( 8987): [gh30x_fifo_evt_spo2_mode_calc] not unwear state
09-03 11:32:10.510 E/[GH_ROMAII_SENSOR_HOOK]( 8987): [gh30x_fifo_evt_spo2_mode_calc] exit
09-03 11:32:10.510 E/[GH_ROMAII_SENSOR_HOOK]( 8987): [gh30x_fifo_evt_handler] exit
09-03 11:32:10.510 E/[GH_ROMAII_SENSOR_HOOK]( 8987): [gh30x_int_msg_handler] exit
09-03 11:32:10.510 E/[GH_I2C_BUS]( 8987): start gh_dev_wait_irq
09-03 11:32:10.750 W/WindowManager(  647): Focused window stay null too long, have a update!
09-03 11:32:10.750 V/WindowManager(  647): Looking for focus: 1 = Window{41b914a8 u0 KeyguardScrim} = null, flags=1116416, canReceive=false mViewVisibility=8 mHasSurface=false
09-03 11:32:10.750 V/WindowManager(  647): Looking for focus: 0 = Window{4191a5c0 u0 com.android.systemui.ImageWallpaper} = null, flags=792, canReceive=false mViewVisibility=0 mHasSurface=true
09-03 11:32:10.750 V/WindowManager(  647): findFocusedWindow: No focusable windows.
09-03 11:32:11.410 D/WCND    (  217): is_cp2_alive_ok: open polling interface: /proc/mdbg/loopcheck, fd = 17
09-03 11:32:11.480 E/[GH_I2C_BUS]( 8987): GH end gh_dev_wait_irq 0
09-03 11:32:11.480 E/[GH_ROMAII_SENSOR_HOOK]( 8987): [gh30x_int_msg_handler] enter
09-03 11:32:11.480 E/[GH_ROMAII_SENSOR_HOOK]( 8987): [gh30x_int_msg_handler] gh30x_irq_status:2， type:INT_STATUS_FIFO_WATERMARK
09-03 11:32:11.480 E/[GH_ROMAII_SENSOR_HOOK]( 8987): [gh30x_int_msg_handler] gh30x_adt_working_flag:0
09-03 11:32:11.480 E/[GH_ROMAII_SENSOR_HOOK]( 8987): [gh30x_fifo_evt_handler] enter
09-03 11:32:11.480 E/[GH_ROMAII_SENSOR_HOOK]( 8987): got gh30x fifo evt, func[RUN_MODE_SPO2_DET]
09-03 11:32:11.480 E/[GH_I2C_BUS]( 8987): gh_dev_get_acc_buffer len 39 ret 0
09-03 11:32:11.480 E/[GH_ROMAII_SENSOR_HOOK]( 8987): gsensor_drv_get_fifo_data len 39 
09-03 11:32:11.480 E/[GH_ROMAII_SENSOR_HOOK]( 8987): [gh30x_fifo_evt_spo2_mode_calc] enter
09-03 11:32:11.500 E/[GH_ROMAII_SENSOR_HOOK]( 8987): [handle_spo2_mode_result] enter
09-03 11:32:11.500 E/[GH_ROMAII_SENSOR_HOOK]( 8987): GH_3011 spo2_result : 0 , lvl 0 , hb 0, lvl0 , wearing 1
09-03 11:32:11.520 E/[GH_I2C_BUS]( 8987): gh_dev_report_key 1, weared 1 ,ppg 0 ,spo2 0 ,ret 0
09-03 11:32:11.520 E/[GH_ROMAII_SENSOR_HOOK]( 8987): [handle_spo2_mode_result] exit
09-03 11:32:11.520 E/[GH_ROMAII_SENSOR_HOOK]( 8987): spo2 calc, gs_len=39, result=0,0,0,0,0,0,0,0,0,0,0,1
09-03 11:32:11.520 E/[GH_ROMAII_SENSOR_HOOK]( 8987): [gh30x_fifo_evt_spo2_mode_calc] wearing_state:1
09-03 11:32:11.520 E/[GH_ROMAII_SENSOR_HOOK]( 8987): [gh30x_fifo_evt_spo2_mode_calc] not unwear state
09-03 11:32:11.520 E/[GH_ROMAII_SENSOR_HOOK]( 8987): [gh30x_fifo_evt_spo2_mode_calc] exit
09-03 11:32:11.520 E/[GH_ROMAII_SENSOR_HOOK]( 8987): [gh30x_fifo_evt_handler] exit
09-03 11:32:11.520 E/[GH_ROMAII_SENSOR_HOOK]( 8987): [gh30x_int_msg_handler] exit
09-03 11:32:11.520 E/[GH_I2C_BUS]( 8987): start gh_dev_wait_irq
09-03 11:32:11.520 D/WCND    (  217): is_cp2_alive_ok: loop: /proc/mdbg/loopcheck is OK
09-03 11:32:11.640 D/LIBGPS  (  647): watchdog_open PowerState:GE2 CP IDLED readcount:800786
09-03 11:32:11.640 D/LIBGPS  (  647): libgps monitor, idltime =174 second
09-03 11:32:11.640 D/LIBGPS  (  647): pid =647, ppid =231,tid =1026
09-03 11:32:11.640 D/LIBGPS  (  647): pid =647, ppid =231,tid =1026
09-03 11:32:11.640 D/LIBGPS  (  647): gps_sendHeartTest HeartCount =1
09-03 11:32:11.640 D/LIBGPS  (  647): &&& GPS_HeartCountRsp  HeartCount 0 pid =647,ppid =231
09-03 11:32:12.490 E/[GH_I2C_BUS]( 8987): GH end gh_dev_wait_irq 0
09-03 11:32:12.490 E/[GH_ROMAII_SENSOR_HOOK]( 8987): [gh30x_int_msg_handler] enter
09-03 11:32:12.490 E/[GH_ROMAII_SENSOR_HOOK]( 8987): [gh30x_int_msg_handler] gh30x_irq_status:2， type:INT_STATUS_FIFO_WATERMARK
09-03 11:32:12.490 E/[GH_ROMAII_SENSOR_HOOK]( 8987): [gh30x_int_msg_handler] gh30x_adt_working_flag:0
09-03 11:32:12.490 E/[GH_ROMAII_SENSOR_HOOK]( 8987): [gh30x_fifo_evt_handler] enter
09-03 11:32:12.490 E/[GH_ROMAII_SENSOR_HOOK]( 8987): got gh30x fifo evt, func[RUN_MODE_SPO2_DET]
09-03 11:32:12.490 E/[GH_I2C_BUS]( 8987): gh_dev_get_acc_buffer len 40 ret 0
09-03 11:32:12.490 E/[GH_ROMAII_SENSOR_HOOK]( 8987): gsensor_drv_get_fifo_data len 40 
09-03 11:32:12.490 E/[GH_ROMAII_SENSOR_HOOK]( 8987): [gh30x_fifo_evt_spo2_mode_calc] enter
09-03 11:32:12.500 E/[GH_ROMAII_SENSOR_HOOK]( 8987): [handle_spo2_mode_result] enter
09-03 11:32:12.500 E/[GH_ROMAII_SENSOR_HOOK]( 8987): GH_3011 spo2_result : 0 , lvl 0 , hb 0, lvl0 , wearing 1
09-03 11:32:12.520 E/[GH_I2C_BUS]( 8987): gh_dev_report_key 1, weared 1 ,ppg 0 ,spo2 0 ,ret 0
09-03 11:32:12.520 E/[GH_ROMAII_SENSOR_HOOK]( 8987): [handle_spo2_mode_result] exit
09-03 11:32:12.520 E/[GH_ROMAII_SENSOR_HOOK]( 8987): spo2 calc, gs_len=40, result=0,0,0,0,0,0,0,0,0,0,0,1
09-03 11:32:12.520 E/[GH_ROMAII_SENSOR_HOOK]( 8987): [gh30x_fifo_evt_spo2_mode_calc] wearing_state:1
09-03 11:32:12.520 E/[GH_ROMAII_SENSOR_HOOK]( 8987): [gh30x_fifo_evt_spo2_mode_calc] not unwear state
09-03 11:32:12.520 E/[GH_ROMAII_SENSOR_HOOK]( 8987): [gh30x_fifo_evt_spo2_mode_calc] exit
09-03 11:32:12.520 E/[GH_ROMAII_SENSOR_HOOK]( 8987): [gh30x_fifo_evt_handler] exit
09-03 11:32:12.520 E/[GH_ROMAII_SENSOR_HOOK]( 8987): [gh30x_int_msg_handler] exit
09-03 11:32:12.520 E/[GH_I2C_BUS]( 8987): start gh_dev_wait_irq
09-03 11:32:12.660 E/LIBGPS  (  647): read socet_client error: Try again
09-03 11:32:13.490 E/[GH_I2C_BUS]( 8987): GH end gh_dev_wait_irq 0
09-03 11:32:13.490 E/[GH_ROMAII_SENSOR_HOOK]( 8987): [gh30x_int_msg_handler] enter
09-03 11:32:13.490 E/[GH_ROMAII_SENSOR_HOOK]( 8987): [gh30x_int_msg_handler] gh30x_irq_status:2， type:INT_STATUS_FIFO_WATERMARK
09-03 11:32:13.490 E/[GH_ROMAII_SENSOR_HOOK]( 8987): [gh30x_int_msg_handler] gh30x_adt_working_flag:0
09-03 11:32:13.490 E/[GH_ROMAII_SENSOR_HOOK]( 8987): [gh30x_fifo_evt_handler] enter
09-03 11:32:13.490 E/[GH_ROMAII_SENSOR_HOOK]( 8987): got gh30x fifo evt, func[RUN_MODE_SPO2_DET]
09-03 11:32:13.490 E/[GH_I2C_BUS]( 8987): gh_dev_get_acc_buffer len 41 ret 0
09-03 11:32:13.490 E/[GH_ROMAII_SENSOR_HOOK]( 8987): gsensor_drv_get_fifo_data len 41 
09-03 11:32:13.490 E/[GH_ROMAII_SENSOR_HOOK]( 8987): [gh30x_fifo_evt_spo2_mode_calc] enter
09-03 11:32:13.510 E/[GH_ROMAII_SENSOR_HOOK]( 8987): [handle_spo2_mode_result] enter
09-03 11:32:13.510 E/[GH_ROMAII_SENSOR_HOOK]( 8987): GH_3011 spo2_result : 0 , lvl 0 , hb 0, lvl0 , wearing 1
09-03 11:32:13.530 E/[GH_I2C_BUS]( 8987): gh_dev_report_key 1, weared 1 ,ppg 0 ,spo2 0 ,ret 0
09-03 11:32:13.530 E/[GH_ROMAII_SENSOR_HOOK]( 8987): [handle_spo2_mode_result] exit
09-03 11:32:13.530 E/[GH_ROMAII_SENSOR_HOOK]( 8987): spo2 calc, gs_len=41, result=0,0,0,0,0,0,0,0,0,0,0,1
09-03 11:32:13.530 E/[GH_ROMAII_SENSOR_HOOK]( 8987): [gh30x_fifo_evt_spo2_mode_calc] wearing_state:1
09-03 11:32:13.530 E/[GH_ROMAII_SENSOR_HOOK]( 8987): [gh30x_fifo_evt_spo2_mode_calc] not unwear state
09-03 11:32:13.530 E/[GH_ROMAII_SENSOR_HOOK]( 8987): [gh30x_fifo_evt_spo2_mode_calc] exit
09-03 11:32:13.530 E/[GH_ROMAII_SENSOR_HOOK]( 8987): [gh30x_fifo_evt_handler] exit
09-03 11:32:13.530 E/[GH_ROMAII_SENSOR_HOOK]( 8987): [gh30x_int_msg_handler] exit
09-03 11:32:13.530 E/[GH_I2C_BUS]( 8987): start gh_dev_wait_irq
09-03 11:32:13.640 D/LIBGPS  (  647): watchdog_open PowerState:GE2 CP IDLED readcount:800787
09-03 11:32:13.640 D/LIBGPS  (  647): libgps monitor, idltime =176 second
09-03 11:32:13.640 D/LIBGPS  (  647): pid =647, ppid =231,tid =1026
09-03 11:32:13.640 D/LIBGPS  (  647): pid =647, ppid =231,tid =1026
09-03 11:32:13.640 D/LIBGPS  (  647): gps_sendHeartTest HeartCount =1
09-03 11:32:13.640 D/LIBGPS  (  647): &&& GPS_HeartCountRsp  HeartCount 0 pid =647,ppid =231
09-03 11:32:13.760 W/WindowManager(  647): Focused window stay null too long, have a update!
09-03 11:32:13.760 V/WindowManager(  647): Looking for focus: 1 = Window{41b914a8 u0 KeyguardScrim} = null, flags=1116416, canReceive=false mViewVisibility=8 mHasSurface=false
09-03 11:32:13.760 V/WindowManager(  647): Looking for focus: 0 = Window{4191a5c0 u0 com.android.systemui.ImageWallpaper} = null, flags=792, canReceive=false mViewVisibility=0 mHasSurface=true
09-03 11:32:13.760 V/WindowManager(  647): findFocusedWindow: No focusable windows.
09-03 11:32:14.490 E/[GH_I2C_BUS]( 8987): GH end gh_dev_wait_irq 0
09-03 11:32:14.490 E/[GH_ROMAII_SENSOR_HOOK]( 8987): [gh30x_int_msg_handler] enter
09-03 11:32:14.490 E/[GH_ROMAII_SENSOR_HOOK]( 8987): [gh30x_int_msg_handler] gh30x_irq_status:2， type:INT_STATUS_FIFO_WATERMARK
09-03 11:32:14.490 E/[GH_ROMAII_SENSOR_HOOK]( 8987): [gh30x_int_msg_handler] gh30x_adt_working_flag:0
09-03 11:32:14.490 E/[GH_ROMAII_SENSOR_HOOK]( 8987): [gh30x_fifo_evt_handler] enter
09-03 11:32:14.490 E/[GH_ROMAII_SENSOR_HOOK]( 8987): got gh30x fifo evt, func[RUN_MODE_SPO2_DET]
09-03 11:32:14.490 E/[GH_I2C_BUS]( 8987): gh_dev_get_acc_buffer len 40 ret 0
09-03 11:32:14.490 E/[GH_ROMAII_SENSOR_HOOK]( 8987): gsensor_drv_get_fifo_data len 40 
09-03 11:32:14.490 E/[GH_ROMAII_SENSOR_HOOK]( 8987): [gh30x_fifo_evt_spo2_mode_calc] enter
09-03 11:32:14.520 E/[GH_ROMAII_SENSOR_HOOK]( 8987): [handle_spo2_mode_result] enter
09-03 11:32:14.520 E/[GH_ROMAII_SENSOR_HOOK]( 8987): GH_3011 spo2_result : 0 , lvl 46 , hb 0, lvl0 , wearing 1
09-03 11:32:14.530 E/[GH_I2C_BUS]( 8987): gh_dev_report_key 1, weared 1 ,ppg 0 ,spo2 0 ,ret 0
09-03 11:32:14.530 E/[GH_ROMAII_SENSOR_HOOK]( 8987): [handle_spo2_mode_result] exit
09-03 11:32:14.530 E/[GH_ROMAII_SENSOR_HOOK]( 8987): spo2 calc, gs_len=40, result=0,46,0,0,0,0,0,0,0,0,0,1
09-03 11:32:14.530 E/[GH_ROMAII_SENSOR_HOOK]( 8987): [gh30x_fifo_evt_spo2_mode_calc] wearing_state:1
09-03 11:32:14.530 E/[GH_ROMAII_SENSOR_HOOK]( 8987): [gh30x_fifo_evt_spo2_mode_calc] not unwear state
09-03 11:32:14.530 E/[GH_ROMAII_SENSOR_HOOK]( 8987): [gh30x_fifo_evt_spo2_mode_calc] exit
09-03 11:32:14.530 E/[GH_ROMAII_SENSOR_HOOK]( 8987): [gh30x_fifo_evt_handler] exit
09-03 11:32:14.530 E/[GH_ROMAII_SENSOR_HOOK]( 8987): [gh30x_int_msg_handler] exit
09-03 11:32:14.530 E/[GH_I2C_BUS]( 8987): start gh_dev_wait_irq
09-03 11:32:15.500 E/[GH_I2C_BUS]( 8987): GH end gh_dev_wait_irq 0
09-03 11:32:15.500 E/[GH_ROMAII_SENSOR_HOOK]( 8987): [gh30x_int_msg_handler] enter
09-03 11:32:15.500 E/[GH_ROMAII_SENSOR_HOOK]( 8987): [gh30x_int_msg_handler] gh30x_irq_status:2， type:INT_STATUS_FIFO_WATERMARK
09-03 11:32:15.500 E/[GH_ROMAII_SENSOR_HOOK]( 8987): [gh30x_int_msg_handler] gh30x_adt_working_flag:0
09-03 11:32:15.500 E/[GH_ROMAII_SENSOR_HOOK]( 8987): [gh30x_fifo_evt_handler] enter
09-03 11:32:15.500 E/[GH_ROMAII_SENSOR_HOOK]( 8987): got gh30x fifo evt, func[RUN_MODE_SPO2_DET]
09-03 11:32:15.500 E/[GH_I2C_BUS]( 8987): gh_dev_get_acc_buffer len 40 ret 0
09-03 11:32:15.500 E/[GH_ROMAII_SENSOR_HOOK]( 8987): gsensor_drv_get_fifo_data len 40 
09-03 11:32:15.500 E/[GH_ROMAII_SENSOR_HOOK]( 8987): [gh30x_fifo_evt_spo2_mode_calc] enter
09-03 11:32:15.520 E/[GH_ROMAII_SENSOR_HOOK]( 8987): [handle_spo2_mode_result] enter
09-03 11:32:15.520 E/[GH_ROMAII_SENSOR_HOOK]( 8987): GH_3011 spo2_result : 0 , lvl 41 , hb 0, lvl0 , wearing 1
09-03 11:32:15.540 E/[GH_I2C_BUS]( 8987): gh_dev_report_key 1, weared 1 ,ppg 0 ,spo2 0 ,ret 0
09-03 11:32:15.540 E/[GH_ROMAII_SENSOR_HOOK]( 8987): [handle_spo2_mode_result] exit
09-03 11:32:15.540 E/[GH_ROMAII_SENSOR_HOOK]( 8987): spo2 calc, gs_len=40, result=0,41,0,0,0,0,0,0,0,0,0,1
09-03 11:32:15.540 E/[GH_ROMAII_SENSOR_HOOK]( 8987): [gh30x_fifo_evt_spo2_mode_calc] wearing_state:1
09-03 11:32:15.540 E/[GH_ROMAII_SENSOR_HOOK]( 8987): [gh30x_fifo_evt_spo2_mode_calc] not unwear state
09-03 11:32:15.540 E/[GH_ROMAII_SENSOR_HOOK]( 8987): [gh30x_fifo_evt_spo2_mode_calc] exit
09-03 11:32:15.540 E/[GH_ROMAII_SENSOR_HOOK]( 8987): [gh30x_fifo_evt_handler] exit
09-03 11:32:15.540 E/[GH_ROMAII_SENSOR_HOOK]( 8987): [gh30x_int_msg_handler] exit
09-03 11:32:15.540 E/[GH_I2C_BUS]( 8987): start gh_dev_wait_irq
09-03 11:32:15.640 D/LIBGPS  (  647): watchdog_open PowerState:GE2 CP IDLED readcount:800788
09-03 11:32:15.640 D/LIBGPS  (  647): libgps monitor, idltime =178 second
09-03 11:32:15.640 D/LIBGPS  (  647): pid =647, ppid =231,tid =1026
09-03 11:32:15.640 D/LIBGPS  (  647): pid =647, ppid =231,tid =1026
09-03 11:32:15.640 D/LIBGPS  (  647): gps_sendHeartTest HeartCount =1
09-03 11:32:15.640 D/LIBGPS  (  647): &&& GPS_HeartCountRsp  HeartCount 0 pid =647,ppid =231
09-03 11:32:16.500 E/[GH_I2C_BUS]( 8987): GH end gh_dev_wait_irq 0
09-03 11:32:16.500 E/[GH_ROMAII_SENSOR_HOOK]( 8987): [gh30x_int_msg_handler] enter
09-03 11:32:16.500 E/[GH_ROMAII_SENSOR_HOOK]( 8987): [gh30x_int_msg_handler] gh30x_irq_status:2， type:INT_STATUS_FIFO_WATERMARK
09-03 11:32:16.500 E/[GH_ROMAII_SENSOR_HOOK]( 8987): [gh30x_int_msg_handler] gh30x_adt_working_flag:0
09-03 11:32:16.500 E/[GH_ROMAII_SENSOR_HOOK]( 8987): [gh30x_fifo_evt_handler] enter
09-03 11:32:16.500 E/[GH_ROMAII_SENSOR_HOOK]( 8987): got gh30x fifo evt, func[RUN_MODE_SPO2_DET]
09-03 11:32:16.500 E/[GH_I2C_BUS]( 8987): gh_dev_get_acc_buffer len 40 ret 0
09-03 11:32:16.500 E/[GH_ROMAII_SENSOR_HOOK]( 8987): gsensor_drv_get_fifo_data len 40 
09-03 11:32:16.500 E/[GH_ROMAII_SENSOR_HOOK]( 8987): [gh30x_fifo_evt_spo2_mode_calc] enter
09-03 11:32:16.520 D/WCND    (  217): is_cp2_alive_ok: open polling interface: /proc/mdbg/loopcheck, fd = 17
09-03 11:32:16.520 E/[GH_ROMAII_SENSOR_HOOK]( 8987): [handle_spo2_mode_result] enter
09-03 11:32:16.520 E/[GH_ROMAII_SENSOR_HOOK]( 8987): GH_3011 spo2_result : 0 , lvl 70 , hb 0, lvl0 , wearing 1
09-03 11:32:16.540 E/[GH_I2C_BUS]( 8987): gh_dev_report_key 1, weared 1 ,ppg 0 ,spo2 0 ,ret 0
09-03 11:32:16.540 E/[GH_ROMAII_SENSOR_HOOK]( 8987): [handle_spo2_mode_result] exit
09-03 11:32:16.540 E/[GH_ROMAII_SENSOR_HOOK]( 8987): spo2 calc, gs_len=40, result=0,70,0,0,810,0,0,0,40,1,0,1
09-03 11:32:16.540 E/[GH_ROMAII_SENSOR_HOOK]( 8987): [gh30x_fifo_evt_spo2_mode_calc] wearing_state:1
09-03 11:32:16.540 E/[GH_ROMAII_SENSOR_HOOK]( 8987): [gh30x_fifo_evt_spo2_mode_calc] not unwear state
09-03 11:32:16.540 E/[GH_ROMAII_SENSOR_HOOK]( 8987): [gh30x_fifo_evt_spo2_mode_calc] exit
09-03 11:32:16.540 E/[GH_ROMAII_SENSOR_HOOK]( 8987): [gh30x_fifo_evt_handler] exit
09-03 11:32:16.540 E/[GH_ROMAII_SENSOR_HOOK]( 8987): [gh30x_int_msg_handler] exit
09-03 11:32:16.540 E/[GH_I2C_BUS]( 8987): start gh_dev_wait_irq
09-03 11:32:16.620 D/WCND    (  217): is_cp2_alive_ok: loop: /proc/mdbg/loopcheck is OK
09-03 11:32:16.760 W/WindowManager(  647): Focused window stay null too long, have a update!
09-03 11:32:16.760 V/WindowManager(  647): Looking for focus: 1 = Window{41b914a8 u0 KeyguardScrim} = null, flags=1116416, canReceive=false mViewVisibility=8 mHasSurface=false
09-03 11:32:16.760 V/WindowManager(  647): Looking for focus: 0 = Window{4191a5c0 u0 com.android.systemui.ImageWallpaper} = null, flags=792, canReceive=false mViewVisibility=0 mHasSurface=true
09-03 11:32:16.760 V/WindowManager(  647): findFocusedWindow: No focusable windows.
09-03 11:32:17.000 D/Settings(  647): newValuesVersion = 2
09-03 11:32:17.000 D/Settings(  647): mValues.get(name) = null
09-03 11:32:17.000 D/Settings(  647): newValuesVersion = 2
09-03 11:32:17.000 D/Settings(  647): mValues.get(name) = null
09-03 11:32:17.000 D/DeviceStorageMonitorService(  647): freeMem = 1477275648 lastFreeMem = 1477238784
09-03 11:32:17.390 V/Watchdog(  647): **** -1-Watchdog SCHEDULE CHECK HANDLER! ****
09-03 11:32:17.390 V/Watchdog(  647): **** -0- POST CHECHER! foreground thread ****
09-03 11:32:17.390 V/Watchdog(  647): **** -0- NO MONITOR & ISIDLING (main thread) ****
09-03 11:32:17.390 V/Watchdog(  647): **** -0- NO MONITOR & ISIDLING (ui thread) ****
09-03 11:32:17.390 V/Watchdog(  647): **** -0- NO MONITOR & ISIDLING (i/o thread) ****
09-03 11:32:17.390 V/Watchdog(  647): **** -0- NO MONITOR & ISIDLING (ActivityManager) ****
09-03 11:32:17.390 V/Watchdog(  647): **** -0- NO MONITOR & ISIDLING (PackageManager) ****
09-03 11:32:17.390 V/Watchdog(  647): **** -0- NO MONITOR & ISIDLING (PowerManagerService) ****
09-03 11:32:17.390 V/Watchdog(  647): **** -1- CHECK MONITORS BEGIN (foreground thread)! ****
09-03 11:32:17.390 V/Watchdog(  647): **** -0- NO MONITOR & ISIDLING (WindowManager thread) ****
09-03 11:32:17.390 V/Watchdog(  647): **** -2- CHECK MONITORS FINISHED (foreground thread)! ****
09-03 11:32:17.390 V/Watchdog(  647): **** -3- SYNC Watchdog.THIS FINISHED (foreground thread)! ****
09-03 11:32:17.500 E/[GH_I2C_BUS]( 8987): GH end gh_dev_wait_irq 0
09-03 11:32:17.500 E/[GH_ROMAII_SENSOR_HOOK]( 8987): [gh30x_int_msg_handler] enter
09-03 11:32:17.500 E/[GH_ROMAII_SENSOR_HOOK]( 8987): [gh30x_int_msg_handler] gh30x_irq_status:2， type:INT_STATUS_FIFO_WATERMARK
09-03 11:32:17.500 E/[GH_ROMAII_SENSOR_HOOK]( 8987): [gh30x_int_msg_handler] gh30x_adt_working_flag:0
09-03 11:32:17.500 E/[GH_ROMAII_SENSOR_HOOK]( 8987): [gh30x_fifo_evt_handler] enter
09-03 11:32:17.500 E/[GH_ROMAII_SENSOR_HOOK]( 8987): got gh30x fifo evt, func[RUN_MODE_SPO2_DET]
09-03 11:32:17.500 E/[GH_I2C_BUS]( 8987): gh_dev_get_acc_buffer len 40 ret 0
09-03 11:32:17.500 E/[GH_ROMAII_SENSOR_HOOK]( 8987): gsensor_drv_get_fifo_data len 40 
09-03 11:32:17.500 E/[GH_ROMAII_SENSOR_HOOK]( 8987): [gh30x_fifo_evt_spo2_mode_calc] enter
09-03 11:32:17.530 E/[GH_ROMAII_SENSOR_HOOK]( 8987): [handle_spo2_mode_result] enter
09-03 11:32:17.530 E/[GH_ROMAII_SENSOR_HOOK]( 8987): GH_3011 spo2_result : 0 , lvl 82 , hb 0, lvl0 , wearing 1
09-03 11:32:17.540 E/[GH_I2C_BUS]( 8987): gh_dev_report_key 1, weared 1 ,ppg 0 ,spo2 0 ,ret 0
09-03 11:32:17.540 E/[GH_ROMAII_SENSOR_HOOK]( 8987): [handle_spo2_mode_result] exit
09-03 11:32:17.540 E/[GH_ROMAII_SENSOR_HOOK]( 8987): spo2 calc, gs_len=40, result=0,82,0,0,280,0,0,0,40,1,0,1
09-03 11:32:17.540 E/[GH_ROMAII_SENSOR_HOOK]( 8987): [gh30x_fifo_evt_spo2_mode_calc] wearing_state:1
09-03 11:32:17.540 E/[GH_ROMAII_SENSOR_HOOK]( 8987): [gh30x_fifo_evt_spo2_mode_calc] not unwear state
09-03 11:32:17.540 E/[GH_ROMAII_SENSOR_HOOK]( 8987): [gh30x_fifo_evt_spo2_mode_calc] exit
09-03 11:32:17.540 E/[GH_ROMAII_SENSOR_HOOK]( 8987): [gh30x_fifo_evt_handler] exit
09-03 11:32:17.540 E/[GH_ROMAII_SENSOR_HOOK]( 8987): [gh30x_int_msg_handler] exit
09-03 11:32:17.540 E/[GH_I2C_BUS]( 8987): start gh_dev_wait_irq
09-03 11:32:17.640 D/LIBGPS  (  647): watchdog_open PowerState:GE2 CP IDLED readcount:800789
09-03 11:32:17.640 D/LIBGPS  (  647): libgps monitor, idltime =180 second
09-03 11:32:17.640 D/LIBGPS  (  647): pid =647, ppid =231,tid =1026
09-03 11:32:17.640 D/LIBGPS  (  647): pid =647, ppid =231,tid =1026
09-03 11:32:17.640 D/LIBGPS  (  647): gps_sendHeartTest HeartCount =1
09-03 11:32:17.640 D/LIBGPS  (  647): &&& GPS_HeartCountRsp  HeartCount 0 pid =647,ppid =231
09-03 11:32:17.660 E/LIBGPS  (  647): read socet_client error: Try again
09-03 11:32:18.510 E/[GH_I2C_BUS]( 8987): GH end gh_dev_wait_irq 0
09-03 11:32:18.510 E/[GH_ROMAII_SENSOR_HOOK]( 8987): [gh30x_int_msg_handler] enter
09-03 11:32:18.510 E/[GH_ROMAII_SENSOR_HOOK]( 8987): [gh30x_int_msg_handler] gh30x_irq_status:2， type:INT_STATUS_FIFO_WATERMARK
09-03 11:32:18.510 E/[GH_ROMAII_SENSOR_HOOK]( 8987): [gh30x_int_msg_handler] gh30x_adt_working_flag:0
09-03 11:32:18.510 E/[GH_ROMAII_SENSOR_HOOK]( 8987): [gh30x_fifo_evt_handler] enter
09-03 11:32:18.510 E/[GH_ROMAII_SENSOR_HOOK]( 8987): got gh30x fifo evt, func[RUN_MODE_SPO2_DET]
09-03 11:32:18.510 E/[GH_I2C_BUS]( 8987): gh_dev_get_acc_buffer len 40 ret 0
09-03 11:32:18.510 E/[GH_ROMAII_SENSOR_HOOK]( 8987): gsensor_drv_get_fifo_data len 40 
09-03 11:32:18.510 E/[GH_ROMAII_SENSOR_HOOK]( 8987): [gh30x_fifo_evt_spo2_mode_calc] enter
09-03 11:32:18.530 E/[GH_ROMAII_SENSOR_HOOK]( 8987): [handle_spo2_mode_result] enter
09-03 11:32:18.530 E/[GH_ROMAII_SENSOR_HOOK]( 8987): GH_3011 spo2_result : 0 , lvl 48 , hb 0, lvl0 , wearing 1
09-03 11:32:18.550 E/[GH_I2C_BUS]( 8987): gh_dev_report_key 1, weared 1 ,ppg 0 ,spo2 0 ,ret 0
09-03 11:32:18.550 E/[GH_ROMAII_SENSOR_HOOK]( 8987): [handle_spo2_mode_result] exit
09-03 11:32:18.550 E/[GH_ROMAII_SENSOR_HOOK]( 8987): spo2 calc, gs_len=40, result=0,48,0,0,860,0,0,0,40,1,0,1
09-03 11:32:18.550 E/[GH_ROMAII_SENSOR_HOOK]( 8987): [gh30x_fifo_evt_spo2_mode_calc] wearing_state:1
09-03 11:32:18.550 E/[GH_ROMAII_SENSOR_HOOK]( 8987): [gh30x_fifo_evt_spo2_mode_calc] not unwear state
09-03 11:32:18.550 E/[GH_ROMAII_SENSOR_HOOK]( 8987): [gh30x_fifo_evt_spo2_mode_calc] exit
09-03 11:32:18.550 E/[GH_ROMAII_SENSOR_HOOK]( 8987): [gh30x_fifo_evt_handler] exit
09-03 11:32:18.550 E/[GH_ROMAII_SENSOR_HOOK]( 8987): [gh30x_int_msg_handler] exit
09-03 11:32:18.550 E/[GH_I2C_BUS]( 8987): start gh_dev_wait_irq
09-03 11:32:19.510 E/[GH_I2C_BUS]( 8987): GH end gh_dev_wait_irq 0
09-03 11:32:19.510 E/[GH_ROMAII_SENSOR_HOOK]( 8987): [gh30x_int_msg_handler] enter
09-03 11:32:19.510 E/[GH_ROMAII_SENSOR_HOOK]( 8987): [gh30x_int_msg_handler] gh30x_irq_status:2， type:INT_STATUS_FIFO_WATERMARK
09-03 11:32:19.510 E/[GH_ROMAII_SENSOR_HOOK]( 8987): [gh30x_int_msg_handler] gh30x_adt_working_flag:0
09-03 11:32:19.510 E/[GH_ROMAII_SENSOR_HOOK]( 8987): [gh30x_fifo_evt_handler] enter
09-03 11:32:19.510 E/[GH_ROMAII_SENSOR_HOOK]( 8987): got gh30x fifo evt, func[RUN_MODE_SPO2_DET]
09-03 11:32:19.510 E/[GH_I2C_BUS]( 8987): gh_dev_get_acc_buffer len 40 ret 0
09-03 11:32:19.510 E/[GH_ROMAII_SENSOR_HOOK]( 8987): gsensor_drv_get_fifo_data len 40 
09-03 11:32:19.510 E/[GH_ROMAII_SENSOR_HOOK]( 8987): [gh30x_fifo_evt_spo2_mode_calc] enter
09-03 11:32:19.530 E/[GH_ROMAII_SENSOR_HOOK]( 8987): [handle_spo2_mode_result] enter
09-03 11:32:19.530 E/[GH_ROMAII_SENSOR_HOOK]( 8987): GH_3011 spo2_result : 0 , lvl 57 , hb 0, lvl0 , wearing 1
09-03 11:32:19.550 E/[GH_I2C_BUS]( 8987): gh_dev_report_key 1, weared 1 ,ppg 0 ,spo2 0 ,ret 0
09-03 11:32:19.550 E/[GH_ROMAII_SENSOR_HOOK]( 8987): [handle_spo2_mode_result] exit
09-03 11:32:19.550 E/[GH_ROMAII_SENSOR_HOOK]( 8987): spo2 calc, gs_len=40, result=0,57,0,0,830,0,0,0,40,1,0,1
09-03 11:32:19.550 E/[GH_ROMAII_SENSOR_HOOK]( 8987): [gh30x_fifo_evt_spo2_mode_calc] wearing_state:1
09-03 11:32:19.550 E/[GH_ROMAII_SENSOR_HOOK]( 8987): [gh30x_fifo_evt_spo2_mode_calc] not unwear state
09-03 11:32:19.550 E/[GH_ROMAII_SENSOR_HOOK]( 8987): [gh30x_fifo_evt_spo2_mode_calc] exit
09-03 11:32:19.550 E/[GH_ROMAII_SENSOR_HOOK]( 8987): [gh30x_fifo_evt_handler] exit
09-03 11:32:19.550 E/[GH_ROMAII_SENSOR_HOOK]( 8987): [gh30x_int_msg_handler] exit
09-03 11:32:19.550 E/[GH_I2C_BUS]( 8987): start gh_dev_wait_irq
09-03 11:32:19.640 D/LIBGPS  (  647): watchdog_open PowerState:GE2 CP IDLED readcount:800790
09-03 11:32:19.640 D/LIBGPS  (  647): libgps monitor, idltime =182 second
09-03 11:32:19.640 D/LIBGPS  (  647): pid =647, ppid =231,tid =1026
09-03 11:32:19.640 D/LIBGPS  (  647): pid =647, ppid =231,tid =1026
09-03 11:32:19.640 D/LIBGPS  (  647): gps_sendHeartTest HeartCount =1
09-03 11:32:19.640 D/LIBGPS  (  647): &&& GPS_HeartCountRsp  HeartCount 0 pid =647,ppid =231
09-03 11:32:19.760 W/WindowManager(  647): Focused window stay null too long, have a update!
09-03 11:32:19.760 V/WindowManager(  647): Looking for focus: 1 = Window{41b914a8 u0 KeyguardScrim} = null, flags=1116416, canReceive=false mViewVisibility=8 mHasSurface=false
09-03 11:32:19.760 V/WindowManager(  647): Looking for focus: 0 = Window{4191a5c0 u0 com.android.systemui.ImageWallpaper} = null, flags=792, canReceive=false mViewVisibility=0 mHasSurface=true
09-03 11:32:19.760 V/WindowManager(  647): findFocusedWindow: No focusable windows.
09-03 11:32:20.510 E/[GH_I2C_BUS]( 8987): GH end gh_dev_wait_irq 0
09-03 11:32:20.510 E/[GH_ROMAII_SENSOR_HOOK]( 8987): [gh30x_int_msg_handler] enter
09-03 11:32:20.510 E/[GH_ROMAII_SENSOR_HOOK]( 8987): [gh30x_int_msg_handler] gh30x_irq_status:2， type:INT_STATUS_FIFO_WATERMARK
09-03 11:32:20.510 E/[GH_ROMAII_SENSOR_HOOK]( 8987): [gh30x_int_msg_handler] gh30x_adt_working_flag:0
09-03 11:32:20.510 E/[GH_ROMAII_SENSOR_HOOK]( 8987): [gh30x_fifo_evt_handler] enter
09-03 11:32:20.510 E/[GH_ROMAII_SENSOR_HOOK]( 8987): got gh30x fifo evt, func[RUN_MODE_SPO2_DET]
09-03 11:32:20.510 E/[GH_I2C_BUS]( 8987): gh_dev_get_acc_buffer len 40 ret 0
09-03 11:32:20.510 E/[GH_ROMAII_SENSOR_HOOK]( 8987): gsensor_drv_get_fifo_data len 40 
09-03 11:32:20.510 E/[GH_ROMAII_SENSOR_HOOK]( 8987): [gh30x_fifo_evt_spo2_mode_calc] enter
09-03 11:32:20.540 E/[GH_ROMAII_SENSOR_HOOK]( 8987): [handle_spo2_mode_result] enter
09-03 11:32:20.540 E/[GH_ROMAII_SENSOR_HOOK]( 8987): GH_3011 spo2_result : 0 , lvl 66 , hb 0, lvl0 , wearing 1
09-03 11:32:20.550 E/[GH_I2C_BUS]( 8987): gh_dev_report_key 1, weared 1 ,ppg 0 ,spo2 0 ,ret 0
09-03 11:32:20.550 E/[GH_ROMAII_SENSOR_HOOK]( 8987): [handle_spo2_mode_result] exit
09-03 11:32:20.550 E/[GH_ROMAII_SENSOR_HOOK]( 8987): spo2 calc, gs_len=40, result=0,66,0,0,1230,0,0,0,40,1,0,1
09-03 11:32:20.550 E/[GH_ROMAII_SENSOR_HOOK]( 8987): [gh30x_fifo_evt_spo2_mode_calc] wearing_state:1
09-03 11:32:20.550 E/[GH_ROMAII_SENSOR_HOOK]( 8987): [gh30x_fifo_evt_spo2_mode_calc] not unwear state
09-03 11:32:20.550 E/[GH_ROMAII_SENSOR_HOOK]( 8987): [gh30x_fifo_evt_spo2_mode_calc] exit
09-03 11:32:20.550 E/[GH_ROMAII_SENSOR_HOOK]( 8987): [gh30x_fifo_evt_handler] exit
09-03 11:32:20.550 E/[GH_ROMAII_SENSOR_HOOK]( 8987): [gh30x_int_msg_handler] exit
09-03 11:32:20.550 E/[GH_I2C_BUS]( 8987): start gh_dev_wait_irq
09-03 11:32:21.520 E/[GH_I2C_BUS]( 8987): GH end gh_dev_wait_irq 0
09-03 11:32:21.520 E/[GH_ROMAII_SENSOR_HOOK]( 8987): [gh30x_int_msg_handler] enter
09-03 11:32:21.520 E/[GH_ROMAII_SENSOR_HOOK]( 8987): [gh30x_int_msg_handler] gh30x_irq_status:2， type:INT_STATUS_FIFO_WATERMARK
09-03 11:32:21.520 E/[GH_ROMAII_SENSOR_HOOK]( 8987): [gh30x_int_msg_handler] gh30x_adt_working_flag:0
09-03 11:32:21.520 E/[GH_ROMAII_SENSOR_HOOK]( 8987): [gh30x_fifo_evt_handler] enter
09-03 11:32:21.520 E/[GH_ROMAII_SENSOR_HOOK]( 8987): got gh30x fifo evt, func[RUN_MODE_SPO2_DET]
09-03 11:32:21.520 E/[GH_I2C_BUS]( 8987): gh_dev_get_acc_buffer len 40 ret 0
09-03 11:32:21.520 E/[GH_ROMAII_SENSOR_HOOK]( 8987): gsensor_drv_get_fifo_data len 40 
09-03 11:32:21.520 E/[GH_ROMAII_SENSOR_HOOK]( 8987): [gh30x_fifo_evt_spo2_mode_calc] enter
09-03 11:32:21.540 E/[GH_ROMAII_SENSOR_HOOK]( 8987): [handle_spo2_mode_result] enter
09-03 11:32:21.540 E/[GH_ROMAII_SENSOR_HOOK]( 8987): GH_3011 spo2_result : 0 , lvl 66 , hb 0, lvl0 , wearing 1
09-03 11:32:21.560 E/[GH_I2C_BUS]( 8987): gh_dev_report_key 1, weared 1 ,ppg 0 ,spo2 0 ,ret 0
09-03 11:32:21.560 E/[GH_ROMAII_SENSOR_HOOK]( 8987): [handle_spo2_mode_result] exit
09-03 11:32:21.560 E/[GH_ROMAII_SENSOR_HOOK]( 8987): spo2 calc, gs_len=40, result=0,66,0,0,930,490,0,0,40,2,0,1
09-03 11:32:21.560 E/[GH_ROMAII_SENSOR_HOOK]( 8987): [gh30x_fifo_evt_spo2_mode_calc] wearing_state:1
09-03 11:32:21.560 E/[GH_ROMAII_SENSOR_HOOK]( 8987): [gh30x_fifo_evt_spo2_mode_calc] not unwear state
09-03 11:32:21.560 E/[GH_ROMAII_SENSOR_HOOK]( 8987): [gh30x_fifo_evt_spo2_mode_calc] exit
09-03 11:32:21.560 E/[GH_ROMAII_SENSOR_HOOK]( 8987): [gh30x_fifo_evt_handler] exit
09-03 11:32:21.560 E/[GH_ROMAII_SENSOR_HOOK]( 8987): [gh30x_int_msg_handler] exit
09-03 11:32:21.560 E/[GH_I2C_BUS]( 8987): start gh_dev_wait_irq
09-03 11:32:21.620 D/WCND    (  217): is_cp2_alive_ok: open polling interface: /proc/mdbg/loopcheck, fd = 17
09-03 11:32:21.640 D/LIBGPS  (  647): watchdog_open PowerState:GE2 CP IDLED readcount:800791
09-03 11:32:21.640 D/LIBGPS  (  647): libgps monitor, idltime =184 second
09-03 11:32:21.640 D/LIBGPS  (  647): pid =647, ppid =231,tid =1026
09-03 11:32:21.640 D/LIBGPS  (  647): pid =647, ppid =231,tid =1026
09-03 11:32:21.640 D/LIBGPS  (  647): gps_sendHeartTest HeartCount =1
09-03 11:32:21.640 D/LIBGPS  (  647): &&& GPS_HeartCountRsp  HeartCount 0 pid =647,ppid =231
09-03 11:32:21.720 D/WCND    (  217): is_cp2_alive_ok: loop: /proc/mdbg/loopcheck is OK
09-03 11:32:22.520 E/[GH_I2C_BUS]( 8987): GH end gh_dev_wait_irq 0
09-03 11:32:22.520 E/[GH_ROMAII_SENSOR_HOOK]( 8987): [gh30x_int_msg_handler] enter
09-03 11:32:22.520 E/[GH_ROMAII_SENSOR_HOOK]( 8987): [gh30x_int_msg_handler] gh30x_irq_status:2， type:INT_STATUS_FIFO_WATERMARK
09-03 11:32:22.520 E/[GH_ROMAII_SENSOR_HOOK]( 8987): [gh30x_int_msg_handler] gh30x_adt_working_flag:0
09-03 11:32:22.520 E/[GH_ROMAII_SENSOR_HOOK]( 8987): [gh30x_fifo_evt_handler] enter
09-03 11:32:22.520 E/[GH_ROMAII_SENSOR_HOOK]( 8987): got gh30x fifo evt, func[RUN_MODE_SPO2_DET]
09-03 11:32:22.520 E/[GH_I2C_BUS]( 8987): gh_dev_get_acc_buffer len 40 ret 0
09-03 11:32:22.520 E/[GH_ROMAII_SENSOR_HOOK]( 8987): gsensor_drv_get_fifo_data len 40 
09-03 11:32:22.520 E/[GH_ROMAII_SENSOR_HOOK]( 8987): [gh30x_fifo_evt_spo2_mode_calc] enter
09-03 11:32:22.540 E/[GH_ROMAII_SENSOR_HOOK]( 8987): [handle_spo2_mode_result] enter
09-03 11:32:22.540 E/[GH_ROMAII_SENSOR_HOOK]( 8987): GH_3011 spo2_result : 0 , lvl 67 , hb 0, lvl0 , wearing 1
09-03 11:32:22.570 E/[GH_I2C_BUS]( 8987): gh_dev_report_key 1, weared 1 ,ppg 0 ,spo2 0 ,ret 0
09-03 11:32:22.570 E/[GH_ROMAII_SENSOR_HOOK]( 8987): [handle_spo2_mode_result] exit
09-03 11:32:22.570 E/[GH_ROMAII_SENSOR_HOOK]( 8987): spo2 calc, gs_len=40, result=0,67,0,0,400,1290,0,0,40,2,0,1
09-03 11:32:22.570 E/[GH_ROMAII_SENSOR_HOOK]( 8987): [gh30x_fifo_evt_spo2_mode_calc] wearing_state:1
09-03 11:32:22.570 E/[GH_ROMAII_SENSOR_HOOK]( 8987): [gh30x_fifo_evt_spo2_mode_calc] not unwear state
09-03 11:32:22.570 E/[GH_ROMAII_SENSOR_HOOK]( 8987): [gh30x_fifo_evt_spo2_mode_calc] exit
09-03 11:32:22.570 E/[GH_ROMAII_SENSOR_HOOK]( 8987): [gh30x_fifo_evt_handler] exit
09-03 11:32:22.570 E/[GH_ROMAII_SENSOR_HOOK]( 8987): [gh30x_int_msg_handler] exit
09-03 11:32:22.570 E/[GH_I2C_BUS]( 8987): start gh_dev_wait_irq
09-03 11:32:22.660 E/LIBGPS  (  647): read socet_client error: Try again
09-03 11:32:22.770 W/WindowManager(  647): Focused window stay null too long, have a update!
09-03 11:32:22.770 V/WindowManager(  647): Looking for focus: 1 = Window{41b914a8 u0 KeyguardScrim} = null, flags=1116416, canReceive=false mViewVisibility=8 mHasSurface=false
09-03 11:32:22.770 V/WindowManager(  647): Looking for focus: 0 = Window{4191a5c0 u0 com.android.systemui.ImageWallpaper} = null, flags=792, canReceive=false mViewVisibility=0 mHasSurface=true
09-03 11:32:22.770 V/WindowManager(  647): findFocusedWindow: No focusable windows.
09-03 11:32:23.520 E/[GH_I2C_BUS]( 8987): GH end gh_dev_wait_irq 0
09-03 11:32:23.520 E/[GH_ROMAII_SENSOR_HOOK]( 8987): [gh30x_int_msg_handler] enter
09-03 11:32:23.520 E/[GH_ROMAII_SENSOR_HOOK]( 8987): [gh30x_int_msg_handler] gh30x_irq_status:2， type:INT_STATUS_FIFO_WATERMARK
09-03 11:32:23.520 E/[GH_ROMAII_SENSOR_HOOK]( 8987): [gh30x_int_msg_handler] gh30x_adt_working_flag:0
09-03 11:32:23.520 E/[GH_ROMAII_SENSOR_HOOK]( 8987): [gh30x_fifo_evt_handler] enter
09-03 11:32:23.520 E/[GH_ROMAII_SENSOR_HOOK]( 8987): got gh30x fifo evt, func[RUN_MODE_SPO2_DET]
09-03 11:32:23.520 E/[GH_I2C_BUS]( 8987): gh_dev_get_acc_buffer len 40 ret 0
09-03 11:32:23.520 E/[GH_ROMAII_SENSOR_HOOK]( 8987): gsensor_drv_get_fifo_data len 40 
09-03 11:32:23.530 E/[GH_ROMAII_SENSOR_HOOK]( 8987): [gh30x_fifo_evt_spo2_mode_calc] enter
09-03 11:32:23.550 E/[GH_ROMAII_SENSOR_HOOK]( 8987): [handle_spo2_mode_result] enter
09-03 11:32:23.550 E/[GH_ROMAII_SENSOR_HOOK]( 8987): GH_3011 spo2_result : 0 , lvl 61 , hb 0, lvl0 , wearing 1
09-03 11:32:23.560 E/[GH_I2C_BUS]( 8987): gh_dev_report_key 1, weared 1 ,ppg 0 ,spo2 0 ,ret 0
09-03 11:32:23.560 E/[GH_ROMAII_SENSOR_HOOK]( 8987): [handle_spo2_mode_result] exit
09-03 11:32:23.560 E/[GH_ROMAII_SENSOR_HOOK]( 8987): spo2 calc, gs_len=40, result=0,61,0,0,400,1290,0,0,40,2,0,1
09-03 11:32:23.560 E/[GH_ROMAII_SENSOR_HOOK]( 8987): [gh30x_fifo_evt_spo2_mode_calc] wearing_state:1
09-03 11:32:23.560 E/[GH_ROMAII_SENSOR_HOOK]( 8987): [gh30x_fifo_evt_spo2_mode_calc] not unwear state
09-03 11:32:23.560 E/[GH_ROMAII_SENSOR_HOOK]( 8987): [gh30x_fifo_evt_spo2_mode_calc] exit
09-03 11:32:23.560 E/[GH_ROMAII_SENSOR_HOOK]( 8987): [gh30x_fifo_evt_handler] exit
09-03 11:32:23.560 E/[GH_ROMAII_SENSOR_HOOK]( 8987): [gh30x_int_msg_handler] exit
09-03 11:32:23.560 E/[GH_I2C_BUS]( 8987): start gh_dev_wait_irq
09-03 11:32:23.640 D/LIBGPS  (  647): watchdog_open PowerState:GE2 CP IDLED readcount:800792
09-03 11:32:23.640 D/LIBGPS  (  647): libgps monitor, idltime =186 second
09-03 11:32:23.640 D/LIBGPS  (  647): pid =647, ppid =231,tid =1026
09-03 11:32:23.640 D/LIBGPS  (  647): pid =647, ppid =231,tid =1026
09-03 11:32:23.640 D/LIBGPS  (  647): gps_sendHeartTest HeartCount =1
09-03 11:32:23.640 D/LIBGPS  (  647): &&& GPS_HeartCountRsp  HeartCount 0 pid =647,ppid =231
09-03 11:32:24.530 E/[GH_I2C_BUS]( 8987): GH end gh_dev_wait_irq 0
09-03 11:32:24.530 E/[GH_ROMAII_SENSOR_HOOK]( 8987): [gh30x_int_msg_handler] enter
09-03 11:32:24.530 E/[GH_ROMAII_SENSOR_HOOK]( 8987): [gh30x_int_msg_handler] gh30x_irq_status:2， type:INT_STATUS_FIFO_WATERMARK
09-03 11:32:24.530 E/[GH_ROMAII_SENSOR_HOOK]( 8987): [gh30x_int_msg_handler] gh30x_adt_working_flag:0
09-03 11:32:24.530 E/[GH_ROMAII_SENSOR_HOOK]( 8987): [gh30x_fifo_evt_handler] enter
09-03 11:32:24.530 E/[GH_ROMAII_SENSOR_HOOK]( 8987): got gh30x fifo evt, func[RUN_MODE_SPO2_DET]
09-03 11:32:24.530 E/[GH_I2C_BUS]( 8987): gh_dev_get_acc_buffer len 40 ret 0
09-03 11:32:24.530 E/[GH_ROMAII_SENSOR_HOOK]( 8987): gsensor_drv_get_fifo_data len 40 
09-03 11:32:24.530 E/[GH_ROMAII_SENSOR_HOOK]( 8987): [gh30x_fifo_evt_spo2_mode_calc] enter
09-03 11:32:24.550 E/[GH_ROMAII_SENSOR_HOOK]( 8987): [handle_spo2_mode_result] enter
09-03 11:32:24.550 E/[GH_ROMAII_SENSOR_HOOK]( 8987): GH_3011 spo2_result : 0 , lvl 61 , hb 0, lvl0 , wearing 1
09-03 11:32:24.550 E/[GH_I2C_BUS]( 8987): gh_dev_report_key 1, weared 1 ,ppg 0 ,spo2 0 ,ret 0
09-03 11:32:24.550 E/[GH_ROMAII_SENSOR_HOOK]( 8987): [handle_spo2_mode_result] exit
09-03 11:32:24.550 E/[GH_ROMAII_SENSOR_HOOK]( 8987): spo2 calc, gs_len=40, result=0,61,0,0,400,1290,0,0,40,2,0,1
09-03 11:32:24.550 E/[GH_ROMAII_SENSOR_HOOK]( 8987): [gh30x_fifo_evt_spo2_mode_calc] wearing_state:1
09-03 11:32:24.550 E/[GH_ROMAII_SENSOR_HOOK]( 8987): [gh30x_fifo_evt_spo2_mode_calc] not unwear state
09-03 11:32:24.550 E/[GH_ROMAII_SENSOR_HOOK]( 8987): [gh30x_fifo_evt_spo2_mode_calc] exit
09-03 11:32:24.550 E/[GH_ROMAII_SENSOR_HOOK]( 8987): [gh30x_fifo_evt_handler] exit
09-03 11:32:24.550 E/[GH_ROMAII_SENSOR_HOOK]( 8987): [gh30x_int_msg_handler] exit
09-03 11:32:24.550 E/[GH_I2C_BUS]( 8987): start gh_dev_wait_irq
09-03 11:32:25.530 E/[GH_I2C_BUS]( 8987): GH end gh_dev_wait_irq 0
09-03 11:32:25.530 E/[GH_ROMAII_SENSOR_HOOK]( 8987): [gh30x_int_msg_handler] enter
09-03 11:32:25.530 E/[GH_ROMAII_SENSOR_HOOK]( 8987): [gh30x_int_msg_handler] gh30x_irq_status:2， type:INT_STATUS_FIFO_WATERMARK
09-03 11:32:25.530 E/[GH_ROMAII_SENSOR_HOOK]( 8987): [gh30x_int_msg_handler] gh30x_adt_working_flag:0
09-03 11:32:25.530 E/[GH_ROMAII_SENSOR_HOOK]( 8987): [gh30x_fifo_evt_handler] enter
09-03 11:32:25.530 E/[GH_ROMAII_SENSOR_HOOK]( 8987): got gh30x fifo evt, func[RUN_MODE_SPO2_DET]
09-03 11:32:25.530 E/[GH_I2C_BUS]( 8987): gh_dev_get_acc_buffer len 39 ret 0
09-03 11:32:25.530 E/[GH_ROMAII_SENSOR_HOOK]( 8987): gsensor_drv_get_fifo_data len 39 
09-03 11:32:25.530 E/[GH_ROMAII_SENSOR_HOOK]( 8987): [gh30x_fifo_evt_spo2_mode_calc] enter
09-03 11:32:25.550 E/[GH_ROMAII_SENSOR_HOOK]( 8987): [handle_spo2_mode_result] enter
09-03 11:32:25.550 E/[GH_ROMAII_SENSOR_HOOK]( 8987): GH_3011 spo2_result : 0 , lvl 66 , hb 55, lvl0 , wearing 1
09-03 11:32:25.560 E/[GH_I2C_BUS]( 8987): gh_dev_report_key 1, weared 1 ,ppg 55 ,spo2 0 ,ret 0
09-03 11:32:25.560 E/[GH_ROMAII_SENSOR_HOOK]( 8987): [handle_spo2_mode_result] exit
09-03 11:32:25.560 E/[GH_ROMAII_SENSOR_HOOK]( 8987): spo2 calc, gs_len=39, result=0,66,55,0,400,1290,0,0,40,2,0,1
09-03 11:32:25.570 E/[GH_ROMAII_SENSOR_HOOK]( 8987): [gh30x_fifo_evt_spo2_mode_calc] wearing_state:1
09-03 11:32:25.570 E/[GH_ROMAII_SENSOR_HOOK]( 8987): [gh30x_fifo_evt_spo2_mode_calc] not unwear state
09-03 11:32:25.570 E/[GH_ROMAII_SENSOR_HOOK]( 8987): [gh30x_fifo_evt_spo2_mode_calc] exit
09-03 11:32:25.570 E/[GH_ROMAII_SENSOR_HOOK]( 8987): [gh30x_fifo_evt_handler] exit
09-03 11:32:25.570 E/[GH_ROMAII_SENSOR_HOOK]( 8987): [gh30x_int_msg_handler] exit
09-03 11:32:25.570 E/[GH_I2C_BUS]( 8987): start gh_dev_wait_irq
09-03 11:32:25.640 D/LIBGPS  (  647): watchdog_open PowerState:GE2 CP IDLED readcount:800793
09-03 11:32:25.640 D/LIBGPS  (  647): libgps monitor, idltime =188 second
09-03 11:32:25.640 D/LIBGPS  (  647): pid =647, ppid =231,tid =1026
09-03 11:32:25.640 D/LIBGPS  (  647): pid =647, ppid =231,tid =1026
09-03 11:32:25.640 D/LIBGPS  (  647): gps_sendHeartTest HeartCount =1
09-03 11:32:25.640 D/LIBGPS  (  647): &&& GPS_HeartCountRsp  HeartCount 0 pid =647,ppid =231
09-03 11:32:25.770 W/WindowManager(  647): Focused window stay null too long, have a update!
09-03 11:32:25.770 V/WindowManager(  647): Looking for focus: 1 = Window{41b914a8 u0 KeyguardScrim} = null, flags=1116416, canReceive=false mViewVisibility=8 mHasSurface=false
09-03 11:32:25.770 V/WindowManager(  647): Looking for focus: 0 = Window{4191a5c0 u0 com.android.systemui.ImageWallpaper} = null, flags=792, canReceive=false mViewVisibility=0 mHasSurface=true
09-03 11:32:25.770 V/WindowManager(  647): findFocusedWindow: No focusable windows.
09-03 11:32:26.540 E/[GH_I2C_BUS]( 8987): GH end gh_dev_wait_irq 0
09-03 11:32:26.540 E/[GH_ROMAII_SENSOR_HOOK]( 8987): [gh30x_int_msg_handler] enter
09-03 11:32:26.540 E/[GH_ROMAII_SENSOR_HOOK]( 8987): [gh30x_int_msg_handler] gh30x_irq_status:2， type:INT_STATUS_FIFO_WATERMARK
09-03 11:32:26.540 E/[GH_ROMAII_SENSOR_HOOK]( 8987): [gh30x_int_msg_handler] gh30x_adt_working_flag:0
09-03 11:32:26.540 E/[GH_ROMAII_SENSOR_HOOK]( 8987): [gh30x_fifo_evt_handler] enter
09-03 11:32:26.540 E/[GH_ROMAII_SENSOR_HOOK]( 8987): got gh30x fifo evt, func[RUN_MODE_SPO2_DET]
09-03 11:32:26.540 E/[GH_I2C_BUS]( 8987): gh_dev_get_acc_buffer len 40 ret 0
09-03 11:32:26.540 E/[GH_ROMAII_SENSOR_HOOK]( 8987): gsensor_drv_get_fifo_data len 40 
09-03 11:32:26.540 E/[GH_ROMAII_SENSOR_HOOK]( 8987): [gh30x_fifo_evt_spo2_mode_calc] enter
09-03 11:32:26.560 E/[GH_ROMAII_SENSOR_HOOK]( 8987): [handle_spo2_mode_result] enter
09-03 11:32:26.560 E/[GH_ROMAII_SENSOR_HOOK]( 8987): GH_3011 spo2_result : 0 , lvl 66 , hb 56, lvl100 , wearing 1
09-03 11:32:26.580 E/[GH_I2C_BUS]( 8987): gh_dev_report_key 1, weared 1 ,ppg 56 ,spo2 0 ,ret 0
09-03 11:32:26.580 E/[GH_ROMAII_SENSOR_HOOK]( 8987): [handle_spo2_mode_result] exit
09-03 11:32:26.580 E/[GH_ROMAII_SENSOR_HOOK]( 8987): spo2 calc, gs_len=40, result=0,66,56,100,1160,0,0,0,40,1,0,1
09-03 11:32:26.580 E/[GH_ROMAII_SENSOR_HOOK]( 8987): [gh30x_fifo_evt_spo2_mode_calc] wearing_state:1
09-03 11:32:26.580 E/[GH_ROMAII_SENSOR_HOOK]( 8987): [gh30x_fifo_evt_spo2_mode_calc] not unwear state
09-03 11:32:26.580 E/[GH_ROMAII_SENSOR_HOOK]( 8987): [gh30x_fifo_evt_spo2_mode_calc] exit
09-03 11:32:26.580 E/[GH_ROMAII_SENSOR_HOOK]( 8987): [gh30x_fifo_evt_handler] exit
09-03 11:32:26.580 E/[GH_ROMAII_SENSOR_HOOK]( 8987): [gh30x_int_msg_handler] exit
09-03 11:32:26.580 E/[GH_I2C_BUS]( 8987): start gh_dev_wait_irq
09-03 11:32:26.730 D/WCND    (  217): is_cp2_alive_ok: open polling interface: /proc/mdbg/loopcheck, fd = 17
09-03 11:32:26.830 D/WCND    (  217): is_cp2_alive_ok: loop: /proc/mdbg/loopcheck is OK
09-03 11:32:27.540 E/[GH_I2C_BUS]( 8987): GH end gh_dev_wait_irq 0
09-03 11:32:27.540 E/[GH_ROMAII_SENSOR_HOOK]( 8987): [gh30x_int_msg_handler] enter
09-03 11:32:27.540 E/[GH_ROMAII_SENSOR_HOOK]( 8987): [gh30x_int_msg_handler] gh30x_irq_status:2， type:INT_STATUS_FIFO_WATERMARK
09-03 11:32:27.540 E/[GH_ROMAII_SENSOR_HOOK]( 8987): [gh30x_int_msg_handler] gh30x_adt_working_flag:0
09-03 11:32:27.540 E/[GH_ROMAII_SENSOR_HOOK]( 8987): [gh30x_fifo_evt_handler] enter
09-03 11:32:27.540 E/[GH_ROMAII_SENSOR_HOOK]( 8987): got gh30x fifo evt, func[RUN_MODE_SPO2_DET]
09-03 11:32:27.540 E/[GH_I2C_BUS]( 8987): gh_dev_get_acc_buffer len 40 ret 0
09-03 11:32:27.540 E/[GH_ROMAII_SENSOR_HOOK]( 8987): gsensor_drv_get_fifo_data len 40 
09-03 11:32:27.540 E/[GH_ROMAII_SENSOR_HOOK]( 8987): [gh30x_fifo_evt_spo2_mode_calc] enter
09-03 11:32:27.570 E/[GH_ROMAII_SENSOR_HOOK]( 8987): [handle_spo2_mode_result] enter
09-03 11:32:27.570 E/[GH_ROMAII_SENSOR_HOOK]( 8987): GH_3011 spo2_result : 0 , lvl 66 , hb 55, lvl100 , wearing 1
09-03 11:32:27.580 E/[GH_I2C_BUS]( 8987): gh_dev_report_key 1, weared 1 ,ppg 55 ,spo2 0 ,ret 0
09-03 11:32:27.580 E/[GH_ROMAII_SENSOR_HOOK]( 8987): [handle_spo2_mode_result] exit
09-03 11:32:27.580 E/[GH_ROMAII_SENSOR_HOOK]( 8987): spo2 calc, gs_len=40, result=0,66,55,100,1100,0,0,0,40,1,0,1
09-03 11:32:27.580 E/[GH_ROMAII_SENSOR_HOOK]( 8987): [gh30x_fifo_evt_spo2_mode_calc] wearing_state:1
09-03 11:32:27.580 E/[GH_ROMAII_SENSOR_HOOK]( 8987): [gh30x_fifo_evt_spo2_mode_calc] not unwear state
09-03 11:32:27.580 E/[GH_ROMAII_SENSOR_HOOK]( 8987): [gh30x_fifo_evt_spo2_mode_calc] exit
09-03 11:32:27.580 E/[GH_ROMAII_SENSOR_HOOK]( 8987): [gh30x_fifo_evt_handler] exit
09-03 11:32:27.580 E/[GH_ROMAII_SENSOR_HOOK]( 8987): [gh30x_int_msg_handler] exit
09-03 11:32:27.580 E/[GH_I2C_BUS]( 8987): start gh_dev_wait_irq
09-03 11:32:27.640 D/LIBGPS  (  647): watchdog_open PowerState:GE2 CP IDLED readcount:800794
09-03 11:32:27.640 D/LIBGPS  (  647): libgps monitor, idltime =190 second
09-03 11:32:27.640 D/LIBGPS  (  647): pid =647, ppid =231,tid =1026
09-03 11:32:27.640 D/LIBGPS  (  647): pid =647, ppid =231,tid =1026
09-03 11:32:27.640 D/LIBGPS  (  647): gps_sendHeartTest HeartCount =1
09-03 11:32:27.640 D/LIBGPS  (  647): &&& GPS_HeartCountRsp  HeartCount 0 pid =647,ppid =231
09-03 11:32:27.660 E/LIBGPS  (  647): read socet_client error: Try again
09-03 11:32:28.540 E/[GH_I2C_BUS]( 8987): GH end gh_dev_wait_irq 0
09-03 11:32:28.540 E/[GH_ROMAII_SENSOR_HOOK]( 8987): [gh30x_int_msg_handler] enter
09-03 11:32:28.540 E/[GH_ROMAII_SENSOR_HOOK]( 8987): [gh30x_int_msg_handler] gh30x_irq_status:2， type:INT_STATUS_FIFO_WATERMARK
09-03 11:32:28.540 E/[GH_ROMAII_SENSOR_HOOK]( 8987): [gh30x_int_msg_handler] gh30x_adt_working_flag:0
09-03 11:32:28.540 E/[GH_ROMAII_SENSOR_HOOK]( 8987): [gh30x_fifo_evt_handler] enter
09-03 11:32:28.540 E/[GH_ROMAII_SENSOR_HOOK]( 8987): got gh30x fifo evt, func[RUN_MODE_SPO2_DET]
09-03 11:32:28.540 E/[GH_I2C_BUS]( 8987): gh_dev_get_acc_buffer len 40 ret 0
09-03 11:32:28.540 E/[GH_ROMAII_SENSOR_HOOK]( 8987): gsensor_drv_get_fifo_data len 40 
09-03 11:32:28.540 E/[GH_ROMAII_SENSOR_HOOK]( 8987): [gh30x_fifo_evt_spo2_mode_calc] enter
09-03 11:32:28.570 E/[GH_ROMAII_SENSOR_HOOK]( 8987): [handle_spo2_mode_result] enter
09-03 11:32:28.570 E/[GH_ROMAII_SENSOR_HOOK]( 8987): GH_3011 spo2_result : 0 , lvl 66 , hb 55, lvl100 , wearing 1
09-03 11:32:28.590 E/[GH_I2C_BUS]( 8987): gh_dev_report_key 1, weared 1 ,ppg 55 ,spo2 0 ,ret 0
09-03 11:32:28.590 E/[GH_ROMAII_SENSOR_HOOK]( 8987): [handle_spo2_mode_result] exit
09-03 11:32:28.590 E/[GH_ROMAII_SENSOR_HOOK]( 8987): spo2 calc, gs_len=40, result=0,66,55,100,1010,0,0,0,100,1,0,1
09-03 11:32:28.590 E/[GH_ROMAII_SENSOR_HOOK]( 8987): [gh30x_fifo_evt_spo2_mode_calc] wearing_state:1
09-03 11:32:28.590 E/[GH_ROMAII_SENSOR_HOOK]( 8987): [gh30x_fifo_evt_spo2_mode_calc] not unwear state
09-03 11:32:28.590 E/[GH_ROMAII_SENSOR_HOOK]( 8987): [gh30x_fifo_evt_spo2_mode_calc] exit
09-03 11:32:28.590 E/[GH_ROMAII_SENSOR_HOOK]( 8987): [gh30x_fifo_evt_handler] exit
09-03 11:32:28.590 E/[GH_ROMAII_SENSOR_HOOK]( 8987): [gh30x_int_msg_handler] exit
09-03 11:32:28.590 E/[GH_I2C_BUS]( 8987): start gh_dev_wait_irq
09-03 11:32:28.770 W/WindowManager(  647): Focused window stay null too long, have a update!
09-03 11:32:28.770 V/WindowManager(  647): Looking for focus: 1 = Window{41b914a8 u0 KeyguardScrim} = null, flags=1116416, canReceive=false mViewVisibility=8 mHasSurface=false
09-03 11:32:28.770 V/WindowManager(  647): Looking for focus: 0 = Window{4191a5c0 u0 com.android.systemui.ImageWallpaper} = null, flags=792, canReceive=false mViewVisibility=0 mHasSurface=true
09-03 11:32:28.770 V/WindowManager(  647): findFocusedWindow: No focusable windows.
09-03 11:32:29.550 E/[GH_I2C_BUS]( 8987): GH end gh_dev_wait_irq 0
09-03 11:32:29.550 E/[GH_ROMAII_SENSOR_HOOK]( 8987): [gh30x_int_msg_handler] enter
09-03 11:32:29.550 E/[GH_ROMAII_SENSOR_HOOK]( 8987): [gh30x_int_msg_handler] gh30x_irq_status:2， type:INT_STATUS_FIFO_WATERMARK
09-03 11:32:29.550 E/[GH_ROMAII_SENSOR_HOOK]( 8987): [gh30x_int_msg_handler] gh30x_adt_working_flag:0
09-03 11:32:29.550 E/[GH_ROMAII_SENSOR_HOOK]( 8987): [gh30x_fifo_evt_handler] enter
09-03 11:32:29.550 E/[GH_ROMAII_SENSOR_HOOK]( 8987): got gh30x fifo evt, func[RUN_MODE_SPO2_DET]
09-03 11:32:29.550 E/[GH_I2C_BUS]( 8987): gh_dev_get_acc_buffer len 40 ret 0
09-03 11:32:29.550 E/[GH_ROMAII_SENSOR_HOOK]( 8987): gsensor_drv_get_fifo_data len 40 
09-03 11:32:29.550 E/[GH_ROMAII_SENSOR_HOOK]( 8987): [gh30x_fifo_evt_spo2_mode_calc] enter
09-03 11:32:29.570 E/[GH_ROMAII_SENSOR_HOOK]( 8987): [handle_spo2_mode_result] enter
09-03 11:32:29.570 E/[GH_ROMAII_SENSOR_HOOK]( 8987): GH_3011 spo2_result : 0 , lvl 68 , hb 55, lvl100 , wearing 1
09-03 11:32:29.590 E/[GH_I2C_BUS]( 8987): gh_dev_report_key 1, weared 1 ,ppg 55 ,spo2 0 ,ret 0
09-03 11:32:29.590 E/[GH_ROMAII_SENSOR_HOOK]( 8987): [handle_spo2_mode_result] exit
09-03 11:32:29.590 E/[GH_ROMAII_SENSOR_HOOK]( 8987): spo2 calc, gs_len=40, result=0,68,55,100,1210,0,0,0,100,1,0,1
09-03 11:32:29.590 E/[GH_ROMAII_SENSOR_HOOK]( 8987): [gh30x_fifo_evt_spo2_mode_calc] wearing_state:1
09-03 11:32:29.590 E/[GH_ROMAII_SENSOR_HOOK]( 8987): [gh30x_fifo_evt_spo2_mode_calc] not unwear state
09-03 11:32:29.590 E/[GH_ROMAII_SENSOR_HOOK]( 8987): [gh30x_fifo_evt_spo2_mode_calc] exit
09-03 11:32:29.590 E/[GH_ROMAII_SENSOR_HOOK]( 8987): [gh30x_fifo_evt_handler] exit
09-03 11:32:29.590 E/[GH_ROMAII_SENSOR_HOOK]( 8987): [gh30x_int_msg_handler] exit
09-03 11:32:29.590 E/[GH_I2C_BUS]( 8987): start gh_dev_wait_irq
09-03 11:32:29.640 D/LIBGPS  (  647): watchdog_open PowerState:GE2 CP IDLED readcount:800795
09-03 11:32:29.640 D/LIBGPS  (  647): libgps monitor, idltime =192 second
09-03 11:32:29.640 D/LIBGPS  (  647): pid =647, ppid =231,tid =1026
09-03 11:32:29.640 D/LIBGPS  (  647): pid =647, ppid =231,tid =1026
09-03 11:32:29.640 D/LIBGPS  (  647): gps_sendHeartTest HeartCount =1
09-03 11:32:29.640 D/LIBGPS  (  647): &&& GPS_HeartCountRsp  HeartCount 0 pid =647,ppid =231
09-03 11:32:30.550 E/[GH_I2C_BUS]( 8987): GH end gh_dev_wait_irq 0
09-03 11:32:30.550 E/[GH_ROMAII_SENSOR_HOOK]( 8987): [gh30x_int_msg_handler] enter
09-03 11:32:30.550 E/[GH_ROMAII_SENSOR_HOOK]( 8987): [gh30x_int_msg_handler] gh30x_irq_status:2， type:INT_STATUS_FIFO_WATERMARK
09-03 11:32:30.550 E/[GH_ROMAII_SENSOR_HOOK]( 8987): [gh30x_int_msg_handler] gh30x_adt_working_flag:0
09-03 11:32:30.550 E/[GH_ROMAII_SENSOR_HOOK]( 8987): [gh30x_fifo_evt_handler] enter
09-03 11:32:30.550 E/[GH_ROMAII_SENSOR_HOOK]( 8987): got gh30x fifo evt, func[RUN_MODE_SPO2_DET]
09-03 11:32:30.550 E/[GH_I2C_BUS]( 8987): gh_dev_get_acc_buffer len 40 ret 0
09-03 11:32:30.550 E/[GH_ROMAII_SENSOR_HOOK]( 8987): gsensor_drv_get_fifo_data len 40 
09-03 11:32:30.550 E/[GH_ROMAII_SENSOR_HOOK]( 8987): [gh30x_fifo_evt_spo2_mode_calc] enter
09-03 11:32:30.580 E/[GH_ROMAII_SENSOR_HOOK]( 8987): [handle_spo2_mode_result] enter
09-03 11:32:30.580 E/[GH_ROMAII_SENSOR_HOOK]( 8987): GH_3011 spo2_result : 0 , lvl 68 , hb 55, lvl100 , wearing 1
09-03 11:32:30.590 E/[GH_I2C_BUS]( 8987): gh_dev_report_key 1, weared 1 ,ppg 55 ,spo2 0 ,ret 0
09-03 11:32:30.590 E/[GH_ROMAII_SENSOR_HOOK]( 8987): [handle_spo2_mode_result] exit
09-03 11:32:30.590 E/[GH_ROMAII_SENSOR_HOOK]( 8987): spo2 calc, gs_len=40, result=0,68,55,100,1210,0,0,0,100,1,0,1
09-03 11:32:30.590 E/[GH_ROMAII_SENSOR_HOOK]( 8987): [gh30x_fifo_evt_spo2_mode_calc] wearing_state:1
09-03 11:32:30.590 E/[GH_ROMAII_SENSOR_HOOK]( 8987): [gh30x_fifo_evt_spo2_mode_calc] not unwear state
09-03 11:32:30.590 E/[GH_ROMAII_SENSOR_HOOK]( 8987): [gh30x_fifo_evt_spo2_mode_calc] exit
09-03 11:32:30.590 E/[GH_ROMAII_SENSOR_HOOK]( 8987): [gh30x_fifo_evt_handler] exit
09-03 11:32:30.590 E/[GH_ROMAII_SENSOR_HOOK]( 8987): [gh30x_int_msg_handler] exit
09-03 11:32:30.590 E/[GH_I2C_BUS]( 8987): start gh_dev_wait_irq
09-03 11:32:31.550 E/[GH_I2C_BUS]( 8987): GH end gh_dev_wait_irq 0
09-03 11:32:31.550 E/[GH_ROMAII_SENSOR_HOOK]( 8987): [gh30x_int_msg_handler] enter
09-03 11:32:31.560 E/[GH_ROMAII_SENSOR_HOOK]( 8987): [gh30x_int_msg_handler] gh30x_irq_status:2， type:INT_STATUS_FIFO_WATERMARK
09-03 11:32:31.560 E/[GH_ROMAII_SENSOR_HOOK]( 8987): [gh30x_int_msg_handler] gh30x_adt_working_flag:0
09-03 11:32:31.560 E/[GH_ROMAII_SENSOR_HOOK]( 8987): [gh30x_fifo_evt_handler] enter
09-03 11:32:31.560 E/[GH_ROMAII_SENSOR_HOOK]( 8987): got gh30x fifo evt, func[RUN_MODE_SPO2_DET]
09-03 11:32:31.560 E/[GH_I2C_BUS]( 8987): gh_dev_get_acc_buffer len 40 ret 0
09-03 11:32:31.560 E/[GH_ROMAII_SENSOR_HOOK]( 8987): gsensor_drv_get_fifo_data len 40 
09-03 11:32:31.560 E/[GH_ROMAII_SENSOR_HOOK]( 8987): [gh30x_fifo_evt_spo2_mode_calc] enter
09-03 11:32:31.580 E/[GH_ROMAII_SENSOR_HOOK]( 8987): [handle_spo2_mode_result] enter
09-03 11:32:31.580 E/[GH_ROMAII_SENSOR_HOOK]( 8987): GH_3011 spo2_result : 0 , lvl 68 , hb 55, lvl100 , wearing 1
09-03 11:32:31.590 E/[GH_I2C_BUS]( 8987): gh_dev_report_key 1, weared 1 ,ppg 55 ,spo2 0 ,ret 0
09-03 11:32:31.590 E/[GH_ROMAII_SENSOR_HOOK]( 8987): [handle_spo2_mode_result] exit
09-03 11:32:31.590 E/[GH_ROMAII_SENSOR_HOOK]( 8987): spo2 calc, gs_len=40, result=0,68,55,100,1280,530,0,0,80,2,0,1
09-03 11:32:31.590 E/[GH_ROMAII_SENSOR_HOOK]( 8987): [gh30x_fifo_evt_spo2_mode_calc] wearing_state:1
09-03 11:32:31.590 E/[GH_ROMAII_SENSOR_HOOK]( 8987): [gh30x_fifo_evt_spo2_mode_calc] not unwear state
09-03 11:32:31.590 E/[GH_ROMAII_SENSOR_HOOK]( 8987): [gh30x_fifo_evt_spo2_mode_calc] exit
09-03 11:32:31.590 E/[GH_ROMAII_SENSOR_HOOK]( 8987): [gh30x_fifo_evt_handler] exit
09-03 11:32:31.590 E/[GH_ROMAII_SENSOR_HOOK]( 8987): [gh30x_int_msg_handler] exit
09-03 11:32:31.590 E/[GH_I2C_BUS]( 8987): start gh_dev_wait_irq
09-03 11:32:31.640 D/LIBGPS  (  647): watchdog_open PowerState:GE2 CP IDLED readcount:800796
09-03 11:32:31.640 D/LIBGPS  (  647): libgps monitor, idltime =194 second
09-03 11:32:31.640 D/LIBGPS  (  647): pid =647, ppid =231,tid =1026
09-03 11:32:31.640 D/LIBGPS  (  647): pid =647, ppid =231,tid =1026
09-03 11:32:31.640 D/LIBGPS  (  647): gps_sendHeartTest HeartCount =1
09-03 11:32:31.640 D/LIBGPS  (  647): &&& GPS_HeartCountRsp  HeartCount 0 pid =647,ppid =231
09-03 11:32:31.770 W/WindowManager(  647): Focused window stay null too long, have a update!
09-03 11:32:31.780 V/WindowManager(  647): Looking for focus: 1 = Window{41b914a8 u0 KeyguardScrim} = null, flags=1116416, canReceive=false mViewVisibility=8 mHasSurface=false
09-03 11:32:31.780 V/WindowManager(  647): Looking for focus: 0 = Window{4191a5c0 u0 com.android.systemui.ImageWallpaper} = null, flags=792, canReceive=false mViewVisibility=0 mHasSurface=true
09-03 11:32:31.780 V/WindowManager(  647): findFocusedWindow: No focusable windows.
09-03 11:32:31.830 D/WCND    (  217): is_cp2_alive_ok: open polling interface: /proc/mdbg/loopcheck, fd = 17
09-03 11:32:31.930 D/WCND    (  217): is_cp2_alive_ok: loop: /proc/mdbg/loopcheck is OK
09-03 11:32:32.560 E/[GH_I2C_BUS]( 8987): GH end gh_dev_wait_irq 0
09-03 11:32:32.560 E/[GH_ROMAII_SENSOR_HOOK]( 8987): [gh30x_int_msg_handler] enter
09-03 11:32:32.560 E/[GH_ROMAII_SENSOR_HOOK]( 8987): [gh30x_int_msg_handler] gh30x_irq_status:2， type:INT_STATUS_FIFO_WATERMARK
09-03 11:32:32.560 E/[GH_ROMAII_SENSOR_HOOK]( 8987): [gh30x_int_msg_handler] gh30x_adt_working_flag:0
09-03 11:32:32.560 E/[GH_ROMAII_SENSOR_HOOK]( 8987): [gh30x_fifo_evt_handler] enter
09-03 11:32:32.560 E/[GH_ROMAII_SENSOR_HOOK]( 8987): got gh30x fifo evt, func[RUN_MODE_SPO2_DET]
09-03 11:32:32.560 E/[GH_I2C_BUS]( 8987): gh_dev_get_acc_buffer len 40 ret 0
09-03 11:32:32.560 E/[GH_ROMAII_SENSOR_HOOK]( 8987): gsensor_drv_get_fifo_data len 40 
09-03 11:32:32.560 E/[GH_ROMAII_SENSOR_HOOK]( 8987): [gh30x_fifo_evt_spo2_mode_calc] enter
09-03 11:32:32.580 E/[GH_ROMAII_SENSOR_HOOK]( 8987): [handle_spo2_mode_result] enter
09-03 11:32:32.580 E/[GH_ROMAII_SENSOR_HOOK]( 8987): GH_3011 spo2_result : 0 , lvl 60 , hb 55, lvl100 , wearing 1
09-03 11:32:32.600 E/[GH_I2C_BUS]( 8987): gh_dev_report_key 1, weared 1 ,ppg 55 ,spo2 0 ,ret 0
09-03 11:32:32.600 E/[GH_ROMAII_SENSOR_HOOK]( 8987): [handle_spo2_mode_result] exit
09-03 11:32:32.600 E/[GH_ROMAII_SENSOR_HOOK]( 8987): spo2 calc, gs_len=40, result=0,60,55,100,490,0,0,0,40,1,0,1
09-03 11:32:32.600 E/[GH_ROMAII_SENSOR_HOOK]( 8987): [gh30x_fifo_evt_spo2_mode_calc] wearing_state:1
09-03 11:32:32.600 E/[GH_ROMAII_SENSOR_HOOK]( 8987): [gh30x_fifo_evt_spo2_mode_calc] not unwear state
09-03 11:32:32.600 E/[GH_ROMAII_SENSOR_HOOK]( 8987): [gh30x_fifo_evt_spo2_mode_calc] exit
09-03 11:32:32.600 E/[GH_ROMAII_SENSOR_HOOK]( 8987): [gh30x_fifo_evt_handler] exit
09-03 11:32:32.600 E/[GH_ROMAII_SENSOR_HOOK]( 8987): [gh30x_int_msg_handler] exit
09-03 11:32:32.600 E/[GH_I2C_BUS]( 8987): start gh_dev_wait_irq
09-03 11:32:32.660 E/LIBGPS  (  647): read socet_client error: Try again
09-03 11:32:33.560 E/[GH_I2C_BUS]( 8987): GH end gh_dev_wait_irq 0
09-03 11:32:33.560 E/[GH_ROMAII_SENSOR_HOOK]( 8987): [gh30x_int_msg_handler] enter
09-03 11:32:33.560 E/[GH_ROMAII_SENSOR_HOOK]( 8987): [gh30x_int_msg_handler] gh30x_irq_status:2， type:INT_STATUS_FIFO_WATERMARK
09-03 11:32:33.560 E/[GH_ROMAII_SENSOR_HOOK]( 8987): [gh30x_int_msg_handler] gh30x_adt_working_flag:0
09-03 11:32:33.560 E/[GH_ROMAII_SENSOR_HOOK]( 8987): [gh30x_fifo_evt_handler] enter
09-03 11:32:33.560 E/[GH_ROMAII_SENSOR_HOOK]( 8987): got gh30x fifo evt, func[RUN_MODE_SPO2_DET]
09-03 11:32:33.560 E/[GH_I2C_BUS]( 8987): gh_dev_get_acc_buffer len 39 ret 0
09-03 11:32:33.560 E/[GH_ROMAII_SENSOR_HOOK]( 8987): gsensor_drv_get_fifo_data len 39 
09-03 11:32:33.560 E/[GH_ROMAII_SENSOR_HOOK]( 8987): [gh30x_fifo_evt_spo2_mode_calc] enter
09-03 11:32:33.580 E/[GH_ROMAII_SENSOR_HOOK]( 8987): [handle_spo2_mode_result] enter
09-03 11:32:33.580 E/[GH_ROMAII_SENSOR_HOOK]( 8987): GH_3011 spo2_result : 0 , lvl 60 , hb 55, lvl100 , wearing 1
09-03 11:32:33.590 E/[GH_I2C_BUS]( 8987): gh_dev_report_key 1, weared 1 ,ppg 55 ,spo2 0 ,ret 0
09-03 11:32:33.590 E/[GH_ROMAII_SENSOR_HOOK]( 8987): [handle_spo2_mode_result] exit
09-03 11:32:33.590 E/[GH_ROMAII_SENSOR_HOOK]( 8987): spo2 calc, gs_len=39, result=0,60,55,100,1220,0,0,0,40,1,0,1
09-03 11:32:33.590 E/[GH_ROMAII_SENSOR_HOOK]( 8987): [gh30x_fifo_evt_spo2_mode_calc] wearing_state:1
09-03 11:32:33.590 E/[GH_ROMAII_SENSOR_HOOK]( 8987): [gh30x_fifo_evt_spo2_mode_calc] not unwear state
09-03 11:32:33.590 E/[GH_ROMAII_SENSOR_HOOK]( 8987): [gh30x_fifo_evt_spo2_mode_calc] exit
09-03 11:32:33.590 E/[GH_ROMAII_SENSOR_HOOK]( 8987): [gh30x_fifo_evt_handler] exit
09-03 11:32:33.590 E/[GH_ROMAII_SENSOR_HOOK]( 8987): [gh30x_int_msg_handler] exit
09-03 11:32:33.590 E/[GH_I2C_BUS]( 8987): start gh_dev_wait_irq
09-03 11:32:33.640 D/LIBGPS  (  647): watchdog_open PowerState:GE2 CP IDLED readcount:800797
09-03 11:32:33.640 D/LIBGPS  (  647): libgps monitor, idltime =196 second
09-03 11:32:33.640 D/LIBGPS  (  647): pid =647, ppid =231,tid =1026
09-03 11:32:33.640 D/LIBGPS  (  647): pid =647, ppid =231,tid =1026
09-03 11:32:33.640 D/LIBGPS  (  647): gps_sendHeartTest HeartCount =1
09-03 11:32:33.640 D/LIBGPS  (  647): &&& GPS_HeartCountRsp  HeartCount 0 pid =647,ppid =231
09-03 11:32:34.560 E/[GH_I2C_BUS]( 8987): GH end gh_dev_wait_irq 0
09-03 11:32:34.560 E/[GH_ROMAII_SENSOR_HOOK]( 8987): [gh30x_int_msg_handler] enter
09-03 11:32:34.560 E/[GH_ROMAII_SENSOR_HOOK]( 8987): [gh30x_int_msg_handler] gh30x_irq_status:2， type:INT_STATUS_FIFO_WATERMARK
09-03 11:32:34.560 E/[GH_ROMAII_SENSOR_HOOK]( 8987): [gh30x_int_msg_handler] gh30x_adt_working_flag:0
09-03 11:32:34.560 E/[GH_ROMAII_SENSOR_HOOK]( 8987): [gh30x_fifo_evt_handler] enter
09-03 11:32:34.560 E/[GH_ROMAII_SENSOR_HOOK]( 8987): got gh30x fifo evt, func[RUN_MODE_SPO2_DET]
09-03 11:32:34.560 E/[GH_I2C_BUS]( 8987): gh_dev_get_acc_buffer len 40 ret 0
09-03 11:32:34.560 E/[GH_ROMAII_SENSOR_HOOK]( 8987): gsensor_drv_get_fifo_data len 40 
09-03 11:32:34.560 E/[GH_ROMAII_SENSOR_HOOK]( 8987): [gh30x_fifo_evt_spo2_mode_calc] enter
09-03 11:32:34.590 E/[GH_ROMAII_SENSOR_HOOK]( 8987): [handle_spo2_mode_result] enter
09-03 11:32:34.590 E/[GH_ROMAII_SENSOR_HOOK]( 8987): GH_3011 spo2_result : 0 , lvl 66 , hb 54, lvl83 , wearing 1
09-03 11:32:34.600 E/[GH_I2C_BUS]( 8987): gh_dev_report_key 1, weared 1 ,ppg 54 ,spo2 0 ,ret 0
09-03 11:32:34.600 E/[GH_ROMAII_SENSOR_HOOK]( 8987): [handle_spo2_mode_result] exit
09-03 11:32:34.600 E/[GH_ROMAII_SENSOR_HOOK]( 8987): spo2 calc, gs_len=40, result=0,66,54,83,1230,0,0,0,100,1,0,1
09-03 11:32:34.600 E/[GH_ROMAII_SENSOR_HOOK]( 8987): [gh30x_fifo_evt_spo2_mode_calc] wearing_state:1
09-03 11:32:34.600 E/[GH_ROMAII_SENSOR_HOOK]( 8987): [gh30x_fifo_evt_spo2_mode_calc] not unwear state
09-03 11:32:34.600 E/[GH_ROMAII_SENSOR_HOOK]( 8987): [gh30x_fifo_evt_spo2_mode_calc] exit
09-03 11:32:34.600 E/[GH_ROMAII_SENSOR_HOOK]( 8987): [gh30x_fifo_evt_handler] exit
09-03 11:32:34.600 E/[GH_ROMAII_SENSOR_HOOK]( 8987): [gh30x_int_msg_handler] exit
09-03 11:32:34.600 E/[GH_I2C_BUS]( 8987): start gh_dev_wait_irq
09-03 11:32:34.780 W/WindowManager(  647): Focused window stay null too long, have a update!
09-03 11:32:34.780 V/WindowManager(  647): Looking for focus: 1 = Window{41b914a8 u0 KeyguardScrim} = null, flags=1116416, canReceive=false mViewVisibility=8 mHasSurface=false
09-03 11:32:34.780 V/WindowManager(  647): Looking for focus: 0 = Window{4191a5c0 u0 com.android.systemui.ImageWallpaper} = null, flags=792, canReceive=false mViewVisibility=0 mHasSurface=true
09-03 11:32:34.780 V/WindowManager(  647): findFocusedWindow: No focusable windows.
09-03 11:32:35.570 E/[GH_I2C_BUS]( 8987): GH end gh_dev_wait_irq 0
09-03 11:32:35.570 E/[GH_ROMAII_SENSOR_HOOK]( 8987): [gh30x_int_msg_handler] enter
09-03 11:32:35.570 E/[GH_ROMAII_SENSOR_HOOK]( 8987): [gh30x_int_msg_handler] gh30x_irq_status:2， type:INT_STATUS_FIFO_WATERMARK
09-03 11:32:35.570 E/[GH_ROMAII_SENSOR_HOOK]( 8987): [gh30x_int_msg_handler] gh30x_adt_working_flag:0
09-03 11:32:35.570 E/[GH_ROMAII_SENSOR_HOOK]( 8987): [gh30x_fifo_evt_handler] enter
09-03 11:32:35.570 E/[GH_ROMAII_SENSOR_HOOK]( 8987): got gh30x fifo evt, func[RUN_MODE_SPO2_DET]
09-03 11:32:35.570 E/[GH_I2C_BUS]( 8987): gh_dev_get_acc_buffer len 40 ret 0
09-03 11:32:35.570 E/[GH_ROMAII_SENSOR_HOOK]( 8987): gsensor_drv_get_fifo_data len 40 
09-03 11:32:35.570 E/[GH_ROMAII_SENSOR_HOOK]( 8987): [gh30x_fifo_evt_spo2_mode_calc] enter
09-03 11:32:35.590 E/[GH_ROMAII_SENSOR_HOOK]( 8987): [handle_spo2_mode_result] enter
09-03 11:32:35.590 E/[GH_ROMAII_SENSOR_HOOK]( 8987): GH_3011 spo2_result : 0 , lvl 59 , hb 54, lvl86 , wearing 1
09-03 11:32:35.600 E/[GH_I2C_BUS]( 8987): gh_dev_report_key 1, weared 1 ,ppg 54 ,spo2 0 ,ret 0
09-03 11:32:35.600 E/[GH_ROMAII_SENSOR_HOOK]( 8987): [handle_spo2_mode_result] exit
09-03 11:32:35.600 E/[GH_ROMAII_SENSOR_HOOK]( 8987): spo2 calc, gs_len=40, result=0,59,54,86,1130,0,0,0,100,1,0,1
09-03 11:32:35.600 E/[GH_ROMAII_SENSOR_HOOK]( 8987): [gh30x_fifo_evt_spo2_mode_calc] wearing_state:1
09-03 11:32:35.600 E/[GH_ROMAII_SENSOR_HOOK]( 8987): [gh30x_fifo_evt_spo2_mode_calc] not unwear state
09-03 11:32:35.600 E/[GH_ROMAII_SENSOR_HOOK]( 8987): [gh30x_fifo_evt_spo2_mode_calc] exit
09-03 11:32:35.600 E/[GH_ROMAII_SENSOR_HOOK]( 8987): [gh30x_fifo_evt_handler] exit
09-03 11:32:35.600 E/[GH_ROMAII_SENSOR_HOOK]( 8987): [gh30x_int_msg_handler] exit
09-03 11:32:35.600 E/[GH_I2C_BUS]( 8987): start gh_dev_wait_irq
09-03 11:32:35.640 D/LIBGPS  (  647): watchdog_open PowerState:GE2 CP IDLED readcount:800798
09-03 11:32:35.640 D/LIBGPS  (  647): libgps monitor, idltime =198 second
09-03 11:32:35.640 D/LIBGPS  (  647): pid =647, ppid =231,tid =1026
09-03 11:32:35.640 D/LIBGPS  (  647): pid =647, ppid =231,tid =1026
09-03 11:32:35.640 D/LIBGPS  (  647): gps_sendHeartTest HeartCount =1
09-03 11:32:35.640 D/LIBGPS  (  647): &&& GPS_HeartCountRsp  HeartCount 0 pid =647,ppid =231
09-03 11:32:36.570 E/[GH_I2C_BUS]( 8987): GH end gh_dev_wait_irq 0
09-03 11:32:36.570 E/[GH_ROMAII_SENSOR_HOOK]( 8987): [gh30x_int_msg_handler] enter
09-03 11:32:36.570 E/[GH_ROMAII_SENSOR_HOOK]( 8987): [gh30x_int_msg_handler] gh30x_irq_status:2， type:INT_STATUS_FIFO_WATERMARK
09-03 11:32:36.570 E/[GH_ROMAII_SENSOR_HOOK]( 8987): [gh30x_int_msg_handler] gh30x_adt_working_flag:0
09-03 11:32:36.570 E/[GH_ROMAII_SENSOR_HOOK]( 8987): [gh30x_fifo_evt_handler] enter
09-03 11:32:36.570 E/[GH_ROMAII_SENSOR_HOOK]( 8987): got gh30x fifo evt, func[RUN_MODE_SPO2_DET]
09-03 11:32:36.570 E/[GH_I2C_BUS]( 8987): gh_dev_get_acc_buffer len 40 ret 0
09-03 11:32:36.570 E/[GH_ROMAII_SENSOR_HOOK]( 8987): gsensor_drv_get_fifo_data len 40 
09-03 11:32:36.570 E/[GH_ROMAII_SENSOR_HOOK]( 8987): [gh30x_fifo_evt_spo2_mode_calc] enter
09-03 11:32:36.600 E/[GH_ROMAII_SENSOR_HOOK]( 8987): [handle_spo2_mode_result] enter
09-03 11:32:36.600 E/[GH_ROMAII_SENSOR_HOOK]( 8987): GH_3011 spo2_result : 0 , lvl 53 , hb 54, lvl88 , wearing 1
09-03 11:32:36.610 E/[GH_I2C_BUS]( 8987): gh_dev_report_key 1, weared 1 ,ppg 54 ,spo2 0 ,ret 0
09-03 11:32:36.610 E/[GH_ROMAII_SENSOR_HOOK]( 8987): [handle_spo2_mode_result] exit
09-03 11:32:36.610 E/[GH_ROMAII_SENSOR_HOOK]( 8987): spo2 calc, gs_len=40, result=0,53,54,88,1030,0,0,0,100,1,0,1
09-03 11:32:36.610 E/[GH_ROMAII_SENSOR_HOOK]( 8987): [gh30x_fifo_evt_spo2_mode_calc] wearing_state:1
09-03 11:32:36.610 E/[GH_ROMAII_SENSOR_HOOK]( 8987): [gh30x_fifo_evt_spo2_mode_calc] not unwear state
09-03 11:32:36.610 E/[GH_ROMAII_SENSOR_HOOK]( 8987): [gh30x_fifo_evt_spo2_mode_calc] exit
09-03 11:32:36.610 E/[GH_ROMAII_SENSOR_HOOK]( 8987): [gh30x_fifo_evt_handler] exit
09-03 11:32:36.610 E/[GH_ROMAII_SENSOR_HOOK]( 8987): [gh30x_int_msg_handler] exit
09-03 11:32:36.610 E/[GH_I2C_BUS]( 8987): start gh_dev_wait_irq
09-03 11:32:36.940 D/WCND    (  217): is_cp2_alive_ok: open polling interface: /proc/mdbg/loopcheck, fd = 17
09-03 11:32:37.040 D/WCND    (  217): is_cp2_alive_ok: loop: /proc/mdbg/loopcheck is OK
09-03 11:32:37.570 E/[GH_I2C_BUS]( 8987): GH end gh_dev_wait_irq 0
09-03 11:32:37.570 E/[GH_ROMAII_SENSOR_HOOK]( 8987): [gh30x_int_msg_handler] enter
09-03 11:32:37.570 E/[GH_ROMAII_SENSOR_HOOK]( 8987): [gh30x_int_msg_handler] gh30x_irq_status:2， type:INT_STATUS_FIFO_WATERMARK
09-03 11:32:37.570 E/[GH_ROMAII_SENSOR_HOOK]( 8987): [gh30x_int_msg_handler] gh30x_adt_working_flag:0
09-03 11:32:37.570 E/[GH_ROMAII_SENSOR_HOOK]( 8987): [gh30x_fifo_evt_handler] enter
09-03 11:32:37.570 E/[GH_ROMAII_SENSOR_HOOK]( 8987): got gh30x fifo evt, func[RUN_MODE_SPO2_DET]
09-03 11:32:37.570 E/[GH_I2C_BUS]( 8987): gh_dev_get_acc_buffer len 40 ret 0
09-03 11:32:37.570 E/[GH_ROMAII_SENSOR_HOOK]( 8987): gsensor_drv_get_fifo_data len 40 
09-03 11:32:37.570 E/[GH_ROMAII_SENSOR_HOOK]( 8987): [gh30x_fifo_evt_spo2_mode_calc] enter
09-03 11:32:37.600 E/[GH_ROMAII_SENSOR_HOOK]( 8987): [handle_spo2_mode_result] enter
09-03 11:32:37.600 E/[GH_ROMAII_SENSOR_HOOK]( 8987): GH_3011 spo2_result : 0 , lvl 53 , hb 54, lvl91 , wearing 1
09-03 11:32:37.610 E/[GH_I2C_BUS]( 8987): gh_dev_report_key 1, weared 1 ,ppg 54 ,spo2 0 ,ret 0
09-03 11:32:37.610 E/[GH_ROMAII_SENSOR_HOOK]( 8987): [handle_spo2_mode_result] exit
09-03 11:32:37.610 E/[GH_ROMAII_SENSOR_HOOK]( 8987): spo2 calc, gs_len=40, result=0,53,54,91,1030,0,0,0,100,1,0,1
09-03 11:32:37.610 E/[GH_ROMAII_SENSOR_HOOK]( 8987): [gh30x_fifo_evt_spo2_mode_calc] wearing_state:1
09-03 11:32:37.610 E/[GH_ROMAII_SENSOR_HOOK]( 8987): [gh30x_fifo_evt_spo2_mode_calc] not unwear state
09-03 11:32:37.610 E/[GH_ROMAII_SENSOR_HOOK]( 8987): [gh30x_fifo_evt_spo2_mode_calc] exit
09-03 11:32:37.610 E/[GH_ROMAII_SENSOR_HOOK]( 8987): [gh30x_fifo_evt_handler] exit
09-03 11:32:37.610 E/[GH_ROMAII_SENSOR_HOOK]( 8987): [gh30x_int_msg_handler] exit
09-03 11:32:37.610 E/[GH_I2C_BUS]( 8987): start gh_dev_wait_irq
09-03 11:32:37.640 D/LIBGPS  (  647): watchdog_open PowerState:GE2 CP IDLED readcount:800799
09-03 11:32:37.640 D/LIBGPS  (  647): libgps monitor, idltime =200 second
09-03 11:32:37.640 D/LIBGPS  (  647): pid =647, ppid =231,tid =1026
09-03 11:32:37.640 D/LIBGPS  (  647): pid =647, ppid =231,tid =1026
09-03 11:32:37.640 D/LIBGPS  (  647): gps_sendHeartTest HeartCount =1
09-03 11:32:37.640 D/LIBGPS  (  647): &&& GPS_HeartCountRsp  HeartCount 0 pid =647,ppid =231
09-03 11:32:37.660 E/LIBGPS  (  647): read socet_client error: Try again
09-03 11:32:37.780 W/WindowManager(  647): Focused window stay null too long, have a update!
09-03 11:32:37.780 V/WindowManager(  647): Looking for focus: 1 = Window{41b914a8 u0 KeyguardScrim} = null, flags=1116416, canReceive=false mViewVisibility=8 mHasSurface=false
09-03 11:32:37.780 V/WindowManager(  647): Looking for focus: 0 = Window{4191a5c0 u0 com.android.systemui.ImageWallpaper} = null, flags=792, canReceive=false mViewVisibility=0 mHasSurface=true
09-03 11:32:37.780 V/WindowManager(  647): findFocusedWindow: No focusable windows.
09-03 11:32:38.580 E/[GH_I2C_BUS]( 8987): GH end gh_dev_wait_irq 0
09-03 11:32:38.580 E/[GH_ROMAII_SENSOR_HOOK]( 8987): [gh30x_int_msg_handler] enter
09-03 11:32:38.580 E/[GH_ROMAII_SENSOR_HOOK]( 8987): [gh30x_int_msg_handler] gh30x_irq_status:2， type:INT_STATUS_FIFO_WATERMARK
09-03 11:32:38.580 E/[GH_ROMAII_SENSOR_HOOK]( 8987): [gh30x_int_msg_handler] gh30x_adt_working_flag:0
09-03 11:32:38.580 E/[GH_ROMAII_SENSOR_HOOK]( 8987): [gh30x_fifo_evt_handler] enter
09-03 11:32:38.580 E/[GH_ROMAII_SENSOR_HOOK]( 8987): got gh30x fifo evt, func[RUN_MODE_SPO2_DET]
09-03 11:32:38.580 E/[GH_I2C_BUS]( 8987): gh_dev_get_acc_buffer len 39 ret 0
09-03 11:32:38.580 E/[GH_ROMAII_SENSOR_HOOK]( 8987): gsensor_drv_get_fifo_data len 39 
09-03 11:32:38.580 E/[GH_ROMAII_SENSOR_HOOK]( 8987): [gh30x_fifo_evt_spo2_mode_calc] enter
09-03 11:32:38.600 E/[GH_ROMAII_SENSOR_HOOK]( 8987): [handle_spo2_mode_result] enter
09-03 11:32:38.600 E/[GH_ROMAII_SENSOR_HOOK]( 8987): GH_3011 spo2_result : 0 , lvl 53 , hb 54, lvl92 , wearing 1
09-03 11:32:38.610 E/[GH_I2C_BUS]( 8987): gh_dev_report_key 1, weared 1 ,ppg 54 ,spo2 0 ,ret 0
09-03 11:32:38.610 E/[GH_ROMAII_SENSOR_HOOK]( 8987): [handle_spo2_mode_result] exit
09-03 11:32:38.610 E/[GH_ROMAII_SENSOR_HOOK]( 8987): spo2 calc, gs_len=39, result=0,53,54,92,1030,0,0,0,100,1,0,1
09-03 11:32:38.610 E/[GH_ROMAII_SENSOR_HOOK]( 8987): [gh30x_fifo_evt_spo2_mode_calc] wearing_state:1
09-03 11:32:38.610 E/[GH_ROMAII_SENSOR_HOOK]( 8987): [gh30x_fifo_evt_spo2_mode_calc] not unwear state
09-03 11:32:38.610 E/[GH_ROMAII_SENSOR_HOOK]( 8987): [gh30x_fifo_evt_spo2_mode_calc] exit
09-03 11:32:38.610 E/[GH_ROMAII_SENSOR_HOOK]( 8987): [gh30x_fifo_evt_handler] exit
09-03 11:32:38.610 E/[GH_ROMAII_SENSOR_HOOK]( 8987): [gh30x_int_msg_handler] exit
09-03 11:32:38.610 E/[GH_I2C_BUS]( 8987): start gh_dev_wait_irq
09-03 11:32:39.580 E/[GH_I2C_BUS]( 8987): GH end gh_dev_wait_irq 0
09-03 11:32:39.580 E/[GH_ROMAII_SENSOR_HOOK]( 8987): [gh30x_int_msg_handler] enter
09-03 11:32:39.580 E/[GH_ROMAII_SENSOR_HOOK]( 8987): [gh30x_int_msg_handler] gh30x_irq_status:2， type:INT_STATUS_FIFO_WATERMARK
09-03 11:32:39.580 E/[GH_ROMAII_SENSOR_HOOK]( 8987): [gh30x_int_msg_handler] gh30x_adt_working_flag:0
09-03 11:32:39.580 E/[GH_ROMAII_SENSOR_HOOK]( 8987): [gh30x_fifo_evt_handler] enter
09-03 11:32:39.580 E/[GH_ROMAII_SENSOR_HOOK]( 8987): got gh30x fifo evt, func[RUN_MODE_SPO2_DET]
09-03 11:32:39.580 E/[GH_I2C_BUS]( 8987): gh_dev_get_acc_buffer len 40 ret 0
09-03 11:32:39.580 E/[GH_ROMAII_SENSOR_HOOK]( 8987): gsensor_drv_get_fifo_data len 40 
09-03 11:32:39.580 E/[GH_ROMAII_SENSOR_HOOK]( 8987): [gh30x_fifo_evt_spo2_mode_calc] enter
09-03 11:32:39.600 E/[GH_ROMAII_SENSOR_HOOK]( 8987): [handle_spo2_mode_result] enter
09-03 11:32:39.600 E/[GH_ROMAII_SENSOR_HOOK]( 8987): GH_3011 spo2_result : 0 , lvl 53 , hb 54, lvl91 , wearing 1
09-03 11:32:39.610 E/[GH_I2C_BUS]( 8987): gh_dev_report_key 1, weared 1 ,ppg 54 ,spo2 0 ,ret 0
09-03 11:32:39.610 E/[GH_ROMAII_SENSOR_HOOK]( 8987): [handle_spo2_mode_result] exit
09-03 11:32:39.610 E/[GH_ROMAII_SENSOR_HOOK]( 8987): spo2 calc, gs_len=40, result=0,53,54,91,1340,0,0,0,100,1,0,1
09-03 11:32:39.610 E/[GH_ROMAII_SENSOR_HOOK]( 8987): [gh30x_fifo_evt_spo2_mode_calc] wearing_state:1
09-03 11:32:39.610 E/[GH_ROMAII_SENSOR_HOOK]( 8987): [gh30x_fifo_evt_spo2_mode_calc] not unwear state
09-03 11:32:39.610 E/[GH_ROMAII_SENSOR_HOOK]( 8987): [gh30x_fifo_evt_spo2_mode_calc] exit
09-03 11:32:39.610 E/[GH_ROMAII_SENSOR_HOOK]( 8987): [gh30x_fifo_evt_handler] exit
09-03 11:32:39.610 E/[GH_ROMAII_SENSOR_HOOK]( 8987): [gh30x_int_msg_handler] exit
09-03 11:32:39.610 E/[GH_I2C_BUS]( 8987): start gh_dev_wait_irq
09-03 11:32:39.640 D/LIBGPS  (  647): watchdog_open PowerState:GE2 CP IDLED readcount:800800
09-03 11:32:39.640 D/LIBGPS  (  647): libgps monitor, idltime =202 second
09-03 11:32:39.640 D/LIBGPS  (  647): pid =647, ppid =231,tid =1026
09-03 11:32:39.640 D/LIBGPS  (  647): pid =647, ppid =231,tid =1026
09-03 11:32:39.640 D/LIBGPS  (  647): gps_sendHeartTest HeartCount =1
09-03 11:32:39.640 D/LIBGPS  (  647): &&& GPS_HeartCountRsp  HeartCount 0 pid =647,ppid =231
09-03 11:32:40.510 D/BroadcastQueue(  647): Schedule broadcasts [background]: current=false
09-03 11:32:40.510 D/BroadcastQueue(  647): Received BROADCAST_INTENT_MSG
09-03 11:32:40.510 D/WcnManagerService(  647): Recive LTE band Notify BROADCAST: android.intent.action.BAND_INFO_REPORT0
09-03 11:32:40.510 D/WcnManagerService(  647): Recive LTE band Notify:3
09-03 11:32:40.510 D/WcnManagerService(  647): parse bindinfo:3
09-03 11:32:40.510 D/WcnManagerService(  647): bandValueInfo:3
09-03 11:32:40.510 D/WcnManagerService(  647): Get Current LTE BAND Value:3, mLTEInfo: 3
09-03 11:32:40.510 D/WcnManagerService(  647): EVENT_LTE_BAND_CHANGED
09-03 11:32:40.510 D/WcnManagerService(  647): LTE Band:3 mCurrentWifiFreq:2437 not intereference just return
09-03 11:32:40.580 E/[GH_I2C_BUS]( 8987): GH end gh_dev_wait_irq 0
09-03 11:32:40.580 E/[GH_ROMAII_SENSOR_HOOK]( 8987): [gh30x_int_msg_handler] enter
09-03 11:32:40.580 E/[GH_ROMAII_SENSOR_HOOK]( 8987): [gh30x_int_msg_handler] gh30x_irq_status:2， type:INT_STATUS_FIFO_WATERMARK
09-03 11:32:40.580 E/[GH_ROMAII_SENSOR_HOOK]( 8987): [gh30x_int_msg_handler] gh30x_adt_working_flag:0
09-03 11:32:40.580 E/[GH_ROMAII_SENSOR_HOOK]( 8987): [gh30x_fifo_evt_handler] enter
09-03 11:32:40.580 E/[GH_ROMAII_SENSOR_HOOK]( 8987): got gh30x fifo evt, func[RUN_MODE_SPO2_DET]
09-03 11:32:40.580 E/[GH_I2C_BUS]( 8987): gh_dev_get_acc_buffer len 40 ret 0
09-03 11:32:40.580 E/[GH_ROMAII_SENSOR_HOOK]( 8987): gsensor_drv_get_fifo_data len 40 
09-03 11:32:40.580 E/[GH_ROMAII_SENSOR_HOOK]( 8987): [gh30x_fifo_evt_spo2_mode_calc] enter
09-03 11:32:40.610 E/[GH_ROMAII_SENSOR_HOOK]( 8987): [handle_spo2_mode_result] enter
09-03 11:32:40.610 E/[GH_ROMAII_SENSOR_HOOK]( 8987): GH_3011 spo2_result : 0 , lvl 57 , hb 53, lvl88 , wearing 1
09-03 11:32:40.620 E/[GH_I2C_BUS]( 8987): gh_dev_report_key 1, weared 1 ,ppg 53 ,spo2 0 ,ret 0
09-03 11:32:40.620 E/[GH_ROMAII_SENSOR_HOOK]( 8987): [handle_spo2_mode_result] exit
09-03 11:32:40.620 E/[GH_ROMAII_SENSOR_HOOK]( 8987): spo2 calc, gs_len=40, result=0,57,53,88,1120,0,0,0,100,1,0,1
09-03 11:32:40.620 E/[GH_ROMAII_SENSOR_HOOK]( 8987): [gh30x_fifo_evt_spo2_mode_calc] wearing_state:1
09-03 11:32:40.620 E/[GH_ROMAII_SENSOR_HOOK]( 8987): [gh30x_fifo_evt_spo2_mode_calc] not unwear state
09-03 11:32:40.620 E/[GH_ROMAII_SENSOR_HOOK]( 8987): [gh30x_fifo_evt_spo2_mode_calc] exit
09-03 11:32:40.620 E/[GH_ROMAII_SENSOR_HOOK]( 8987): [gh30x_fifo_evt_handler] exit
09-03 11:32:40.620 E/[GH_ROMAII_SENSOR_HOOK]( 8987): [gh30x_int_msg_handler] exit
09-03 11:32:40.620 E/[GH_I2C_BUS]( 8987): start gh_dev_wait_irq
09-03 11:32:40.780 W/WindowManager(  647): Focused window stay null too long, have a update!
09-03 11:32:40.780 V/WindowManager(  647): Looking for focus: 1 = Window{41b914a8 u0 KeyguardScrim} = null, flags=1116416, canReceive=false mViewVisibility=8 mHasSurface=false
09-03 11:32:40.780 V/WindowManager(  647): Looking for focus: 0 = Window{4191a5c0 u0 com.android.systemui.ImageWallpaper} = null, flags=792, canReceive=false mViewVisibility=0 mHasSurface=true
09-03 11:32:40.780 V/WindowManager(  647): findFocusedWindow: No focusable windows.
09-03 11:32:41.590 E/[GH_I2C_BUS]( 8987): GH end gh_dev_wait_irq 0
09-03 11:32:41.590 E/[GH_ROMAII_SENSOR_HOOK]( 8987): [gh30x_int_msg_handler] enter
09-03 11:32:41.590 E/[GH_ROMAII_SENSOR_HOOK]( 8987): [gh30x_int_msg_handler] gh30x_irq_status:2， type:INT_STATUS_FIFO_WATERMARK
09-03 11:32:41.590 E/[GH_ROMAII_SENSOR_HOOK]( 8987): [gh30x_int_msg_handler] gh30x_adt_working_flag:0
09-03 11:32:41.590 E/[GH_ROMAII_SENSOR_HOOK]( 8987): [gh30x_fifo_evt_handler] enter
09-03 11:32:41.590 E/[GH_ROMAII_SENSOR_HOOK]( 8987): got gh30x fifo evt, func[RUN_MODE_SPO2_DET]
09-03 11:32:41.590 E/[GH_I2C_BUS]( 8987): gh_dev_get_acc_buffer len 40 ret 0
09-03 11:32:41.590 E/[GH_ROMAII_SENSOR_HOOK]( 8987): gsensor_drv_get_fifo_data len 40 
09-03 11:32:41.590 E/[GH_ROMAII_SENSOR_HOOK]( 8987): [gh30x_fifo_evt_spo2_mode_calc] enter
09-03 11:32:41.610 E/[GH_ROMAII_SENSOR_HOOK]( 8987): [handle_spo2_mode_result] enter
09-03 11:32:41.610 E/[GH_ROMAII_SENSOR_HOOK]( 8987): GH_3011 spo2_result : 0 , lvl 59 , hb 53, lvl87 , wearing 1
09-03 11:32:41.620 E/[GH_I2C_BUS]( 8987): gh_dev_report_key 1, weared 1 ,ppg 53 ,spo2 0 ,ret 0
09-03 11:32:41.620 E/[GH_ROMAII_SENSOR_HOOK]( 8987): [handle_spo2_mode_result] exit
09-03 11:32:41.620 E/[GH_ROMAII_SENSOR_HOOK]( 8987): spo2 calc, gs_len=40, result=0,59,53,87,1230,0,0,0,100,1,0,1
09-03 11:32:41.620 E/[GH_ROMAII_SENSOR_HOOK]( 8987): [gh30x_fifo_evt_spo2_mode_calc] wearing_state:1
09-03 11:32:41.620 E/[GH_ROMAII_SENSOR_HOOK]( 8987): [gh30x_fifo_evt_spo2_mode_calc] not unwear state
09-03 11:32:41.620 E/[GH_ROMAII_SENSOR_HOOK]( 8987): [gh30x_fifo_evt_spo2_mode_calc] exit
09-03 11:32:41.620 E/[GH_ROMAII_SENSOR_HOOK]( 8987): [gh30x_fifo_evt_handler] exit
09-03 11:32:41.620 E/[GH_ROMAII_SENSOR_HOOK]( 8987): [gh30x_int_msg_handler] exit
09-03 11:32:41.620 E/[GH_I2C_BUS]( 8987): start gh_dev_wait_irq
09-03 11:32:41.640 D/LIBGPS  (  647): watchdog_open PowerState:GE2 CP IDLED readcount:800801
09-03 11:32:41.640 D/LIBGPS  (  647): libgps monitor, idltime =204 second
09-03 11:32:41.640 D/LIBGPS  (  647): pid =647, ppid =231,tid =1026
09-03 11:32:41.640 D/LIBGPS  (  647): pid =647, ppid =231,tid =1026
09-03 11:32:41.640 D/LIBGPS  (  647): gps_sendHeartTest HeartCount =1
09-03 11:32:41.640 D/LIBGPS  (  647): &&& GPS_HeartCountRsp  HeartCount 0 pid =647,ppid =231
09-03 11:32:42.040 D/WCND    (  217): is_cp2_alive_ok: open polling interface: /proc/mdbg/loopcheck, fd = 17
09-03 11:32:42.140 D/WCND    (  217): is_cp2_alive_ok: loop: /proc/mdbg/loopcheck is OK
09-03 11:32:42.590 E/[GH_I2C_BUS]( 8987): GH end gh_dev_wait_irq 0
09-03 11:32:42.590 E/[GH_ROMAII_SENSOR_HOOK]( 8987): [gh30x_int_msg_handler] enter
09-03 11:32:42.590 E/[GH_ROMAII_SENSOR_HOOK]( 8987): [gh30x_int_msg_handler] gh30x_irq_status:2， type:INT_STATUS_FIFO_WATERMARK
09-03 11:32:42.590 E/[GH_ROMAII_SENSOR_HOOK]( 8987): [gh30x_int_msg_handler] gh30x_adt_working_flag:0
09-03 11:32:42.590 E/[GH_ROMAII_SENSOR_HOOK]( 8987): [gh30x_fifo_evt_handler] enter
09-03 11:32:42.590 E/[GH_ROMAII_SENSOR_HOOK]( 8987): got gh30x fifo evt, func[RUN_MODE_SPO2_DET]
09-03 11:32:42.590 E/[GH_I2C_BUS]( 8987): gh_dev_get_acc_buffer len 40 ret 0
09-03 11:32:42.590 E/[GH_ROMAII_SENSOR_HOOK]( 8987): gsensor_drv_get_fifo_data len 40 
09-03 11:32:42.590 E/[GH_ROMAII_SENSOR_HOOK]( 8987): [gh30x_fifo_evt_spo2_mode_calc] enter
09-03 11:32:42.610 E/[GH_ROMAII_SENSOR_HOOK]( 8987): [handle_spo2_mode_result] enter
09-03 11:32:42.610 E/[GH_ROMAII_SENSOR_HOOK]( 8987): GH_3011 spo2_result : 0 , lvl 60 , hb 53, lvl86 , wearing 1
09-03 11:32:42.620 E/[GH_I2C_BUS]( 8987): gh_dev_report_key 1, weared 1 ,ppg 53 ,spo2 0 ,ret 0
09-03 11:32:42.620 E/[GH_ROMAII_SENSOR_HOOK]( 8987): [handle_spo2_mode_result] exit
09-03 11:32:42.620 E/[GH_ROMAII_SENSOR_HOOK]( 8987): spo2 calc, gs_len=40, result=0,60,53,86,1140,0,0,0,100,1,0,1
09-03 11:32:42.620 E/[GH_ROMAII_SENSOR_HOOK]( 8987): [gh30x_fifo_evt_spo2_mode_calc] wearing_state:1
09-03 11:32:42.620 E/[GH_ROMAII_SENSOR_HOOK]( 8987): [gh30x_fifo_evt_spo2_mode_calc] not unwear state
09-03 11:32:42.620 E/[GH_ROMAII_SENSOR_HOOK]( 8987): [gh30x_fifo_evt_spo2_mode_calc] exit
09-03 11:32:42.620 E/[GH_ROMAII_SENSOR_HOOK]( 8987): [gh30x_fifo_evt_handler] exit
09-03 11:32:42.620 E/[GH_ROMAII_SENSOR_HOOK]( 8987): [gh30x_int_msg_handler] exit
09-03 11:32:42.620 E/[GH_I2C_BUS]( 8987): start gh_dev_wait_irq
09-03 11:32:42.660 E/LIBGPS  (  647): read socet_client error: Try again
09-03 11:32:43.580 D/BroadcastQueue(  647): Schedule broadcasts [background]: current=false
09-03 11:32:43.580 D/BroadcastQueue(  647): Received BROADCAST_INTENT_MSG
09-03 11:32:43.580 D/WcnManagerService(  647): Recive LTE band Notify BROADCAST: android.intent.action.BAND_INFO_REPORT0
09-03 11:32:43.580 D/WcnManagerService(  647): Recive LTE band Notify:8
09-03 11:32:43.580 D/WcnManagerService(  647): parse bindinfo:8
09-03 11:32:43.580 D/WcnManagerService(  647): bandValueInfo:8
09-03 11:32:43.580 D/WcnManagerService(  647): Get Current LTE BAND Value:8, mLTEInfo: 8
09-03 11:32:43.580 D/WcnManagerService(  647): EVENT_LTE_BAND_CHANGED
09-03 11:32:43.580 D/WcnManagerService(  647): LTE Band:8 mCurrentWifiFreq:2437 not intereference just return
09-03 11:32:43.590 E/[GH_I2C_BUS]( 8987): GH end gh_dev_wait_irq 0
09-03 11:32:43.590 E/[GH_ROMAII_SENSOR_HOOK]( 8987): [gh30x_int_msg_handler] enter
09-03 11:32:43.590 E/[GH_ROMAII_SENSOR_HOOK]( 8987): [gh30x_int_msg_handler] gh30x_irq_status:2， type:INT_STATUS_FIFO_WATERMARK
09-03 11:32:43.590 E/[GH_ROMAII_SENSOR_HOOK]( 8987): [gh30x_int_msg_handler] gh30x_adt_working_flag:0
09-03 11:32:43.590 E/[GH_ROMAII_SENSOR_HOOK]( 8987): [gh30x_fifo_evt_handler] enter
09-03 11:32:43.590 E/[GH_ROMAII_SENSOR_HOOK]( 8987): got gh30x fifo evt, func[RUN_MODE_SPO2_DET]
09-03 11:32:43.590 E/[GH_I2C_BUS]( 8987): gh_dev_get_acc_buffer len 40 ret 0
09-03 11:32:43.590 E/[GH_ROMAII_SENSOR_HOOK]( 8987): gsensor_drv_get_fifo_data len 40 
09-03 11:32:43.590 E/[GH_ROMAII_SENSOR_HOOK]( 8987): [gh30x_fifo_evt_spo2_mode_calc] enter
09-03 11:32:43.620 E/[GH_ROMAII_SENSOR_HOOK]( 8987): [handle_spo2_mode_result] enter
09-03 11:32:43.620 E/[GH_ROMAII_SENSOR_HOOK]( 8987): GH_3011 spo2_result : 0 , lvl 63 , hb 53, lvl85 , wearing 1
09-03 11:32:43.630 E/[GH_I2C_BUS]( 8987): gh_dev_report_key 1, weared 1 ,ppg 53 ,spo2 0 ,ret 0
09-03 11:32:43.630 E/[GH_ROMAII_SENSOR_HOOK]( 8987): [handle_spo2_mode_result] exit
09-03 11:32:43.630 E/[GH_ROMAII_SENSOR_HOOK]( 8987): spo2 calc, gs_len=40, result=0,63,53,85,1150,0,0,0,100,1,0,1
09-03 11:32:43.630 E/[GH_ROMAII_SENSOR_HOOK]( 8987): [gh30x_fifo_evt_spo2_mode_calc] wearing_state:1
09-03 11:32:43.630 E/[GH_ROMAII_SENSOR_HOOK]( 8987): [gh30x_fifo_evt_spo2_mode_calc] not unwear state
09-03 11:32:43.630 E/[GH_ROMAII_SENSOR_HOOK]( 8987): [gh30x_fifo_evt_spo2_mode_calc] exit
09-03 11:32:43.630 E/[GH_ROMAII_SENSOR_HOOK]( 8987): [gh30x_fifo_evt_handler] exit
09-03 11:32:43.630 E/[GH_ROMAII_SENSOR_HOOK]( 8987): [gh30x_int_msg_handler] exit
09-03 11:32:43.630 E/[GH_I2C_BUS]( 8987): start gh_dev_wait_irq
09-03 11:32:43.640 D/LIBGPS  (  647): watchdog_open PowerState:GE2 CP IDLED readcount:800802
09-03 11:32:43.640 D/LIBGPS  (  647): libgps monitor, idltime =206 second
09-03 11:32:43.640 D/LIBGPS  (  647): pid =647, ppid =231,tid =1026
09-03 11:32:43.640 D/LIBGPS  (  647): pid =647, ppid =231,tid =1026
09-03 11:32:43.640 D/LIBGPS  (  647): gps_sendHeartTest HeartCount =1
09-03 11:32:43.640 D/LIBGPS  (  647): &&& GPS_HeartCountRsp  HeartCount 0 pid =647,ppid =231
09-03 11:32:43.790 W/WindowManager(  647): Focused window stay null too long, have a update!
09-03 11:32:43.790 V/WindowManager(  647): Looking for focus: 1 = Window{41b914a8 u0 KeyguardScrim} = null, flags=1116416, canReceive=false mViewVisibility=8 mHasSurface=false
09-03 11:32:43.790 V/WindowManager(  647): Looking for focus: 0 = Window{4191a5c0 u0 com.android.systemui.ImageWallpaper} = null, flags=792, canReceive=false mViewVisibility=0 mHasSurface=true
09-03 11:32:43.790 V/WindowManager(  647): findFocusedWindow: No focusable windows.
09-03 11:32:44.600 E/[GH_I2C_BUS]( 8987): GH end gh_dev_wait_irq 0
09-03 11:32:44.600 E/[GH_ROMAII_SENSOR_HOOK]( 8987): [gh30x_int_msg_handler] enter
09-03 11:32:44.600 E/[GH_ROMAII_SENSOR_HOOK]( 8987): [gh30x_int_msg_handler] gh30x_irq_status:2， type:INT_STATUS_FIFO_WATERMARK
09-03 11:32:44.600 E/[GH_ROMAII_SENSOR_HOOK]( 8987): [gh30x_int_msg_handler] gh30x_adt_working_flag:0
09-03 11:32:44.600 E/[GH_ROMAII_SENSOR_HOOK]( 8987): [gh30x_fifo_evt_handler] enter
09-03 11:32:44.600 E/[GH_ROMAII_SENSOR_HOOK]( 8987): got gh30x fifo evt, func[RUN_MODE_SPO2_DET]
09-03 11:32:44.600 E/[GH_I2C_BUS]( 8987): gh_dev_get_acc_buffer len 40 ret 0
09-03 11:32:44.600 E/[GH_ROMAII_SENSOR_HOOK]( 8987): gsensor_drv_get_fifo_data len 40 
09-03 11:32:44.600 E/[GH_ROMAII_SENSOR_HOOK]( 8987): [gh30x_fifo_evt_spo2_mode_calc] enter
09-03 11:32:44.620 E/[GH_ROMAII_SENSOR_HOOK]( 8987): [handle_spo2_mode_result] enter
09-03 11:32:44.620 E/[GH_ROMAII_SENSOR_HOOK]( 8987): GH_3011 spo2_result : 0 , lvl 65 , hb 53, lvl85 , wearing 1
09-03 11:32:44.630 E/[GH_I2C_BUS]( 8987): gh_dev_report_key 1, weared 1 ,ppg 53 ,spo2 0 ,ret 0
09-03 11:32:44.630 E/[GH_ROMAII_SENSOR_HOOK]( 8987): [handle_spo2_mode_result] exit
09-03 11:32:44.630 E/[GH_ROMAII_SENSOR_HOOK]( 8987): spo2 calc, gs_len=40, result=0,65,53,85,1150,0,0,0,100,1,0,1
09-03 11:32:44.630 E/[GH_ROMAII_SENSOR_HOOK]( 8987): [gh30x_fifo_evt_spo2_mode_calc] wearing_state:1
09-03 11:32:44.630 E/[GH_ROMAII_SENSOR_HOOK]( 8987): [gh30x_fifo_evt_spo2_mode_calc] not unwear state
09-03 11:32:44.630 E/[GH_ROMAII_SENSOR_HOOK]( 8987): [gh30x_fifo_evt_spo2_mode_calc] exit
09-03 11:32:44.630 E/[GH_ROMAII_SENSOR_HOOK]( 8987): [gh30x_fifo_evt_handler] exit
09-03 11:32:44.630 E/[GH_ROMAII_SENSOR_HOOK]( 8987): [gh30x_int_msg_handler] exit
09-03 11:32:44.630 E/[GH_I2C_BUS]( 8987): start gh_dev_wait_irq
09-03 11:32:45.600 E/[GH_I2C_BUS]( 8987): GH end gh_dev_wait_irq 0
09-03 11:32:45.600 E/[GH_ROMAII_SENSOR_HOOK]( 8987): [gh30x_int_msg_handler] enter
09-03 11:32:45.600 E/[GH_ROMAII_SENSOR_HOOK]( 8987): [gh30x_int_msg_handler] gh30x_irq_status:2， type:INT_STATUS_FIFO_WATERMARK
09-03 11:32:45.600 E/[GH_ROMAII_SENSOR_HOOK]( 8987): [gh30x_int_msg_handler] gh30x_adt_working_flag:0
09-03 11:32:45.600 E/[GH_ROMAII_SENSOR_HOOK]( 8987): [gh30x_fifo_evt_handler] enter
09-03 11:32:45.600 E/[GH_ROMAII_SENSOR_HOOK]( 8987): got gh30x fifo evt, func[RUN_MODE_SPO2_DET]
09-03 11:32:45.600 E/[GH_I2C_BUS]( 8987): gh_dev_get_acc_buffer len 40 ret 0
09-03 11:32:45.600 E/[GH_ROMAII_SENSOR_HOOK]( 8987): gsensor_drv_get_fifo_data len 40 
09-03 11:32:45.600 E/[GH_ROMAII_SENSOR_HOOK]( 8987): [gh30x_fifo_evt_spo2_mode_calc] enter
09-03 11:32:45.620 E/[GH_ROMAII_SENSOR_HOOK]( 8987): [handle_spo2_mode_result] enter
09-03 11:32:45.620 E/[GH_ROMAII_SENSOR_HOOK]( 8987): GH_3011 spo2_result : 95 , lvl 68 , hb 53, lvl86 , wearing 1
09-03 11:32:45.630 E/[GH_I2C_BUS]( 8987): gh_dev_report_key 1, weared 1 ,ppg 53 ,spo2 95 ,ret 0
09-03 11:32:45.630 E/[GH_ROMAII_SENSOR_HOOK]( 8987): [handle_spo2_mode_result] exit
09-03 11:32:45.630 E/[GH_ROMAII_SENSOR_HOOK]( 8987): spo2 calc, gs_len=40, result=95,68,53,86,1210,0,0,0,100,1,0,1
09-03 11:32:45.630 E/[GH_ROMAII_SENSOR_HOOK]( 8987): [gh30x_fifo_evt_spo2_mode_calc] wearing_state:1
09-03 11:32:45.630 E/[GH_ROMAII_SENSOR_HOOK]( 8987): [gh30x_fifo_evt_spo2_mode_calc] not unwear state
09-03 11:32:45.630 E/[GH_ROMAII_SENSOR_HOOK]( 8987): [gh30x_fifo_evt_spo2_mode_calc] exit
09-03 11:32:45.630 E/[GH_ROMAII_SENSOR_HOOK]( 8987): [gh30x_fifo_evt_handler] exit
09-03 11:32:45.630 E/[GH_ROMAII_SENSOR_HOOK]( 8987): [gh30x_int_msg_handler] exit
09-03 11:32:45.630 E/[GH_I2C_BUS]( 8987): start gh_dev_wait_irq
09-03 11:32:45.640 D/LIBGPS  (  647): watchdog_open PowerState:GE2 CP IDLED readcount:800803
09-03 11:32:45.640 D/LIBGPS  (  647): libgps monitor, idltime =208 second
09-03 11:32:45.640 D/LIBGPS  (  647): pid =647, ppid =231,tid =1026
09-03 11:32:45.640 D/LIBGPS  (  647): pid =647, ppid =231,tid =1026
09-03 11:32:45.640 D/LIBGPS  (  647): gps_sendHeartTest HeartCount =1
09-03 11:32:45.640 D/LIBGPS  (  647): &&& GPS_HeartCountRsp  HeartCount 0 pid =647,ppid =231
09-03 11:32:46.600 E/[GH_I2C_BUS]( 8987): GH end gh_dev_wait_irq 0
09-03 11:32:46.600 E/[GH_ROMAII_SENSOR_HOOK]( 8987): [gh30x_int_msg_handler] enter
09-03 11:32:46.600 E/[GH_ROMAII_SENSOR_HOOK]( 8987): [gh30x_int_msg_handler] gh30x_irq_status:2， type:INT_STATUS_FIFO_WATERMARK
09-03 11:32:46.600 E/[GH_ROMAII_SENSOR_HOOK]( 8987): [gh30x_int_msg_handler] gh30x_adt_working_flag:0
09-03 11:32:46.600 E/[GH_ROMAII_SENSOR_HOOK]( 8987): [gh30x_fifo_evt_handler] enter
09-03 11:32:46.600 E/[GH_ROMAII_SENSOR_HOOK]( 8987): got gh30x fifo evt, func[RUN_MODE_SPO2_DET]
09-03 11:32:46.600 E/[GH_I2C_BUS]( 8987): gh_dev_get_acc_buffer len 40 ret 0
09-03 11:32:46.600 E/[GH_ROMAII_SENSOR_HOOK]( 8987): gsensor_drv_get_fifo_data len 40 
09-03 11:32:46.600 E/[GH_ROMAII_SENSOR_HOOK]( 8987): [gh30x_fifo_evt_spo2_mode_calc] enter
09-03 11:32:46.630 E/[GH_ROMAII_SENSOR_HOOK]( 8987): [handle_spo2_mode_result] enter
09-03 11:32:46.630 E/[GH_ROMAII_SENSOR_HOOK]( 8987): GH_3011 spo2_result : 95 , lvl 68 , hb 52, lvl91 , wearing 1
09-03 11:32:46.630 E/[GH_I2C_BUS]( 8987): gh_dev_report_key 1, weared 1 ,ppg 52 ,spo2 95 ,ret 0
09-03 11:32:46.630 E/[GH_ROMAII_SENSOR_HOOK]( 8987): [handle_spo2_mode_result] exit
09-03 11:32:46.630 E/[GH_ROMAII_SENSOR_HOOK]( 8987): spo2 calc, gs_len=40, result=95,68,52,91,1200,0,0,0,100,1,0,1
09-03 11:32:46.630 E/[GH_ROMAII_SENSOR_HOOK]( 8987): [gh30x_fifo_evt_spo2_mode_calc] wearing_state:1
09-03 11:32:46.630 E/[GH_ROMAII_SENSOR_HOOK]( 8987): [gh30x_fifo_evt_spo2_mode_calc] not unwear state
09-03 11:32:46.630 E/[GH_ROMAII_SENSOR_HOOK]( 8987): [gh30x_fifo_evt_spo2_mode_calc] exit
09-03 11:32:46.630 E/[GH_ROMAII_SENSOR_HOOK]( 8987): [gh30x_fifo_evt_handler] exit
09-03 11:32:46.630 E/[GH_ROMAII_SENSOR_HOOK]( 8987): [gh30x_int_msg_handler] exit
09-03 11:32:46.630 E/[GH_I2C_BUS]( 8987): start gh_dev_wait_irq
09-03 11:32:46.790 W/WindowManager(  647): Focused window stay null too long, have a update!
09-03 11:32:46.790 V/WindowManager(  647): Looking for focus: 1 = Window{41b914a8 u0 KeyguardScrim} = null, flags=1116416, canReceive=false mViewVisibility=8 mHasSurface=false
09-03 11:32:46.790 V/WindowManager(  647): Looking for focus: 0 = Window{4191a5c0 u0 com.android.systemui.ImageWallpaper} = null, flags=792, canReceive=false mViewVisibility=0 mHasSurface=true
09-03 11:32:46.790 V/WindowManager(  647): findFocusedWindow: No focusable windows.
09-03 11:32:47.140 D/WCND    (  217): is_cp2_alive_ok: open polling interface: /proc/mdbg/loopcheck, fd = 17
09-03 11:32:47.240 D/WCND    (  217): is_cp2_alive_ok: loop: /proc/mdbg/loopcheck is OK
09-03 11:32:47.390 V/Watchdog(  647): **** -1-Watchdog SCHEDULE CHECK HANDLER! ****
09-03 11:32:47.390 V/Watchdog(  647): **** -0- POST CHECHER! foreground thread ****
09-03 11:32:47.390 V/Watchdog(  647): **** -0- NO MONITOR & ISIDLING (main thread) ****
09-03 11:32:47.390 V/Watchdog(  647): **** -0- NO MONITOR & ISIDLING (ui thread) ****
09-03 11:32:47.390 V/Watchdog(  647): **** -0- NO MONITOR & ISIDLING (i/o thread) ****
09-03 11:32:47.390 V/Watchdog(  647): **** -0- NO MONITOR & ISIDLING (ActivityManager) ****
09-03 11:32:47.390 V/Watchdog(  647): **** -0- NO MONITOR & ISIDLING (PackageManager) ****
09-03 11:32:47.390 V/Watchdog(  647): **** -0- NO MONITOR & ISIDLING (PowerManagerService) ****
09-03 11:32:47.390 V/Watchdog(  647): **** -0- NO MONITOR & ISIDLING (WindowManager thread) ****
09-03 11:32:47.390 V/Watchdog(  647): **** -1- CHECK MONITORS BEGIN (foreground thread)! ****
09-03 11:32:47.390 V/Watchdog(  647): **** -2- CHECK MONITORS FINISHED (foreground thread)! ****
09-03 11:32:47.390 V/Watchdog(  647): **** -3- SYNC Watchdog.THIS FINISHED (foreground thread)! ****
09-03 11:32:47.600 E/[GH_I2C_BUS]( 8987): GH end gh_dev_wait_irq 0
09-03 11:32:47.600 E/[GH_ROMAII_SENSOR_HOOK]( 8987): [gh30x_int_msg_handler] enter
09-03 11:32:47.610 E/[GH_ROMAII_SENSOR_HOOK]( 8987): [gh30x_int_msg_handler] gh30x_irq_status:2， type:INT_STATUS_FIFO_WATERMARK
09-03 11:32:47.610 E/[GH_ROMAII_SENSOR_HOOK]( 8987): [gh30x_int_msg_handler] gh30x_adt_working_flag:0
09-03 11:32:47.610 E/[GH_ROMAII_SENSOR_HOOK]( 8987): [gh30x_fifo_evt_handler] enter
09-03 11:32:47.610 E/[GH_ROMAII_SENSOR_HOOK]( 8987): got gh30x fifo evt, func[RUN_MODE_SPO2_DET]
09-03 11:32:47.610 E/[GH_I2C_BUS]( 8987): gh_dev_get_acc_buffer len 40 ret 0
09-03 11:32:47.610 E/[GH_ROMAII_SENSOR_HOOK]( 8987): gsensor_drv_get_fifo_data len 40 
09-03 11:32:47.610 E/[GH_ROMAII_SENSOR_HOOK]( 8987): [gh30x_fifo_evt_spo2_mode_calc] enter
09-03 11:32:47.630 E/[GH_ROMAII_SENSOR_HOOK]( 8987): [handle_spo2_mode_result] enter
09-03 11:32:47.630 E/[GH_ROMAII_SENSOR_HOOK]( 8987): GH_3011 spo2_result : 95 , lvl 68 , hb 52, lvl94 , wearing 1
09-03 11:32:47.640 E/[GH_I2C_BUS]( 8987): gh_dev_report_key 1, weared 1 ,ppg 52 ,spo2 95 ,ret 0
09-03 11:32:47.640 E/[GH_ROMAII_SENSOR_HOOK]( 8987): [handle_spo2_mode_result] exit
09-03 11:32:47.640 E/[GH_ROMAII_SENSOR_HOOK]( 8987): spo2 calc, gs_len=40, result=95,68,52,94,1130,0,0,0,100,1,0,1
09-03 11:32:47.640 E/[GH_ROMAII_SENSOR_HOOK]( 8987): [gh30x_fifo_evt_spo2_mode_calc] wearing_state:1
09-03 11:32:47.640 E/[GH_ROMAII_SENSOR_HOOK]( 8987): [gh30x_fifo_evt_spo2_mode_calc] not unwear state
09-03 11:32:47.640 E/[GH_ROMAII_SENSOR_HOOK]( 8987): [gh30x_fifo_evt_spo2_mode_calc] exit
09-03 11:32:47.640 E/[GH_ROMAII_SENSOR_HOOK]( 8987): [gh30x_fifo_evt_handler] exit
09-03 11:32:47.640 E/[GH_ROMAII_SENSOR_HOOK]( 8987): [gh30x_int_msg_handler] exit
09-03 11:32:47.640 E/[GH_I2C_BUS]( 8987): start gh_dev_wait_irq
09-03 11:32:47.640 D/LIBGPS  (  647): watchdog_open PowerState:GE2 CP IDLED readcount:800804
09-03 11:32:47.640 D/LIBGPS  (  647): libgps monitor, idltime =210 second
09-03 11:32:47.640 D/LIBGPS  (  647): pid =647, ppid =231,tid =1026
09-03 11:32:47.640 D/LIBGPS  (  647): pid =647, ppid =231,tid =1026
09-03 11:32:47.640 D/LIBGPS  (  647): gps_sendHeartTest HeartCount =1
09-03 11:32:47.640 D/LIBGPS  (  647): &&& GPS_HeartCountRsp  HeartCount 0 pid =647,ppid =231
09-03 11:32:47.660 E/LIBGPS  (  647): read socet_client error: Try again
09-03 11:32:48.610 E/[GH_I2C_BUS]( 8987): GH end gh_dev_wait_irq 0
09-03 11:32:48.610 E/[GH_ROMAII_SENSOR_HOOK]( 8987): [gh30x_int_msg_handler] enter
09-03 11:32:48.610 E/[GH_ROMAII_SENSOR_HOOK]( 8987): [gh30x_int_msg_handler] gh30x_irq_status:2， type:INT_STATUS_FIFO_WATERMARK
09-03 11:32:48.610 E/[GH_ROMAII_SENSOR_HOOK]( 8987): [gh30x_int_msg_handler] gh30x_adt_working_flag:0
09-03 11:32:48.610 E/[GH_ROMAII_SENSOR_HOOK]( 8987): [gh30x_fifo_evt_handler] enter
09-03 11:32:48.610 E/[GH_ROMAII_SENSOR_HOOK]( 8987): got gh30x fifo evt, func[RUN_MODE_SPO2_DET]
09-03 11:32:48.610 E/[GH_I2C_BUS]( 8987): gh_dev_get_acc_buffer len 40 ret 0
09-03 11:32:48.610 E/[GH_ROMAII_SENSOR_HOOK]( 8987): gsensor_drv_get_fifo_data len 40 
09-03 11:32:48.610 E/[GH_ROMAII_SENSOR_HOOK]( 8987): [gh30x_fifo_evt_spo2_mode_calc] enter
09-03 11:32:48.630 E/[GH_ROMAII_SENSOR_HOOK]( 8987): [handle_spo2_mode_result] enter
09-03 11:32:48.630 E/[GH_ROMAII_SENSOR_HOOK]( 8987): GH_3011 spo2_result : 95 , lvl 69 , hb 52, lvl99 , wearing 1
09-03 11:32:48.640 E/[GH_I2C_BUS]( 8987): gh_dev_report_key 1, weared 1 ,ppg 52 ,spo2 95 ,ret 0
09-03 11:32:48.640 E/[GH_ROMAII_SENSOR_HOOK]( 8987): [handle_spo2_mode_result] exit
09-03 11:32:48.640 E/[GH_ROMAII_SENSOR_HOOK]( 8987): spo2 calc, gs_len=40, result=95,69,52,99,1180,0,0,0,100,1,0,1
09-03 11:32:48.640 E/[GH_ROMAII_SENSOR_HOOK]( 8987): [gh30x_fifo_evt_spo2_mode_calc] wearing_state:1
09-03 11:32:48.640 E/[GH_ROMAII_SENSOR_HOOK]( 8987): [gh30x_fifo_evt_spo2_mode_calc] not unwear state
09-03 11:32:48.640 E/[GH_ROMAII_SENSOR_HOOK]( 8987): [gh30x_fifo_evt_spo2_mode_calc] exit
09-03 11:32:48.640 E/[GH_ROMAII_SENSOR_HOOK]( 8987): [gh30x_fifo_evt_handler] exit
09-03 11:32:48.640 E/[GH_ROMAII_SENSOR_HOOK]( 8987): [gh30x_int_msg_handler] exit
09-03 11:32:48.640 E/[GH_I2C_BUS]( 8987): start gh_dev_wait_irq
09-03 11:32:49.610 E/[GH_I2C_BUS]( 8987): GH end gh_dev_wait_irq 0
09-03 11:32:49.610 E/[GH_ROMAII_SENSOR_HOOK]( 8987): [gh30x_int_msg_handler] enter
09-03 11:32:49.610 E/[GH_ROMAII_SENSOR_HOOK]( 8987): [gh30x_int_msg_handler] gh30x_irq_status:2， type:INT_STATUS_FIFO_WATERMARK
09-03 11:32:49.610 E/[GH_ROMAII_SENSOR_HOOK]( 8987): [gh30x_int_msg_handler] gh30x_adt_working_flag:0
09-03 11:32:49.610 E/[GH_ROMAII_SENSOR_HOOK]( 8987): [gh30x_fifo_evt_handler] enter
09-03 11:32:49.610 E/[GH_ROMAII_SENSOR_HOOK]( 8987): got gh30x fifo evt, func[RUN_MODE_SPO2_DET]
09-03 11:32:49.610 E/[GH_I2C_BUS]( 8987): gh_dev_get_acc_buffer len 39 ret 0
09-03 11:32:49.610 E/[GH_ROMAII_SENSOR_HOOK]( 8987): gsensor_drv_get_fifo_data len 39 
09-03 11:32:49.610 E/[GH_ROMAII_SENSOR_HOOK]( 8987): [gh30x_fifo_evt_spo2_mode_calc] enter
09-03 11:32:49.640 E/[GH_ROMAII_SENSOR_HOOK]( 8987): [handle_spo2_mode_result] enter
09-03 11:32:49.640 E/[GH_ROMAII_SENSOR_HOOK]( 8987): GH_3011 spo2_result : 96 , lvl 69 , hb 52, lvl99 , wearing 1
09-03 11:32:49.650 D/LIBGPS  (  647): watchdog_open PowerState:GE2 CP IDLED readcount:800805
09-03 11:32:49.650 D/LIBGPS  (  647): libgps monitor, idltime =212 second
09-03 11:32:49.650 D/LIBGPS  (  647): pid =647, ppid =231,tid =1026
09-03 11:32:49.650 D/LIBGPS  (  647): pid =647, ppid =231,tid =1026
09-03 11:32:49.650 D/LIBGPS  (  647): gps_sendHeartTest HeartCount =1
09-03 11:32:49.650 E/[GH_I2C_BUS]( 8987): gh_dev_report_key 1, weared 1 ,ppg 52 ,spo2 96 ,ret 0
09-03 11:32:49.650 E/[GH_ROMAII_SENSOR_HOOK]( 8987): [handle_spo2_mode_result] exit
09-03 11:32:49.650 E/[GH_ROMAII_SENSOR_HOOK]( 8987): spo2 calc, gs_len=39, result=96,69,52,99,1230,0,0,0,100,1,0,1
09-03 11:32:49.650 E/[GH_ROMAII_SENSOR_HOOK]( 8987): [gh30x_fifo_evt_spo2_mode_calc] wearing_state:1
09-03 11:32:49.650 E/[GH_ROMAII_SENSOR_HOOK]( 8987): [gh30x_fifo_evt_spo2_mode_calc] not unwear state
09-03 11:32:49.650 E/[GH_ROMAII_SENSOR_HOOK]( 8987): [gh30x_fifo_evt_spo2_mode_calc] exit
09-03 11:32:49.650 E/[GH_ROMAII_SENSOR_HOOK]( 8987): [gh30x_fifo_evt_handler] exit
09-03 11:32:49.650 E/[GH_ROMAII_SENSOR_HOOK]( 8987): [gh30x_int_msg_handler] exit
09-03 11:32:49.650 E/[GH_I2C_BUS]( 8987): start gh_dev_wait_irq
09-03 11:32:49.650 D/LIBGPS  (  647): &&& GPS_HeartCountRsp  HeartCount 0 pid =647,ppid =231
09-03 11:32:49.790 W/WindowManager(  647): Focused window stay null too long, have a update!
09-03 11:32:49.790 V/WindowManager(  647): Looking for focus: 1 = Window{41b914a8 u0 KeyguardScrim} = null, flags=1116416, canReceive=false mViewVisibility=8 mHasSurface=false
09-03 11:32:49.790 V/WindowManager(  647): Looking for focus: 0 = Window{4191a5c0 u0 com.android.systemui.ImageWallpaper} = null, flags=792, canReceive=false mViewVisibility=0 mHasSurface=true
09-03 11:32:49.790 V/WindowManager(  647): findFocusedWindow: No focusable windows.
09-03 11:32:50.610 E/[GH_I2C_BUS]( 8987): GH end gh_dev_wait_irq 0
09-03 11:32:50.610 E/[GH_ROMAII_SENSOR_HOOK]( 8987): [gh30x_int_msg_handler] enter
09-03 11:32:50.620 E/[GH_ROMAII_SENSOR_HOOK]( 8987): [gh30x_int_msg_handler] gh30x_irq_status:2， type:INT_STATUS_FIFO_WATERMARK
09-03 11:32:50.620 E/[GH_ROMAII_SENSOR_HOOK]( 8987): [gh30x_int_msg_handler] gh30x_adt_working_flag:0
09-03 11:32:50.620 E/[GH_ROMAII_SENSOR_HOOK]( 8987): [gh30x_fifo_evt_handler] enter
09-03 11:32:50.620 E/[GH_ROMAII_SENSOR_HOOK]( 8987): got gh30x fifo evt, func[RUN_MODE_SPO2_DET]
09-03 11:32:50.620 E/[GH_I2C_BUS]( 8987): gh_dev_get_acc_buffer len 40 ret 0
09-03 11:32:50.620 E/[GH_ROMAII_SENSOR_HOOK]( 8987): gsensor_drv_get_fifo_data len 40 
09-03 11:32:50.620 E/[GH_ROMAII_SENSOR_HOOK]( 8987): [gh30x_fifo_evt_spo2_mode_calc] enter
09-03 11:32:50.640 E/[GH_ROMAII_SENSOR_HOOK]( 8987): [handle_spo2_mode_result] enter
09-03 11:32:50.640 E/[GH_ROMAII_SENSOR_HOOK]( 8987): GH_3011 spo2_result : 96 , lvl 69 , hb 52, lvl99 , wearing 1
09-03 11:32:50.650 E/[GH_I2C_BUS]( 8987): gh_dev_report_key 1, weared 1 ,ppg 52 ,spo2 96 ,ret 0
09-03 11:32:50.650 E/[GH_ROMAII_SENSOR_HOOK]( 8987): [handle_spo2_mode_result] exit
09-03 11:32:50.650 E/[GH_ROMAII_SENSOR_HOOK]( 8987): spo2 calc, gs_len=40, result=96,69,52,99,1190,0,0,0,100,1,0,1
09-03 11:32:50.650 E/[GH_ROMAII_SENSOR_HOOK]( 8987): [gh30x_fifo_evt_spo2_mode_calc] wearing_state:1
09-03 11:32:50.650 E/[GH_ROMAII_SENSOR_HOOK]( 8987): [gh30x_fifo_evt_spo2_mode_calc] not unwear state
09-03 11:32:50.650 E/[GH_ROMAII_SENSOR_HOOK]( 8987): [gh30x_fifo_evt_spo2_mode_calc] exit
09-03 11:32:50.650 E/[GH_ROMAII_SENSOR_HOOK]( 8987): [gh30x_fifo_evt_handler] exit
09-03 11:32:50.650 E/[GH_ROMAII_SENSOR_HOOK]( 8987): [gh30x_int_msg_handler] exit
09-03 11:32:50.650 E/[GH_I2C_BUS]( 8987): start gh_dev_wait_irq
09-03 11:32:51.620 E/[GH_I2C_BUS]( 8987): GH end gh_dev_wait_irq 0
09-03 11:32:51.620 E/[GH_ROMAII_SENSOR_HOOK]( 8987): [gh30x_int_msg_handler] enter
09-03 11:32:51.620 E/[GH_ROMAII_SENSOR_HOOK]( 8987): [gh30x_int_msg_handler] gh30x_irq_status:2， type:INT_STATUS_FIFO_WATERMARK
09-03 11:32:51.620 E/[GH_ROMAII_SENSOR_HOOK]( 8987): [gh30x_int_msg_handler] gh30x_adt_working_flag:0
09-03 11:32:51.620 E/[GH_ROMAII_SENSOR_HOOK]( 8987): [gh30x_fifo_evt_handler] enter
09-03 11:32:51.620 E/[GH_ROMAII_SENSOR_HOOK]( 8987): got gh30x fifo evt, func[RUN_MODE_SPO2_DET]
09-03 11:32:51.620 E/[GH_I2C_BUS]( 8987): gh_dev_get_acc_buffer len 40 ret 0
09-03 11:32:51.620 E/[GH_ROMAII_SENSOR_HOOK]( 8987): gsensor_drv_get_fifo_data len 40 
09-03 11:32:51.620 E/[GH_ROMAII_SENSOR_HOOK]( 8987): [gh30x_fifo_evt_spo2_mode_calc] enter
09-03 11:32:51.650 D/LIBGPS  (  647): watchdog_open PowerState:GE2 CP IDLED readcount:800806
09-03 11:32:51.650 D/LIBGPS  (  647): libgps monitor, idltime =214 second
09-03 11:32:51.650 D/LIBGPS  (  647): pid =647, ppid =231,tid =1026
09-03 11:32:51.650 D/LIBGPS  (  647): pid =647, ppid =231,tid =1026
09-03 11:32:51.650 D/LIBGPS  (  647): gps_sendHeartTest HeartCount =1
09-03 11:32:51.650 D/LIBGPS  (  647): &&& GPS_HeartCountRsp  HeartCount 0 pid =647,ppid =231
09-03 11:32:51.650 E/[GH_ROMAII_SENSOR_HOOK]( 8987): [handle_spo2_mode_result] enter
09-03 11:32:51.650 E/[GH_ROMAII_SENSOR_HOOK]( 8987): GH_3011 spo2_result : 96 , lvl 69 , hb 51, lvl99 , wearing 1
09-03 11:32:51.660 E/[GH_I2C_BUS]( 8987): gh_dev_report_key 1, weared 1 ,ppg 51 ,spo2 96 ,ret 0
09-03 11:32:51.660 E/[GH_ROMAII_SENSOR_HOOK]( 8987): [handle_spo2_mode_result] exit
09-03 11:32:51.660 E/[GH_ROMAII_SENSOR_HOOK]( 8987): spo2 calc, gs_len=40, result=96,69,51,99,1190,0,0,0,100,1,0,1
09-03 11:32:51.660 E/[GH_ROMAII_SENSOR_HOOK]( 8987): [gh30x_fifo_evt_spo2_mode_calc] wearing_state:1
09-03 11:32:51.660 E/[GH_ROMAII_SENSOR_HOOK]( 8987): [gh30x_fifo_evt_spo2_mode_calc] not unwear state
09-03 11:32:51.660 E/[GH_ROMAII_SENSOR_HOOK]( 8987): [gh30x_fifo_evt_spo2_mode_calc] exit
09-03 11:32:51.660 E/[GH_ROMAII_SENSOR_HOOK]( 8987): [gh30x_fifo_evt_handler] exit
09-03 11:32:51.660 E/[GH_ROMAII_SENSOR_HOOK]( 8987): [gh30x_int_msg_handler] exit
09-03 11:32:51.670 E/[GH_I2C_BUS]( 8987): start gh_dev_wait_irq
09-03 11:32:52.240 D/WCND    (  217): is_cp2_alive_ok: open polling interface: /proc/mdbg/loopcheck, fd = 17
09-03 11:32:52.340 D/WCND    (  217): is_cp2_alive_ok: loop: /proc/mdbg/loopcheck is OK
09-03 11:32:52.620 E/[GH_I2C_BUS]( 8987): GH end gh_dev_wait_irq 0
09-03 11:32:52.620 E/[GH_ROMAII_SENSOR_HOOK]( 8987): [gh30x_int_msg_handler] enter
09-03 11:32:52.620 E/[GH_ROMAII_SENSOR_HOOK]( 8987): [gh30x_int_msg_handler] gh30x_irq_status:2， type:INT_STATUS_FIFO_WATERMARK
09-03 11:32:52.620 E/[GH_ROMAII_SENSOR_HOOK]( 8987): [gh30x_int_msg_handler] gh30x_adt_working_flag:0
09-03 11:32:52.620 E/[GH_ROMAII_SENSOR_HOOK]( 8987): [gh30x_fifo_evt_handler] enter
09-03 11:32:52.620 E/[GH_ROMAII_SENSOR_HOOK]( 8987): got gh30x fifo evt, func[RUN_MODE_SPO2_DET]
09-03 11:32:52.620 E/[GH_I2C_BUS]( 8987): gh_dev_get_acc_buffer len 40 ret 0
09-03 11:32:52.620 E/[GH_ROMAII_SENSOR_HOOK]( 8987): gsensor_drv_get_fifo_data len 40 
09-03 11:32:52.620 E/[GH_ROMAII_SENSOR_HOOK]( 8987): [gh30x_fifo_evt_spo2_mode_calc] enter
09-03 11:32:52.640 E/[GH_ROMAII_SENSOR_HOOK]( 8987): [handle_spo2_mode_result] enter
09-03 11:32:52.640 E/[GH_ROMAII_SENSOR_HOOK]( 8987): GH_3011 spo2_result : 98 , lvl 68 , hb 51, lvl99 , wearing 1
09-03 11:32:52.650 E/[GH_I2C_BUS]( 8987): gh_dev_report_key 1, weared 1 ,ppg 51 ,spo2 98 ,ret 0
09-03 11:32:52.650 E/[GH_ROMAII_SENSOR_HOOK]( 8987): [handle_spo2_mode_result] exit
09-03 11:32:52.650 E/[GH_ROMAII_SENSOR_HOOK]( 8987): spo2 calc, gs_len=40, result=98,68,51,99,1100,0,0,0,100,1,5550,1
09-03 11:32:52.650 E/[GH_ROMAII_SENSOR_HOOK]( 8987): [gh30x_fifo_evt_spo2_mode_calc] wearing_state:1
09-03 11:32:52.650 E/[GH_ROMAII_SENSOR_HOOK]( 8987): [gh30x_fifo_evt_spo2_mode_calc] not unwear state
09-03 11:32:52.650 E/[GH_ROMAII_SENSOR_HOOK]( 8987): [gh30x_fifo_evt_spo2_mode_calc] exit
09-03 11:32:52.650 E/[GH_ROMAII_SENSOR_HOOK]( 8987): [gh30x_fifo_evt_handler] exit
09-03 11:32:52.650 E/[GH_ROMAII_SENSOR_HOOK]( 8987): [gh30x_int_msg_handler] exit
09-03 11:32:52.650 E/[GH_I2C_BUS]( 8987): start gh_dev_wait_irq
09-03 11:32:52.660 E/LIBGPS  (  647): read socet_client error: Try again
09-03 11:32:52.800 W/WindowManager(  647): Focused window stay null too long, have a update!
09-03 11:32:52.800 V/WindowManager(  647): Looking for focus: 1 = Window{41b914a8 u0 KeyguardScrim} = null, flags=1116416, canReceive=false mViewVisibility=8 mHasSurface=false
09-03 11:32:52.800 V/WindowManager(  647): Looking for focus: 0 = Window{4191a5c0 u0 com.android.systemui.ImageWallpaper} = null, flags=792, canReceive=false mViewVisibility=0 mHasSurface=true
09-03 11:32:52.800 V/WindowManager(  647): findFocusedWindow: No focusable windows.
09-03 11:32:53.620 E/[GH_I2C_BUS]( 8987): GH end gh_dev_wait_irq 0
09-03 11:32:53.620 E/[GH_ROMAII_SENSOR_HOOK]( 8987): [gh30x_int_msg_handler] enter
09-03 11:32:53.620 E/[GH_ROMAII_SENSOR_HOOK]( 8987): [gh30x_int_msg_handler] gh30x_irq_status:2， type:INT_STATUS_FIFO_WATERMARK
09-03 11:32:53.620 E/[GH_ROMAII_SENSOR_HOOK]( 8987): [gh30x_int_msg_handler] gh30x_adt_working_flag:0
09-03 11:32:53.620 E/[GH_ROMAII_SENSOR_HOOK]( 8987): [gh30x_fifo_evt_handler] enter
09-03 11:32:53.620 E/[GH_ROMAII_SENSOR_HOOK]( 8987): got gh30x fifo evt, func[RUN_MODE_SPO2_DET]
09-03 11:32:53.620 E/[GH_I2C_BUS]( 8987): gh_dev_get_acc_buffer len 40 ret 0
09-03 11:32:53.620 E/[GH_ROMAII_SENSOR_HOOK]( 8987): gsensor_drv_get_fifo_data len 40 
09-03 11:32:53.630 E/[GH_ROMAII_SENSOR_HOOK]( 8987): [gh30x_fifo_evt_spo2_mode_calc] enter
09-03 11:32:53.650 D/LIBGPS  (  647): watchdog_open PowerState:GE2 CP IDLED readcount:800807
09-03 11:32:53.650 D/LIBGPS  (  647): libgps monitor, idltime =216 second
09-03 11:32:53.650 D/LIBGPS  (  647): pid =647, ppid =231,tid =1026
09-03 11:32:53.650 D/LIBGPS  (  647): pid =647, ppid =231,tid =1026
09-03 11:32:53.650 D/LIBGPS  (  647): gps_sendHeartTest HeartCount =1
09-03 11:32:53.650 D/LIBGPS  (  647): &&& GPS_HeartCountRsp  HeartCount 0 pid =647,ppid =231
09-03 11:32:53.650 E/[GH_ROMAII_SENSOR_HOOK]( 8987): [handle_spo2_mode_result] enter
09-03 11:32:53.650 E/[GH_ROMAII_SENSOR_HOOK]( 8987): GH_3011 spo2_result : 98 , lvl 68 , hb 51, lvl99 , wearing 1
09-03 11:32:53.660 E/[GH_I2C_BUS]( 8987): gh_dev_report_key 1, weared 1 ,ppg 51 ,spo2 98 ,ret 0
09-03 11:32:53.660 E/[GH_ROMAII_SENSOR_HOOK]( 8987): [handle_spo2_mode_result] exit
09-03 11:32:53.660 E/[GH_ROMAII_SENSOR_HOOK]( 8987): spo2 calc, gs_len=40, result=98,68,51,99,1180,0,0,0,100,1,5550,1
09-03 11:32:53.660 E/[GH_ROMAII_SENSOR_HOOK]( 8987): [gh30x_fifo_evt_spo2_mode_calc] wearing_state:1
09-03 11:32:53.660 E/[GH_ROMAII_SENSOR_HOOK]( 8987): [gh30x_fifo_evt_spo2_mode_calc] not unwear state
09-03 11:32:53.660 E/[GH_ROMAII_SENSOR_HOOK]( 8987): [gh30x_fifo_evt_spo2_mode_calc] exit
09-03 11:32:53.660 E/[GH_ROMAII_SENSOR_HOOK]( 8987): [gh30x_fifo_evt_handler] exit
09-03 11:32:53.660 E/[GH_ROMAII_SENSOR_HOOK]( 8987): [gh30x_int_msg_handler] exit
09-03 11:32:53.660 E/[GH_I2C_BUS]( 8987): start gh_dev_wait_irq
09-03 11:32:54.630 E/[GH_I2C_BUS]( 8987): GH end gh_dev_wait_irq 0
09-03 11:32:54.630 E/[GH_ROMAII_SENSOR_HOOK]( 8987): [gh30x_int_msg_handler] enter
09-03 11:32:54.630 E/[GH_ROMAII_SENSOR_HOOK]( 8987): [gh30x_int_msg_handler] gh30x_irq_status:2， type:INT_STATUS_FIFO_WATERMARK
09-03 11:32:54.630 E/[GH_ROMAII_SENSOR_HOOK]( 8987): [gh30x_int_msg_handler] gh30x_adt_working_flag:0
09-03 11:32:54.630 E/[GH_ROMAII_SENSOR_HOOK]( 8987): [gh30x_fifo_evt_handler] enter
09-03 11:32:54.630 E/[GH_ROMAII_SENSOR_HOOK]( 8987): got gh30x fifo evt, func[RUN_MODE_SPO2_DET]
09-03 11:32:54.630 E/[GH_I2C_BUS]( 8987): gh_dev_get_acc_buffer len 40 ret 0
09-03 11:32:54.630 E/[GH_ROMAII_SENSOR_HOOK]( 8987): gsensor_drv_get_fifo_data len 40 
09-03 11:32:54.630 E/[GH_ROMAII_SENSOR_HOOK]( 8987): [gh30x_fifo_evt_spo2_mode_calc] enter
09-03 11:32:54.650 E/[GH_ROMAII_SENSOR_HOOK]( 8987): [handle_spo2_mode_result] enter
09-03 11:32:54.650 E/[GH_ROMAII_SENSOR_HOOK]( 8987): GH_3011 spo2_result : 98 , lvl 67 , hb 51, lvl99 , wearing 1
09-03 11:32:54.660 E/[GH_I2C_BUS]( 8987): gh_dev_report_key 1, weared 1 ,ppg 51 ,spo2 98 ,ret 0
09-03 11:32:54.660 E/[GH_ROMAII_SENSOR_HOOK]( 8987): [handle_spo2_mode_result] exit
09-03 11:32:54.660 E/[GH_ROMAII_SENSOR_HOOK]( 8987): spo2 calc, gs_len=40, result=98,67,51,99,1190,0,0,0,40,1,5550,1
09-03 11:32:54.660 E/[GH_ROMAII_SENSOR_HOOK]( 8987): [gh30x_fifo_evt_spo2_mode_calc] wearing_state:1
09-03 11:32:54.660 E/[GH_ROMAII_SENSOR_HOOK]( 8987): [gh30x_fifo_evt_spo2_mode_calc] not unwear state
09-03 11:32:54.660 E/[GH_ROMAII_SENSOR_HOOK]( 8987): [gh30x_fifo_evt_spo2_mode_calc] exit
09-03 11:32:54.660 E/[GH_ROMAII_SENSOR_HOOK]( 8987): [gh30x_fifo_evt_handler] exit
09-03 11:32:54.660 E/[GH_ROMAII_SENSOR_HOOK]( 8987): [gh30x_int_msg_handler] exit
09-03 11:32:54.660 E/[GH_I2C_BUS]( 8987): start gh_dev_wait_irq
09-03 11:32:55.630 E/[GH_I2C_BUS]( 8987): GH end gh_dev_wait_irq 0
09-03 11:32:55.630 E/[GH_ROMAII_SENSOR_HOOK]( 8987): [gh30x_int_msg_handler] enter
09-03 11:32:55.630 E/[GH_ROMAII_SENSOR_HOOK]( 8987): [gh30x_int_msg_handler] gh30x_irq_status:2， type:INT_STATUS_FIFO_WATERMARK
09-03 11:32:55.630 E/[GH_ROMAII_SENSOR_HOOK]( 8987): [gh30x_int_msg_handler] gh30x_adt_working_flag:0
09-03 11:32:55.630 E/[GH_ROMAII_SENSOR_HOOK]( 8987): [gh30x_fifo_evt_handler] enter
09-03 11:32:55.630 E/[GH_ROMAII_SENSOR_HOOK]( 8987): got gh30x fifo evt, func[RUN_MODE_SPO2_DET]
09-03 11:32:55.630 E/[GH_I2C_BUS]( 8987): gh_dev_get_acc_buffer len 40 ret 0
09-03 11:32:55.630 E/[GH_ROMAII_SENSOR_HOOK]( 8987): gsensor_drv_get_fifo_data len 40 
09-03 11:32:55.630 E/[GH_ROMAII_SENSOR_HOOK]( 8987): [gh30x_fifo_evt_spo2_mode_calc] enter
09-03 11:32:55.650 D/LIBGPS  (  647): watchdog_open PowerState:GE2 CP IDLED readcount:800808
09-03 11:32:55.650 D/LIBGPS  (  647): libgps monitor, idltime =218 second
09-03 11:32:55.650 D/LIBGPS  (  647): pid =647, ppid =231,tid =1026
09-03 11:32:55.650 D/LIBGPS  (  647): pid =647, ppid =231,tid =1026
09-03 11:32:55.650 D/LIBGPS  (  647): gps_sendHeartTest HeartCount =1
09-03 11:32:55.650 D/LIBGPS  (  647): &&& GPS_HeartCountRsp  HeartCount 0 pid =647,ppid =231
09-03 11:32:55.650 E/[GH_ROMAII_SENSOR_HOOK]( 8987): [handle_spo2_mode_result] enter
09-03 11:32:55.650 E/[GH_ROMAII_SENSOR_HOOK]( 8987): GH_3011 spo2_result : 98 , lvl 66 , hb 51, lvl99 , wearing 1
09-03 11:32:55.660 E/[GH_I2C_BUS]( 8987): gh_dev_report_key 1, weared 1 ,ppg 51 ,spo2 98 ,ret 0
09-03 11:32:55.660 E/[GH_ROMAII_SENSOR_HOOK]( 8987): [handle_spo2_mode_result] exit
09-03 11:32:55.660 E/[GH_ROMAII_SENSOR_HOOK]( 8987): spo2 calc, gs_len=40, result=98,66,51,99,1310,0,0,0,40,1,5550,1
09-03 11:32:55.660 E/[GH_ROMAII_SENSOR_HOOK]( 8987): [gh30x_fifo_evt_spo2_mode_calc] wearing_state:1
09-03 11:32:55.660 E/[GH_ROMAII_SENSOR_HOOK]( 8987): [gh30x_fifo_evt_spo2_mode_calc] not unwear state
09-03 11:32:55.660 E/[GH_ROMAII_SENSOR_HOOK]( 8987): [gh30x_fifo_evt_spo2_mode_calc] exit
09-03 11:32:55.660 E/[GH_ROMAII_SENSOR_HOOK]( 8987): [gh30x_fifo_evt_handler] exit
09-03 11:32:55.660 E/[GH_ROMAII_SENSOR_HOOK]( 8987): [gh30x_int_msg_handler] exit
09-03 11:32:55.660 E/[GH_I2C_BUS]( 8987): start gh_dev_wait_irq
09-03 11:32:55.800 W/WindowManager(  647): Focused window stay null too long, have a update!
09-03 11:32:55.800 V/WindowManager(  647): Looking for focus: 1 = Window{41b914a8 u0 KeyguardScrim} = null, flags=1116416, canReceive=false mViewVisibility=8 mHasSurface=false
09-03 11:32:55.800 V/WindowManager(  647): Looking for focus: 0 = Window{4191a5c0 u0 com.android.systemui.ImageWallpaper} = null, flags=792, canReceive=false mViewVisibility=0 mHasSurface=true
09-03 11:32:55.800 V/WindowManager(  647): findFocusedWindow: No focusable windows.
09-03 11:32:56.630 E/[GH_I2C_BUS]( 8987): GH end gh_dev_wait_irq 0
09-03 11:32:56.630 E/[GH_ROMAII_SENSOR_HOOK]( 8987): [gh30x_int_msg_handler] enter
09-03 11:32:56.630 E/[GH_ROMAII_SENSOR_HOOK]( 8987): [gh30x_int_msg_handler] gh30x_irq_status:2， type:INT_STATUS_FIFO_WATERMARK
09-03 11:32:56.630 E/[GH_ROMAII_SENSOR_HOOK]( 8987): [gh30x_int_msg_handler] gh30x_adt_working_flag:0
09-03 11:32:56.630 E/[GH_ROMAII_SENSOR_HOOK]( 8987): [gh30x_fifo_evt_handler] enter
09-03 11:32:56.630 E/[GH_ROMAII_SENSOR_HOOK]( 8987): got gh30x fifo evt, func[RUN_MODE_SPO2_DET]
09-03 11:32:56.630 E/[GH_I2C_BUS]( 8987): gh_dev_get_acc_buffer len 40 ret 0
09-03 11:32:56.630 E/[GH_ROMAII_SENSOR_HOOK]( 8987): gsensor_drv_get_fifo_data len 40 
09-03 11:32:56.640 E/[GH_ROMAII_SENSOR_HOOK]( 8987): [gh30x_fifo_evt_spo2_mode_calc] enter
09-03 11:32:56.660 E/[GH_ROMAII_SENSOR_HOOK]( 8987): [handle_spo2_mode_result] enter
09-03 11:32:56.660 E/[GH_ROMAII_SENSOR_HOOK]( 8987): GH_3011 spo2_result : 98 , lvl 61 , hb 51, lvl99 , wearing 1
09-03 11:32:56.670 E/[GH_I2C_BUS]( 8987): gh_dev_report_key 1, weared 1 ,ppg 51 ,spo2 98 ,ret 0
09-03 11:32:56.670 E/[GH_ROMAII_SENSOR_HOOK]( 8987): [handle_spo2_mode_result] exit
09-03 11:32:56.670 E/[GH_ROMAII_SENSOR_HOOK]( 8987): spo2 calc, gs_len=40, result=98,61,51,99,680,0,0,0,40,1,5550,1
09-03 11:32:56.670 E/[GH_ROMAII_SENSOR_HOOK]( 8987): [gh30x_fifo_evt_spo2_mode_calc] wearing_state:1
09-03 11:32:56.670 E/[GH_ROMAII_SENSOR_HOOK]( 8987): [gh30x_fifo_evt_spo2_mode_calc] not unwear state
09-03 11:32:56.670 E/[GH_ROMAII_SENSOR_HOOK]( 8987): [gh30x_fifo_evt_spo2_mode_calc] exit
09-03 11:32:56.670 E/[GH_ROMAII_SENSOR_HOOK]( 8987): [gh30x_fifo_evt_handler] exit
09-03 11:32:56.670 E/[GH_ROMAII_SENSOR_HOOK]( 8987): [gh30x_int_msg_handler] exit
09-03 11:32:56.670 E/[GH_I2C_BUS]( 8987): start gh_dev_wait_irq
09-03 11:32:57.350 D/WCND    (  217): is_cp2_alive_ok: open polling interface: /proc/mdbg/loopcheck, fd = 17
09-03 11:32:57.450 D/WCND    (  217): is_cp2_alive_ok: loop: /proc/mdbg/loopcheck is OK
09-03 11:32:57.640 E/[GH_I2C_BUS]( 8987): GH end gh_dev_wait_irq 0
09-03 11:32:57.640 E/[GH_ROMAII_SENSOR_HOOK]( 8987): [gh30x_int_msg_handler] enter
09-03 11:32:57.640 E/[GH_ROMAII_SENSOR_HOOK]( 8987): [gh30x_int_msg_handler] gh30x_irq_status:2， type:INT_STATUS_FIFO_WATERMARK
09-03 11:32:57.640 E/[GH_ROMAII_SENSOR_HOOK]( 8987): [gh30x_int_msg_handler] gh30x_adt_working_flag:0
09-03 11:32:57.640 E/[GH_ROMAII_SENSOR_HOOK]( 8987): [gh30x_fifo_evt_handler] enter
09-03 11:32:57.640 E/[GH_ROMAII_SENSOR_HOOK]( 8987): got gh30x fifo evt, func[RUN_MODE_SPO2_DET]
09-03 11:32:57.640 E/[GH_I2C_BUS]( 8987): gh_dev_get_acc_buffer len 40 ret 0
09-03 11:32:57.640 E/[GH_ROMAII_SENSOR_HOOK]( 8987): gsensor_drv_get_fifo_data len 40 
09-03 11:32:57.640 E/[GH_ROMAII_SENSOR_HOOK]( 8987): [gh30x_fifo_evt_spo2_mode_calc] enter
09-03 11:32:57.650 D/LIBGPS  (  647): watchdog_open PowerState:GE2 CP IDLED readcount:800809
09-03 11:32:57.650 D/LIBGPS  (  647): libgps monitor, idltime =220 second
09-03 11:32:57.650 D/LIBGPS  (  647): pid =647, ppid =231,tid =1026
09-03 11:32:57.650 D/LIBGPS  (  647): pid =647, ppid =231,tid =1026
09-03 11:32:57.650 D/LIBGPS  (  647): gps_sendHeartTest HeartCount =1
09-03 11:32:57.650 D/LIBGPS  (  647): &&& GPS_HeartCountRsp  HeartCount 0 pid =647,ppid =231
09-03 11:32:57.660 E/LIBGPS  (  647): read socet_client error: Try again
09-03 11:32:57.660 E/[GH_ROMAII_SENSOR_HOOK]( 8987): [handle_spo2_mode_result] enter
09-03 11:32:57.660 E/[GH_ROMAII_SENSOR_HOOK]( 8987): GH_3011 spo2_result : 98 , lvl 54 , hb 51, lvl99 , wearing 1
09-03 11:32:57.670 E/[GH_I2C_BUS]( 8987): gh_dev_report_key 1, weared 1 ,ppg 51 ,spo2 98 ,ret 0
09-03 11:32:57.670 E/[GH_ROMAII_SENSOR_HOOK]( 8987): [handle_spo2_mode_result] exit
09-03 11:32:57.670 E/[GH_ROMAII_SENSOR_HOOK]( 8987): spo2 calc, gs_len=40, result=98,54,51,99,710,830,0,0,40,2,5550,1
09-03 11:32:57.670 E/[GH_ROMAII_SENSOR_HOOK]( 8987): [gh30x_fifo_evt_spo2_mode_calc] wearing_state:1
09-03 11:32:57.670 E/[GH_ROMAII_SENSOR_HOOK]( 8987): [gh30x_fifo_evt_spo2_mode_calc] not unwear state
09-03 11:32:57.670 E/[GH_ROMAII_SENSOR_HOOK]( 8987): [gh30x_fifo_evt_spo2_mode_calc] exit
09-03 11:32:57.670 E/[GH_ROMAII_SENSOR_HOOK]( 8987): [gh30x_fifo_evt_handler] exit
09-03 11:32:57.670 E/[GH_ROMAII_SENSOR_HOOK]( 8987): [gh30x_int_msg_handler] exit
09-03 11:32:57.670 E/[GH_I2C_BUS]( 8987): start gh_dev_wait_irq
09-03 11:32:58.640 E/[GH_I2C_BUS]( 8987): GH end gh_dev_wait_irq 0
09-03 11:32:58.640 E/[GH_ROMAII_SENSOR_HOOK]( 8987): [gh30x_int_msg_handler] enter
09-03 11:32:58.640 E/[GH_ROMAII_SENSOR_HOOK]( 8987): [gh30x_int_msg_handler] gh30x_irq_status:2， type:INT_STATUS_FIFO_WATERMARK
09-03 11:32:58.640 E/[GH_ROMAII_SENSOR_HOOK]( 8987): [gh30x_int_msg_handler] gh30x_adt_working_flag:0
09-03 11:32:58.640 E/[GH_ROMAII_SENSOR_HOOK]( 8987): [gh30x_fifo_evt_handler] enter
09-03 11:32:58.640 E/[GH_ROMAII_SENSOR_HOOK]( 8987): got gh30x fifo evt, func[RUN_MODE_SPO2_DET]
09-03 11:32:58.640 E/[GH_I2C_BUS]( 8987): gh_dev_get_acc_buffer len 40 ret 0
09-03 11:32:58.640 E/[GH_ROMAII_SENSOR_HOOK]( 8987): gsensor_drv_get_fifo_data len 40 
09-03 11:32:58.640 E/[GH_ROMAII_SENSOR_HOOK]( 8987): [gh30x_fifo_evt_spo2_mode_calc] enter
09-03 11:32:58.680 E/[GH_ROMAII_SENSOR_HOOK]( 8987): [handle_spo2_mode_result] enter
09-03 11:32:58.680 E/[GH_ROMAII_SENSOR_HOOK]( 8987): GH_3011 spo2_result : 98 , lvl 51 , hb 51, lvl99 , wearing 1
09-03 11:32:58.690 E/[GH_I2C_BUS]( 8987): gh_dev_report_key 1, weared 1 ,ppg 51 ,spo2 98 ,ret 0
09-03 11:32:58.690 E/[GH_ROMAII_SENSOR_HOOK]( 8987): [handle_spo2_mode_result] exit
09-03 11:32:58.690 E/[GH_ROMAII_SENSOR_HOOK]( 8987): spo2 calc, gs_len=40, result=98,51,51,99,710,830,0,0,40,2,5550,1
09-03 11:32:58.690 E/[GH_ROMAII_SENSOR_HOOK]( 8987): [gh30x_fifo_evt_spo2_mode_calc] wearing_state:1
09-03 11:32:58.690 E/[GH_ROMAII_SENSOR_HOOK]( 8987): [gh30x_fifo_evt_spo2_mode_calc] not unwear state
09-03 11:32:58.690 E/[GH_ROMAII_SENSOR_HOOK]( 8987): [gh30x_fifo_evt_spo2_mode_calc] exit
09-03 11:32:58.690 E/[GH_ROMAII_SENSOR_HOOK]( 8987): [gh30x_fifo_evt_handler] exit
09-03 11:32:58.690 E/[GH_ROMAII_SENSOR_HOOK]( 8987): [gh30x_int_msg_handler] exit
09-03 11:32:58.690 E/[GH_I2C_BUS]( 8987): start gh_dev_wait_irq
09-03 11:32:58.800 W/WindowManager(  647): Focused window stay null too long, have a update!
09-03 11:32:58.800 V/WindowManager(  647): Looking for focus: 1 = Window{41b914a8 u0 KeyguardScrim} = null, flags=1116416, canReceive=false mViewVisibility=8 mHasSurface=false
09-03 11:32:58.800 V/WindowManager(  647): Looking for focus: 0 = Window{4191a5c0 u0 com.android.systemui.ImageWallpaper} = null, flags=792, canReceive=false mViewVisibility=0 mHasSurface=true
09-03 11:32:58.800 V/WindowManager(  647): findFocusedWindow: No focusable windows.
09-03 11:32:59.640 E/[GH_I2C_BUS]( 8987): GH end gh_dev_wait_irq 0
09-03 11:32:59.640 E/[GH_ROMAII_SENSOR_HOOK]( 8987): [gh30x_int_msg_handler] enter
09-03 11:32:59.640 E/[GH_ROMAII_SENSOR_HOOK]( 8987): [gh30x_int_msg_handler] gh30x_irq_status:2， type:INT_STATUS_FIFO_WATERMARK
09-03 11:32:59.640 E/[GH_ROMAII_SENSOR_HOOK]( 8987): [gh30x_int_msg_handler] gh30x_adt_working_flag:0
09-03 11:32:59.650 E/[GH_ROMAII_SENSOR_HOOK]( 8987): [gh30x_fifo_evt_handler] enter
09-03 11:32:59.650 E/[GH_ROMAII_SENSOR_HOOK]( 8987): got gh30x fifo evt, func[RUN_MODE_SPO2_DET]
09-03 11:32:59.650 E/[GH_I2C_BUS]( 8987): gh_dev_get_acc_buffer len 39 ret 0
09-03 11:32:59.650 E/[GH_ROMAII_SENSOR_HOOK]( 8987): gsensor_drv_get_fifo_data len 39 
09-03 11:32:59.650 E/[GH_ROMAII_SENSOR_HOOK]( 8987): [gh30x_fifo_evt_spo2_mode_calc] enter
09-03 11:32:59.650 D/LIBGPS  (  647): watchdog_open PowerState:GE2 CP IDLED readcount:800810
09-03 11:32:59.650 D/LIBGPS  (  647): libgps monitor, idltime =222 second
09-03 11:32:59.650 D/LIBGPS  (  647): pid =647, ppid =231,tid =1026
09-03 11:32:59.650 D/LIBGPS  (  647): pid =647, ppid =231,tid =1026
09-03 11:32:59.650 D/LIBGPS  (  647): gps_sendHeartTest HeartCount =1
09-03 11:32:59.650 D/LIBGPS  (  647): &&& GPS_HeartCountRsp  HeartCount 0 pid =647,ppid =231
09-03 11:32:59.690 E/[GH_ROMAII_SENSOR_HOOK]( 8987): [handle_spo2_mode_result] enter
09-03 11:32:59.690 E/[GH_ROMAII_SENSOR_HOOK]( 8987): GH_3011 spo2_result : 98 , lvl 49 , hb 51, lvl99 , wearing 1
09-03 11:32:59.700 E/[GH_I2C_BUS]( 8987): gh_dev_report_key 1, weared 1 ,ppg 51 ,spo2 98 ,ret 0
09-03 11:32:59.700 E/[GH_ROMAII_SENSOR_HOOK]( 8987): [handle_spo2_mode_result] exit
09-03 11:32:59.700 E/[GH_ROMAII_SENSOR_HOOK]( 8987): spo2 calc, gs_len=39, result=98,49,51,99,1060,0,0,0,40,1,5550,1
09-03 11:32:59.700 E/[GH_ROMAII_SENSOR_HOOK]( 8987): [gh30x_fifo_evt_spo2_mode_calc] wearing_state:1
09-03 11:32:59.700 E/[GH_ROMAII_SENSOR_HOOK]( 8987): [gh30x_fifo_evt_spo2_mode_calc] not unwear state
09-03 11:32:59.700 E/[GH_ROMAII_SENSOR_HOOK]( 8987): [gh30x_fifo_evt_spo2_mode_calc] exit
09-03 11:32:59.700 E/[GH_ROMAII_SENSOR_HOOK]( 8987): [gh30x_fifo_evt_handler] exit
09-03 11:32:59.700 E/[GH_ROMAII_SENSOR_HOOK]( 8987): [gh30x_int_msg_handler] exit
09-03 11:32:59.700 E/[GH_I2C_BUS]( 8987): start gh_dev_wait_irq
09-03 11:32:59.990 D/AlarmManager(  647): waitForAlarm result:8, nowELAPSED:53923586, nowRTC:1788442379999
09-03 11:32:59.990 D/AlarmManager(  647): triggerList.add i = 0
09-03 11:32:59.990 D/AlarmManager(  647): break
09-03 11:32:59.990 D/AlarmManager(  647): sending alarm type:3 operation:PendingIntent{41964228: PendingIntentRecord{4196eb78 android broadcastIntent}}
09-03 11:32:59.990 D/BroadcastQueue(  647): enqueueOrderedBroadcastLocked after add: BroadcastRecord{41c37d30 u-1 android.intent.action.TIME_TICK} , the first order broadcast is:BroadcastRecord{41c37d30 u-1 android.intent.action.TIME_TICK} size:1 is: foreground
09-03 11:32:59.990 D/BroadcastQueue(  647): Schedule broadcasts [foreground]: current=false
09-03 11:32:59.990 D/BroadcastQueue(  647): Received BROADCAST_INTENT_MSG
09-03 11:32:59.990 D/PowerManagerService(  647): acquireWakeLockInternal: lock=1100495272, flags=0x1, tag="AlarmManager", ws=WorkSource{1000}, uid=1000, pid=647 pkg name:android
09-03 11:32:59.990 D/BroadcastQueue(  647): Processing ordered broadcast [foreground] BroadcastRecord{41c37d30 u-1 android.intent.action.TIME_TICK}
09-03 11:32:59.990 D/BroadcastQueue(  647): Submitting BROADCAST_TIMEOUT_MSG [foreground] for BroadcastRecord{41c37d30 u-1 android.intent.action.TIME_TICK} at 52606232
09-03 11:32:59.990 V/BatteryStatsImpl(  647): startRunningLocked(): mNesting = 1
09-03 11:32:59.990 V/BatteryStatsImpl(  647): startRunningLocked before mTimerPool.size = 0
09-03 11:32:59.990 V/BatteryStatsImpl(  647): startRunningLocked after mTimerPool.size = 1
09-03 11:32:59.990 D/PowerManagerService(  647): updateSuspendBlockerLocked goto acquire:PowerManagerService.WakeLocks: ref count=0
09-03 11:32:59.990 E/AlarmManagerService(  647): set alarm to 53983.586000000
09-03 11:32:59.990 D/PowerManagerService(  647): Acquiring suspend blocker "PowerManagerService.WakeLocks".
09-03 11:32:59.990 D/AlarmManager(  647): set(PendingIntent{41964228: PendingIntentRecord{4196eb78 android broadcastIntent}}) : type=3 triggerAtTime=53983586 win=0 tElapsed=53983586 maxElapsed=53983586 interval=0 standalone=true
09-03 11:32:59.990 D/AlarmManager(  647): setImplLocked() Action = android.intent.action.TIME_TICK, Component = null, type = 3, when = 1788442440000, absolute triggerTime = 2026-09-03 15:34:00
09-03 11:32:59.990 W/AlarmManagerHelper(  647): notifyPowerGuru() -> PowerGuruService is not running ???
09-03 11:32:59.990 D/BroadcastQueue(  647): Delivering ordered [foreground] to the last registered filter BroadcastFilter{41b0e4c0 u0 ReceiverList{41b35048 746 com.android.systemui/10033/u0 remote:41a13218}}: BroadcastRecord{41c37d30 u-1 android.intent.action.TIME_TICK}
09-03 11:32:59.990 D/BroadcastQueue(  647): Cancelling BROADCAST_TIMEOUT_MSG
09-03 11:32:59.990 D/BroadcastQueue(  647): Finished with ordered broadcast BroadcastRecord{41c37d30 u-1 android.intent.action.TIME_TICK}
09-03 11:32:59.990 D/BroadcastQueue(  647): Finished with ordered broadcast and remove index 0:BroadcastRecord{41c37d30 u-1 android.intent.action.TIME_TICK} is: foreground remine 0
09-03 11:32:59.990 D/PowerManagerService(  647): releaseWakeLockInternal: lock=1100495272 [AlarmManager], flags=0x0 pkg name:android
09-03 11:32:59.990 D/PowerManagerService(  647): updateSuspendBlockerLocked goto release:PowerManagerService.WakeLocks: ref count=1
09-03 11:32:59.990 D/PowerManagerService(  647): Releasing suspend blocker "PowerManagerService.WakeLocks".
09-03 11:33:00.650 E/[GH_I2C_BUS]( 8987): GH end gh_dev_wait_irq 0
09-03 11:33:00.650 E/[GH_ROMAII_SENSOR_HOOK]( 8987): [gh30x_int_msg_handler] enter
09-03 11:33:00.650 E/[GH_ROMAII_SENSOR_HOOK]( 8987): [gh30x_int_msg_handler] gh30x_irq_status:2， type:INT_STATUS_FIFO_WATERMARK
09-03 11:33:00.650 E/[GH_ROMAII_SENSOR_HOOK]( 8987): [gh30x_int_msg_handler] gh30x_adt_working_flag:0
09-03 11:33:00.650 E/[GH_ROMAII_SENSOR_HOOK]( 8987): [gh30x_fifo_evt_handler] enter
09-03 11:33:00.650 E/[GH_ROMAII_SENSOR_HOOK]( 8987): got gh30x fifo evt, func[RUN_MODE_SPO2_DET]
09-03 11:33:00.650 E/[GH_I2C_BUS]( 8987): gh_dev_get_acc_buffer len 40 ret 0
09-03 11:33:00.650 E/[GH_ROMAII_SENSOR_HOOK]( 8987): gsensor_drv_get_fifo_data len 40 
09-03 11:33:00.650 E/[GH_ROMAII_SENSOR_HOOK]( 8987): [gh30x_fifo_evt_spo2_mode_calc] enter
09-03 11:33:00.690 E/[GH_ROMAII_SENSOR_HOOK]( 8987): [handle_spo2_mode_result] enter
09-03 11:33:00.690 E/[GH_ROMAII_SENSOR_HOOK]( 8987): GH_3011 spo2_result : 98 , lvl 48 , hb 51, lvl99 , wearing 1
09-03 11:33:00.710 E/[GH_I2C_BUS]( 8987): gh_dev_report_key 1, weared 1 ,ppg 51 ,spo2 98 ,ret 0
09-03 11:33:00.710 E/[GH_ROMAII_SENSOR_HOOK]( 8987): [handle_spo2_mode_result] exit
09-03 11:33:00.710 E/[GH_ROMAII_SENSOR_HOOK]( 8987): spo2 calc, gs_len=40, result=98,48,51,99,1110,740,0,0,40,2,5550,1
09-03 11:33:00.710 E/[GH_ROMAII_SENSOR_HOOK]( 8987): [gh30x_fifo_evt_spo2_mode_calc] wearing_state:1
09-03 11:33:00.710 E/[GH_ROMAII_SENSOR_HOOK]( 8987): [gh30x_fifo_evt_spo2_mode_calc] not unwear state
09-03 11:33:00.710 E/[GH_ROMAII_SENSOR_HOOK]( 8987): [gh30x_fifo_evt_spo2_mode_calc] exit
09-03 11:33:00.710 E/[GH_ROMAII_SENSOR_HOOK]( 8987): [gh30x_fifo_evt_handler] exit
09-03 11:33:00.710 E/[GH_ROMAII_SENSOR_HOOK]( 8987): [gh30x_int_msg_handler] exit
09-03 11:33:00.710 E/[GH_I2C_BUS]( 8987): start gh_dev_wait_irq
09-03 11:33:01.650 D/LIBGPS  (  647): watchdog_open PowerState:GE2 CP IDLED readcount:800811
09-03 11:33:01.650 D/LIBGPS  (  647): libgps monitor, idltime =224 second
09-03 11:33:01.650 D/LIBGPS  (  647): pid =647, ppid =231,tid =1026
09-03 11:33:01.650 D/LIBGPS  (  647): pid =647, ppid =231,tid =1026
09-03 11:33:01.650 D/LIBGPS  (  647): gps_sendHeartTest HeartCount =1
09-03 11:33:01.650 D/LIBGPS  (  647): &&& GPS_HeartCountRsp  HeartCount 0 pid =647,ppid =231
09-03 11:33:01.650 E/[GH_I2C_BUS]( 8987): GH end gh_dev_wait_irq 0
09-03 11:33:01.650 E/[GH_ROMAII_SENSOR_HOOK]( 8987): [gh30x_int_msg_handler] enter
09-03 11:33:01.650 E/[GH_ROMAII_SENSOR_HOOK]( 8987): [gh30x_int_msg_handler] gh30x_irq_status:2， type:INT_STATUS_FIFO_WATERMARK
09-03 11:33:01.650 E/[GH_ROMAII_SENSOR_HOOK]( 8987): [gh30x_int_msg_handler] gh30x_adt_working_flag:0
09-03 11:33:01.650 E/[GH_ROMAII_SENSOR_HOOK]( 8987): [gh30x_fifo_evt_handler] enter
09-03 11:33:01.650 E/[GH_ROMAII_SENSOR_HOOK]( 8987): got gh30x fifo evt, func[RUN_MODE_SPO2_DET]
09-03 11:33:01.650 E/[GH_I2C_BUS]( 8987): gh_dev_get_acc_buffer len 40 ret 0
09-03 11:33:01.650 E/[GH_ROMAII_SENSOR_HOOK]( 8987): gsensor_drv_get_fifo_data len 40 
09-03 11:33:01.650 E/[GH_ROMAII_SENSOR_HOOK]( 8987): [gh30x_fifo_evt_spo2_mode_calc] enter
09-03 11:33:01.690 E/[GH_ROMAII_SENSOR_HOOK]( 8987): [handle_spo2_mode_result] enter
09-03 11:33:01.690 E/[GH_ROMAII_SENSOR_HOOK]( 8987): GH_3011 spo2_result : 98 , lvl 47 , hb 51, lvl99 , wearing 1
09-03 11:33:01.700 E/[GH_I2C_BUS]( 8987): gh_dev_report_key 1, weared 1 ,ppg 51 ,spo2 98 ,ret 0
09-03 11:33:01.700 E/[GH_ROMAII_SENSOR_HOOK]( 8987): [handle_spo2_mode_result] exit
09-03 11:33:01.700 E/[GH_ROMAII_SENSOR_HOOK]( 8987): spo2 calc, gs_len=40, result=98,47,51,99,582,0,0,0,40,1,5550,1
09-03 11:33:01.700 E/[GH_ROMAII_SENSOR_HOOK]( 8987): [gh30x_fifo_evt_spo2_mode_calc] wearing_state:1
09-03 11:33:01.700 E/[GH_ROMAII_SENSOR_HOOK]( 8987): [gh30x_fifo_evt_spo2_mode_calc] not unwear state
09-03 11:33:01.700 E/[GH_ROMAII_SENSOR_HOOK]( 8987): [gh30x_fifo_evt_spo2_mode_calc] exit
09-03 11:33:01.700 E/[GH_ROMAII_SENSOR_HOOK]( 8987): [gh30x_fifo_evt_handler] exit
09-03 11:33:01.700 E/[GH_ROMAII_SENSOR_HOOK]( 8987): [gh30x_int_msg_handler] exit
09-03 11:33:01.700 E/[GH_I2C_BUS]( 8987): start gh_dev_wait_irq
09-03 11:33:01.810 W/WindowManager(  647): Focused window stay null too long, have a update!
09-03 11:33:01.810 V/WindowManager(  647): Looking for focus: 1 = Window{41b914a8 u0 KeyguardScrim} = null, flags=1116416, canReceive=false mViewVisibility=8 mHasSurface=false
09-03 11:33:01.810 V/WindowManager(  647): Looking for focus: 0 = Window{4191a5c0 u0 com.android.systemui.ImageWallpaper} = null, flags=792, canReceive=false mViewVisibility=0 mHasSurface=true
09-03 11:33:01.810 V/WindowManager(  647): findFocusedWindow: No focusable windows.
09-03 11:33:02.450 D/WCND    (  217): is_cp2_alive_ok: open polling interface: /proc/mdbg/loopcheck, fd = 17
09-03 11:33:02.550 D/WCND    (  217): is_cp2_alive_ok: loop: /proc/mdbg/loopcheck is OK
09-03 11:33:02.650 E/[GH_I2C_BUS]( 8987): GH end gh_dev_wait_irq 0
09-03 11:33:02.650 E/[GH_ROMAII_SENSOR_HOOK]( 8987): [gh30x_int_msg_handler] enter
09-03 11:33:02.650 E/[GH_ROMAII_SENSOR_HOOK]( 8987): [gh30x_int_msg_handler] gh30x_irq_status:2， type:INT_STATUS_FIFO_WATERMARK
09-03 11:33:02.650 E/[GH_ROMAII_SENSOR_HOOK]( 8987): [gh30x_int_msg_handler] gh30x_adt_working_flag:0
09-03 11:33:02.650 E/[GH_ROMAII_SENSOR_HOOK]( 8987): [gh30x_fifo_evt_handler] enter
09-03 11:33:02.650 E/[GH_ROMAII_SENSOR_HOOK]( 8987): got gh30x fifo evt, func[RUN_MODE_SPO2_DET]
09-03 11:33:02.650 E/[GH_I2C_BUS]( 8987): gh_dev_get_acc_buffer len 39 ret 0
09-03 11:33:02.650 E/[GH_ROMAII_SENSOR_HOOK]( 8987): gsensor_drv_get_fifo_data len 39 
09-03 11:33:02.660 E/[GH_ROMAII_SENSOR_HOOK]( 8987): [gh30x_fifo_evt_spo2_mode_calc] enter
09-03 11:33:02.660 E/LIBGPS  (  647): read socet_client error: Try again
09-03 11:33:02.700 E/[GH_ROMAII_SENSOR_HOOK]( 8987): [handle_spo2_mode_result] enter
09-03 11:33:02.700 E/[GH_ROMAII_SENSOR_HOOK]( 8987): GH_3011 spo2_result : 98 , lvl 47 , hb 51, lvl99 , wearing 1
09-03 11:33:02.720 E/[GH_I2C_BUS]( 8987): gh_dev_report_key 1, weared 1 ,ppg 51 ,spo2 98 ,ret 0
09-03 11:33:02.720 E/[GH_ROMAII_SENSOR_HOOK]( 8987): [handle_spo2_mode_result] exit
09-03 11:33:02.720 E/[GH_ROMAII_SENSOR_HOOK]( 8987): spo2 calc, gs_len=39, result=98,47,51,99,1440,0,0,0,40,1,5550,1
09-03 11:33:02.720 E/[GH_ROMAII_SENSOR_HOOK]( 8987): [gh30x_fifo_evt_spo2_mode_calc] wearing_state:1
09-03 11:33:02.720 E/[GH_ROMAII_SENSOR_HOOK]( 8987): [gh30x_fifo_evt_spo2_mode_calc] not unwear state
09-03 11:33:02.720 E/[GH_ROMAII_SENSOR_HOOK]( 8987): [gh30x_fifo_evt_spo2_mode_calc] exit
09-03 11:33:02.720 E/[GH_ROMAII_SENSOR_HOOK]( 8987): [gh30x_fifo_evt_handler] exit
09-03 11:33:02.720 E/[GH_ROMAII_SENSOR_HOOK]( 8987): [gh30x_int_msg_handler] exit
09-03 11:33:02.720 E/[GH_I2C_BUS]( 8987): start gh_dev_wait_irq
09-03 11:33:03.650 D/LIBGPS  (  647): watchdog_open PowerState:GE2 CP IDLED readcount:800812
09-03 11:33:03.650 D/LIBGPS  (  647): libgps monitor, idltime =226 second
09-03 11:33:03.650 D/LIBGPS  (  647): pid =647, ppid =231,tid =1026
09-03 11:33:03.650 D/LIBGPS  (  647): pid =647, ppid =231,tid =1026
09-03 11:33:03.650 D/LIBGPS  (  647): gps_sendHeartTest HeartCount =1
09-03 11:33:03.650 D/LIBGPS  (  647): &&& GPS_HeartCountRsp  HeartCount 0 pid =647,ppid =231
09-03 11:33:03.670 E/[GH_I2C_BUS]( 8987): GH end gh_dev_wait_irq 0
09-03 11:33:03.670 E/[GH_ROMAII_SENSOR_HOOK]( 8987): [gh30x_int_msg_handler] enter
09-03 11:33:03.670 E/[GH_ROMAII_SENSOR_HOOK]( 8987): [gh30x_int_msg_handler] gh30x_irq_status:2， type:INT_STATUS_FIFO_WATERMARK
09-03 11:33:03.670 E/[GH_ROMAII_SENSOR_HOOK]( 8987): [gh30x_int_msg_handler] gh30x_adt_working_flag:0
09-03 11:33:03.670 E/[GH_ROMAII_SENSOR_HOOK]( 8987): [gh30x_fifo_evt_handler] enter
09-03 11:33:03.670 E/[GH_ROMAII_SENSOR_HOOK]( 8987): got gh30x fifo evt, func[RUN_MODE_SPO2_DET]
09-03 11:33:03.670 E/[GH_I2C_BUS]( 8987): gh_dev_get_acc_buffer len 40 ret 0
09-03 11:33:03.670 E/[GH_ROMAII_SENSOR_HOOK]( 8987): gsensor_drv_get_fifo_data len 40 
09-03 11:33:03.670 E/[GH_ROMAII_SENSOR_HOOK]( 8987): [gh30x_fifo_evt_spo2_mode_calc] enter
09-03 11:33:03.700 E/[GH_ROMAII_SENSOR_HOOK]( 8987): [handle_spo2_mode_result] enter
09-03 11:33:03.700 E/[GH_ROMAII_SENSOR_HOOK]( 8987): GH_3011 spo2_result : 98 , lvl 46 , hb 51, lvl99 , wearing 1
09-03 11:33:03.710 E/[GH_I2C_BUS]( 8987): gh_dev_report_key 1, weared 1 ,ppg 51 ,spo2 98 ,ret 0
09-03 11:33:03.710 E/[GH_ROMAII_SENSOR_HOOK]( 8987): [handle_spo2_mode_result] exit
09-03 11:33:03.710 E/[GH_ROMAII_SENSOR_HOOK]( 8987): spo2 calc, gs_len=40, result=98,46,51,99,1150,0,0,0,40,1,5550,1
09-03 11:33:03.710 E/[GH_ROMAII_SENSOR_HOOK]( 8987): [gh30x_fifo_evt_spo2_mode_calc] wearing_state:1
09-03 11:33:03.710 E/[GH_ROMAII_SENSOR_HOOK]( 8987): [gh30x_fifo_evt_spo2_mode_calc] not unwear state
09-03 11:33:03.710 E/[GH_ROMAII_SENSOR_HOOK]( 8987): [gh30x_fifo_evt_spo2_mode_calc] exit
09-03 11:33:03.710 E/[GH_ROMAII_SENSOR_HOOK]( 8987): [gh30x_fifo_evt_handler] exit
09-03 11:33:03.710 E/[GH_ROMAII_SENSOR_HOOK]( 8987): [gh30x_int_msg_handler] exit
09-03 11:33:03.710 E/[GH_I2C_BUS]( 8987): start gh_dev_wait_irq
09-03 11:33:04.670 E/[GH_I2C_BUS]( 8987): GH end gh_dev_wait_irq 0
09-03 11:33:04.670 E/[GH_ROMAII_SENSOR_HOOK]( 8987): [gh30x_int_msg_handler] enter
09-03 11:33:04.670 E/[GH_ROMAII_SENSOR_HOOK]( 8987): [gh30x_int_msg_handler] gh30x_irq_status:2， type:INT_STATUS_FIFO_WATERMARK
09-03 11:33:04.670 E/[GH_ROMAII_SENSOR_HOOK]( 8987): [gh30x_int_msg_handler] gh30x_adt_working_flag:0
09-03 11:33:04.670 E/[GH_ROMAII_SENSOR_HOOK]( 8987): [gh30x_fifo_evt_handler] enter
09-03 11:33:04.670 E/[GH_ROMAII_SENSOR_HOOK]( 8987): got gh30x fifo evt, func[RUN_MODE_SPO2_DET]
09-03 11:33:04.670 E/[GH_I2C_BUS]( 8987): gh_dev_get_acc_buffer len 39 ret 0
09-03 11:33:04.670 E/[GH_ROMAII_SENSOR_HOOK]( 8987): gsensor_drv_get_fifo_data len 39 
09-03 11:33:04.670 E/[GH_ROMAII_SENSOR_HOOK]( 8987): [gh30x_fifo_evt_spo2_mode_calc] enter
09-03 11:33:04.700 E/[GH_ROMAII_SENSOR_HOOK]( 8987): [handle_spo2_mode_result] enter
09-03 11:33:04.700 E/[GH_ROMAII_SENSOR_HOOK]( 8987): GH_3011 spo2_result : 98 , lvl 46 , hb 51, lvl99 , wearing 1
09-03 11:33:04.710 E/[GH_I2C_BUS]( 8987): gh_dev_report_key 1, weared 1 ,ppg 51 ,spo2 98 ,ret 0
09-03 11:33:04.710 E/[GH_ROMAII_SENSOR_HOOK]( 8987): [handle_spo2_mode_result] exit
09-03 11:33:04.710 E/[GH_ROMAII_SENSOR_HOOK]( 8987): spo2 calc, gs_len=39, result=98,46,51,99,850,0,0,0,40,1,5550,1
09-03 11:33:04.710 E/[GH_ROMAII_SENSOR_HOOK]( 8987): [gh30x_fifo_evt_spo2_mode_calc] wearing_state:1
09-03 11:33:04.710 E/[GH_ROMAII_SENSOR_HOOK]( 8987): [gh30x_fifo_evt_spo2_mode_calc] not unwear state
09-03 11:33:04.710 E/[GH_ROMAII_SENSOR_HOOK]( 8987): [gh30x_fifo_evt_spo2_mode_calc] exit
09-03 11:33:04.710 E/[GH_ROMAII_SENSOR_HOOK]( 8987): [gh30x_fifo_evt_handler] exit
09-03 11:33:04.710 E/[GH_ROMAII_SENSOR_HOOK]( 8987): [gh30x_int_msg_handler] exit
09-03 11:33:04.710 E/[GH_I2C_BUS]( 8987): start gh_dev_wait_irq
09-03 11:33:04.810 W/WindowManager(  647): Focused window stay null too long, have a update!
09-03 11:33:04.810 V/WindowManager(  647): Looking for focus: 1 = Window{41b914a8 u0 KeyguardScrim} = null, flags=1116416, canReceive=false mViewVisibility=8 mHasSurface=false
09-03 11:33:04.810 V/WindowManager(  647): Looking for focus: 0 = Window{4191a5c0 u0 com.android.systemui.ImageWallpaper} = null, flags=792, canReceive=false mViewVisibility=0 mHasSurface=true
09-03 11:33:04.810 V/WindowManager(  647): findFocusedWindow: No focusable windows.
09-03 11:33:05.650 D/LIBGPS  (  647): watchdog_open PowerState:GE2 CP IDLED readcount:800813
09-03 11:33:05.650 D/LIBGPS  (  647): libgps monitor, idltime =228 second
09-03 11:33:05.650 D/LIBGPS  (  647): pid =647, ppid =231,tid =1026
09-03 11:33:05.650 D/LIBGPS  (  647): pid =647, ppid =231,tid =1026
09-03 11:33:05.650 D/LIBGPS  (  647): gps_sendHeartTest HeartCount =1
09-03 11:33:05.650 D/LIBGPS  (  647): &&& GPS_HeartCountRsp  HeartCount 0 pid =647,ppid =231
09-03 11:33:05.670 E/[GH_I2C_BUS]( 8987): GH end gh_dev_wait_irq 0
09-03 11:33:05.670 E/[GH_ROMAII_SENSOR_HOOK]( 8987): [gh30x_int_msg_handler] enter
09-03 11:33:05.670 E/[GH_ROMAII_SENSOR_HOOK]( 8987): [gh30x_int_msg_handler] gh30x_irq_status:2， type:INT_STATUS_FIFO_WATERMARK
09-03 11:33:05.670 E/[GH_ROMAII_SENSOR_HOOK]( 8987): [gh30x_int_msg_handler] gh30x_adt_working_flag:0
09-03 11:33:05.670 E/[GH_ROMAII_SENSOR_HOOK]( 8987): [gh30x_fifo_evt_handler] enter
09-03 11:33:05.670 E/[GH_ROMAII_SENSOR_HOOK]( 8987): got gh30x fifo evt, func[RUN_MODE_SPO2_DET]
09-03 11:33:05.670 E/[GH_I2C_BUS]( 8987): gh_dev_get_acc_buffer len 41 ret 0
09-03 11:33:05.670 E/[GH_ROMAII_SENSOR_HOOK]( 8987): gsensor_drv_get_fifo_data len 41 
09-03 11:33:05.670 E/[GH_ROMAII_SENSOR_HOOK]( 8987): [gh30x_fifo_evt_spo2_mode_calc] enter
09-03 11:33:05.700 E/[GH_ROMAII_SENSOR_HOOK]( 8987): [handle_spo2_mode_result] enter
09-03 11:33:05.700 E/[GH_ROMAII_SENSOR_HOOK]( 8987): GH_3011 spo2_result : 98 , lvl 46 , hb 51, lvl99 , wearing 1
09-03 11:33:05.720 E/[GH_I2C_BUS]( 8987): gh_dev_report_key 1, weared 1 ,ppg 51 ,spo2 98 ,ret 0
09-03 11:33:05.720 E/[GH_ROMAII_SENSOR_HOOK]( 8987): [handle_spo2_mode_result] exit
09-03 11:33:05.720 E/[GH_ROMAII_SENSOR_HOOK]( 8987): spo2 calc, gs_len=41, result=98,46,51,99,970,581,0,0,40,2,5550,1
09-03 11:33:05.720 E/[GH_ROMAII_SENSOR_HOOK]( 8987): [gh30x_fifo_evt_spo2_mode_calc] wearing_state:1
09-03 11:33:05.720 E/[GH_ROMAII_SENSOR_HOOK]( 8987): [gh30x_fifo_evt_spo2_mode_calc] not unwear state
09-03 11:33:05.720 E/[GH_ROMAII_SENSOR_HOOK]( 8987): [gh30x_fifo_evt_spo2_mode_calc] exit
09-03 11:33:05.720 E/[GH_ROMAII_SENSOR_HOOK]( 8987): [gh30x_fifo_evt_handler] exit
09-03 11:33:05.720 E/[GH_ROMAII_SENSOR_HOOK]( 8987): [gh30x_int_msg_handler] exit
09-03 11:33:05.720 E/[GH_I2C_BUS]( 8987): start gh_dev_wait_irq
09-03 11:33:06.680 E/[GH_I2C_BUS]( 8987): GH end gh_dev_wait_irq 0
09-03 11:33:06.680 E/[GH_ROMAII_SENSOR_HOOK]( 8987): [gh30x_int_msg_handler] enter
09-03 11:33:06.680 E/[GH_ROMAII_SENSOR_HOOK]( 8987): [gh30x_int_msg_handler] gh30x_irq_status:2， type:INT_STATUS_FIFO_WATERMARK
09-03 11:33:06.680 E/[GH_ROMAII_SENSOR_HOOK]( 8987): [gh30x_int_msg_handler] gh30x_adt_working_flag:0
09-03 11:33:06.680 E/[GH_ROMAII_SENSOR_HOOK]( 8987): [gh30x_fifo_evt_handler] enter
09-03 11:33:06.680 E/[GH_ROMAII_SENSOR_HOOK]( 8987): got gh30x fifo evt, func[RUN_MODE_SPO2_DET]
09-03 11:33:06.680 E/[GH_I2C_BUS]( 8987): gh_dev_get_acc_buffer len 39 ret 0
09-03 11:33:06.680 E/[GH_ROMAII_SENSOR_HOOK]( 8987): gsensor_drv_get_fifo_data len 39 
09-03 11:33:06.680 E/[GH_ROMAII_SENSOR_HOOK]( 8987): [gh30x_fifo_evt_spo2_mode_calc] enter
09-03 11:33:06.700 E/[GH_ROMAII_SENSOR_HOOK]( 8987): [handle_spo2_mode_result] enter
09-03 11:33:06.700 E/[GH_ROMAII_SENSOR_HOOK]( 8987): GH_3011 spo2_result : 98 , lvl 46 , hb 51, lvl99 , wearing 1
09-03 11:33:06.720 E/[GH_I2C_BUS]( 8987): gh_dev_report_key 1, weared 1 ,ppg 51 ,spo2 98 ,ret 0
09-03 11:33:06.720 E/[GH_ROMAII_SENSOR_HOOK]( 8987): [handle_spo2_mode_result] exit
09-03 11:33:06.720 E/[GH_ROMAII_SENSOR_HOOK]( 8987): spo2 calc, gs_len=39, result=98,46,51,99,581,0,0,0,40,1,5550,1
09-03 11:33:06.720 E/[GH_ROMAII_SENSOR_HOOK]( 8987): [gh30x_fifo_evt_spo2_mode_calc] wearing_state:1
09-03 11:33:06.720 E/[GH_ROMAII_SENSOR_HOOK]( 8987): [gh30x_fifo_evt_spo2_mode_calc] not unwear state
09-03 11:33:06.720 E/[GH_ROMAII_SENSOR_HOOK]( 8987): [gh30x_fifo_evt_spo2_mode_calc] exit
09-03 11:33:06.720 E/[GH_ROMAII_SENSOR_HOOK]( 8987): [gh30x_fifo_evt_handler] exit
09-03 11:33:06.720 E/[GH_ROMAII_SENSOR_HOOK]( 8987): [gh30x_int_msg_handler] exit
09-03 11:33:06.720 E/[GH_I2C_BUS]( 8987): start gh_dev_wait_irq
09-03 11:33:07.560 D/WCND    (  217): is_cp2_alive_ok: open polling interface: /proc/mdbg/loopcheck, fd = 17
09-03 11:33:07.650 D/LIBGPS  (  647): watchdog_open PowerState:GE2 CP IDLED readcount:800814
09-03 11:33:07.650 D/LIBGPS  (  647): libgps monitor, idltime =230 second
09-03 11:33:07.650 D/LIBGPS  (  647): pid =647, ppid =231,tid =1026
09-03 11:33:07.650 D/LIBGPS  (  647): pid =647, ppid =231,tid =1026
09-03 11:33:07.650 D/LIBGPS  (  647): gps_sendHeartTest HeartCount =1
09-03 11:33:07.650 D/LIBGPS  (  647): &&& GPS_HeartCountRsp  HeartCount 0 pid =647,ppid =231
09-03 11:33:07.660 E/LIBGPS  (  647): read socet_client error: Try again
09-03 11:33:07.660 D/WCND    (  217): is_cp2_alive_ok: loop: /proc/mdbg/loopcheck is OK
09-03 11:33:07.680 E/[GH_I2C_BUS]( 8987): GH end gh_dev_wait_irq 0
09-03 11:33:07.680 E/[GH_ROMAII_SENSOR_HOOK]( 8987): [gh30x_int_msg_handler] enter
09-03 11:33:07.680 E/[GH_ROMAII_SENSOR_HOOK]( 8987): [gh30x_int_msg_handler] gh30x_irq_status:2， type:INT_STATUS_FIFO_WATERMARK
09-03 11:33:07.680 E/[GH_ROMAII_SENSOR_HOOK]( 8987): [gh30x_int_msg_handler] gh30x_adt_working_flag:0
09-03 11:33:07.680 E/[GH_ROMAII_SENSOR_HOOK]( 8987): [gh30x_fifo_evt_handler] enter
09-03 11:33:07.680 E/[GH_ROMAII_SENSOR_HOOK]( 8987): got gh30x fifo evt, func[RUN_MODE_SPO2_DET]
09-03 11:33:07.680 E/[GH_I2C_BUS]( 8987): gh_dev_get_acc_buffer len 40 ret 0
09-03 11:33:07.680 E/[GH_ROMAII_SENSOR_HOOK]( 8987): gsensor_drv_get_fifo_data len 40 
09-03 11:33:07.680 E/[GH_ROMAII_SENSOR_HOOK]( 8987): [gh30x_fifo_evt_spo2_mode_calc] enter
09-03 11:33:07.700 E/[GH_ROMAII_SENSOR_HOOK]( 8987): [handle_spo2_mode_result] enter
09-03 11:33:07.710 E/[GH_ROMAII_SENSOR_HOOK]( 8987): GH_3011 spo2_result : 98 , lvl 47 , hb 51, lvl99 , wearing 1
09-03 11:33:07.720 E/[GH_I2C_BUS]( 8987): gh_dev_report_key 1, weared 1 ,ppg 51 ,spo2 98 ,ret 0
09-03 11:33:07.720 E/[GH_ROMAII_SENSOR_HOOK]( 8987): [handle_spo2_mode_result] exit
09-03 11:33:07.720 E/[GH_ROMAII_SENSOR_HOOK]( 8987): spo2 calc, gs_len=40, result=98,47,51,99,810,581,581,0,40,3,5550,1
09-03 11:33:07.720 E/[GH_ROMAII_SENSOR_HOOK]( 8987): [gh30x_fifo_evt_spo2_mode_calc] wearing_state:1
09-03 11:33:07.720 E/[GH_ROMAII_SENSOR_HOOK]( 8987): [gh30x_fifo_evt_spo2_mode_calc] not unwear state
09-03 11:33:07.720 E/[GH_ROMAII_SENSOR_HOOK]( 8987): [gh30x_fifo_evt_spo2_mode_calc] exit
09-03 11:33:07.720 E/[GH_ROMAII_SENSOR_HOOK]( 8987): [gh30x_fifo_evt_handler] exit
09-03 11:33:07.720 E/[GH_ROMAII_SENSOR_HOOK]( 8987): [gh30x_int_msg_handler] exit
09-03 11:33:07.720 E/[GH_I2C_BUS]( 8987): start gh_dev_wait_irq
09-03 11:33:07.810 W/WindowManager(  647): Focused window stay null too long, have a update!
09-03 11:33:07.810 V/WindowManager(  647): Looking for focus: 1 = Window{41b914a8 u0 KeyguardScrim} = null, flags=1116416, canReceive=false mViewVisibility=8 mHasSurface=false
09-03 11:33:07.810 V/WindowManager(  647): Looking for focus: 0 = Window{4191a5c0 u0 com.android.systemui.ImageWallpaper} = null, flags=792, canReceive=false mViewVisibility=0 mHasSurface=true
09-03 11:33:07.810 V/WindowManager(  647): findFocusedWindow: No focusable windows.
09-03 11:33:08.680 E/[GH_I2C_BUS]( 8987): GH end gh_dev_wait_irq 0
09-03 11:33:08.680 E/[GH_ROMAII_SENSOR_HOOK]( 8987): [gh30x_int_msg_handler] enter
09-03 11:33:08.680 E/[GH_ROMAII_SENSOR_HOOK]( 8987): [gh30x_int_msg_handler] gh30x_irq_status:2， type:INT_STATUS_FIFO_WATERMARK
09-03 11:33:08.680 E/[GH_ROMAII_SENSOR_HOOK]( 8987): [gh30x_int_msg_handler] gh30x_adt_working_flag:0
09-03 11:33:08.680 E/[GH_ROMAII_SENSOR_HOOK]( 8987): [gh30x_fifo_evt_handler] enter
09-03 11:33:08.680 E/[GH_ROMAII_SENSOR_HOOK]( 8987): got gh30x fifo evt, func[RUN_MODE_SPO2_DET]
09-03 11:33:08.680 E/[GH_I2C_BUS]( 8987): gh_dev_get_acc_buffer len 39 ret 0
09-03 11:33:08.680 E/[GH_ROMAII_SENSOR_HOOK]( 8987): gsensor_drv_get_fifo_data len 39 
09-03 11:33:08.690 E/[GH_ROMAII_SENSOR_HOOK]( 8987): [gh30x_fifo_evt_spo2_mode_calc] enter
09-03 11:33:08.710 E/[GH_ROMAII_SENSOR_HOOK]( 8987): [handle_spo2_mode_result] enter
09-03 11:33:08.710 E/[GH_ROMAII_SENSOR_HOOK]( 8987): GH_3011 spo2_result : 98 , lvl 47 , hb 51, lvl99 , wearing 1
09-03 11:33:08.720 E/[GH_I2C_BUS]( 8987): gh_dev_report_key 1, weared 1 ,ppg 51 ,spo2 98 ,ret 0
09-03 11:33:08.720 E/[GH_ROMAII_SENSOR_HOOK]( 8987): [handle_spo2_mode_result] exit
09-03 11:33:08.720 E/[GH_ROMAII_SENSOR_HOOK]( 8987): spo2 calc, gs_len=39, result=98,47,51,99,581,581,0,0,40,2,5550,1
09-03 11:33:08.720 E/[GH_ROMAII_SENSOR_HOOK]( 8987): [gh30x_fifo_evt_spo2_mode_calc] wearing_state:1
09-03 11:33:08.720 E/[GH_ROMAII_SENSOR_HOOK]( 8987): [gh30x_fifo_evt_spo2_mode_calc] not unwear state
09-03 11:33:08.720 E/[GH_ROMAII_SENSOR_HOOK]( 8987): [gh30x_fifo_evt_spo2_mode_calc] exit
09-03 11:33:08.720 E/[GH_ROMAII_SENSOR_HOOK]( 8987): [gh30x_fifo_evt_handler] exit
09-03 11:33:08.720 E/[GH_ROMAII_SENSOR_HOOK]( 8987): [gh30x_int_msg_handler] exit
09-03 11:33:08.720 E/[GH_I2C_BUS]( 8987): start gh_dev_wait_irq
09-03 11:33:09.650 D/LIBGPS  (  647): watchdog_open PowerState:GE2 CP IDLED readcount:800815
09-03 11:33:09.650 D/LIBGPS  (  647): libgps monitor, idltime =232 second
09-03 11:33:09.650 D/LIBGPS  (  647): pid =647, ppid =231,tid =1026
09-03 11:33:09.650 D/LIBGPS  (  647): pid =647, ppid =231,tid =1026
09-03 11:33:09.650 D/LIBGPS  (  647): gps_sendHeartTest HeartCount =1
09-03 11:33:09.650 D/LIBGPS  (  647): &&& GPS_HeartCountRsp  HeartCount 0 pid =647,ppid =231
09-03 11:33:09.690 E/[GH_I2C_BUS]( 8987): GH end gh_dev_wait_irq 0
09-03 11:33:09.690 E/[GH_ROMAII_SENSOR_HOOK]( 8987): [gh30x_int_msg_handler] enter
09-03 11:33:09.690 E/[GH_ROMAII_SENSOR_HOOK]( 8987): [gh30x_int_msg_handler] gh30x_irq_status:2， type:INT_STATUS_FIFO_WATERMARK
09-03 11:33:09.690 E/[GH_ROMAII_SENSOR_HOOK]( 8987): [gh30x_int_msg_handler] gh30x_adt_working_flag:0
09-03 11:33:09.690 E/[GH_ROMAII_SENSOR_HOOK]( 8987): [gh30x_fifo_evt_handler] enter
09-03 11:33:09.690 E/[GH_ROMAII_SENSOR_HOOK]( 8987): got gh30x fifo evt, func[RUN_MODE_SPO2_DET]
09-03 11:33:09.690 E/[GH_I2C_BUS]( 8987): gh_dev_get_acc_buffer len 40 ret 0
09-03 11:33:09.690 E/[GH_ROMAII_SENSOR_HOOK]( 8987): gsensor_drv_get_fifo_data len 40 
09-03 11:33:09.690 E/[GH_ROMAII_SENSOR_HOOK]( 8987): [gh30x_fifo_evt_spo2_mode_calc] enter
09-03 11:33:09.710 E/[GH_ROMAII_SENSOR_HOOK]( 8987): [handle_spo2_mode_result] enter
09-03 11:33:09.710 E/[GH_ROMAII_SENSOR_HOOK]( 8987): GH_3011 spo2_result : 98 , lvl 48 , hb 51, lvl99 , wearing 1
09-03 11:33:09.720 E/[GH_I2C_BUS]( 8987): gh_dev_report_key 1, weared 1 ,ppg 51 ,spo2 98 ,ret 0
09-03 11:33:09.720 E/[GH_ROMAII_SENSOR_HOOK]( 8987): [handle_spo2_mode_result] exit
09-03 11:33:09.720 E/[GH_ROMAII_SENSOR_HOOK]( 8987): spo2 calc, gs_len=40, result=98,48,51,99,581,581,0,0,40,2,5550,1
09-03 11:33:09.720 E/[GH_ROMAII_SENSOR_HOOK]( 8987): [gh30x_fifo_evt_spo2_mode_calc] wearing_state:1
09-03 11:33:09.720 E/[GH_ROMAII_SENSOR_HOOK]( 8987): [gh30x_fifo_evt_spo2_mode_calc] not unwear state
09-03 11:33:09.720 E/[GH_ROMAII_SENSOR_HOOK]( 8987): [gh30x_fifo_evt_spo2_mode_calc] exit
09-03 11:33:09.720 E/[GH_ROMAII_SENSOR_HOOK]( 8987): [gh30x_fifo_evt_handler] exit
09-03 11:33:09.720 E/[GH_ROMAII_SENSOR_HOOK]( 8987): [gh30x_int_msg_handler] exit
09-03 11:33:09.720 E/[GH_I2C_BUS]( 8987): start gh_dev_wait_irq
09-03 11:33:10.690 E/[GH_I2C_BUS]( 8987): GH end gh_dev_wait_irq 0
09-03 11:33:10.690 E/[GH_ROMAII_SENSOR_HOOK]( 8987): [gh30x_int_msg_handler] enter
09-03 11:33:10.690 E/[GH_ROMAII_SENSOR_HOOK]( 8987): [gh30x_int_msg_handler] gh30x_irq_status:2， type:INT_STATUS_FIFO_WATERMARK
09-03 11:33:10.690 E/[GH_ROMAII_SENSOR_HOOK]( 8987): [gh30x_int_msg_handler] gh30x_adt_working_flag:0
09-03 11:33:10.690 E/[GH_ROMAII_SENSOR_HOOK]( 8987): [gh30x_fifo_evt_handler] enter
09-03 11:33:10.690 E/[GH_ROMAII_SENSOR_HOOK]( 8987): got gh30x fifo evt, func[RUN_MODE_SPO2_DET]
09-03 11:33:10.690 E/[GH_I2C_BUS]( 8987): gh_dev_get_acc_buffer len 40 ret 0
09-03 11:33:10.690 E/[GH_ROMAII_SENSOR_HOOK]( 8987): gsensor_drv_get_fifo_data len 40 
09-03 11:33:10.690 E/[GH_ROMAII_SENSOR_HOOK]( 8987): [gh30x_fifo_evt_spo2_mode_calc] enter
09-03 11:33:10.710 E/[GH_ROMAII_SENSOR_HOOK]( 8987): [handle_spo2_mode_result] enter
09-03 11:33:10.710 E/[GH_ROMAII_SENSOR_HOOK]( 8987): GH_3011 spo2_result : 98 , lvl 47 , hb 51, lvl99 , wearing 1
09-03 11:33:10.720 E/[GH_I2C_BUS]( 8987): gh_dev_report_key 1, weared 1 ,ppg 51 ,spo2 98 ,ret 0
09-03 11:33:10.720 E/[GH_ROMAII_SENSOR_HOOK]( 8987): [handle_spo2_mode_result] exit
09-03 11:33:10.720 E/[GH_ROMAII_SENSOR_HOOK]( 8987): spo2 calc, gs_len=40, result=98,47,51,99,720,581,0,0,40,2,5550,1
09-03 11:33:10.720 E/[GH_ROMAII_SENSOR_HOOK]( 8987): [gh30x_fifo_evt_spo2_mode_calc] wearing_state:1
09-03 11:33:10.730 E/[GH_ROMAII_SENSOR_HOOK]( 8987): [gh30x_fifo_evt_spo2_mode_calc] not unwear state
09-03 11:33:10.730 E/[GH_ROMAII_SENSOR_HOOK]( 8987): [gh30x_fifo_evt_spo2_mode_calc] exit
09-03 11:33:10.730 E/[GH_ROMAII_SENSOR_HOOK]( 8987): [gh30x_fifo_evt_handler] exit
09-03 11:33:10.730 E/[GH_ROMAII_SENSOR_HOOK]( 8987): [gh30x_int_msg_handler] exit
09-03 11:33:10.730 E/[GH_I2C_BUS]( 8987): start gh_dev_wait_irq
09-03 11:33:10.820 W/WindowManager(  647): Focused window stay null too long, have a update!
09-03 11:33:10.820 V/WindowManager(  647): Looking for focus: 1 = Window{41b914a8 u0 KeyguardScrim} = null, flags=1116416, canReceive=false mViewVisibility=8 mHasSurface=false
09-03 11:33:10.820 V/WindowManager(  647): Looking for focus: 0 = Window{4191a5c0 u0 com.android.systemui.ImageWallpaper} = null, flags=792, canReceive=false mViewVisibility=0 mHasSurface=true
09-03 11:33:10.820 V/WindowManager(  647): findFocusedWindow: No focusable windows.
09-03 11:33:11.650 D/LIBGPS  (  647): watchdog_open PowerState:GE2 CP IDLED readcount:800816
09-03 11:33:11.650 D/LIBGPS  (  647): libgps monitor, idltime =234 second
09-03 11:33:11.650 D/LIBGPS  (  647): pid =647, ppid =231,tid =1026
09-03 11:33:11.650 D/LIBGPS  (  647): pid =647, ppid =231,tid =1026
09-03 11:33:11.650 D/LIBGPS  (  647): gps_sendHeartTest HeartCount =1
09-03 11:33:11.650 D/LIBGPS  (  647): &&& GPS_HeartCountRsp  HeartCount 0 pid =647,ppid =231
09-03 11:33:11.690 E/[GH_I2C_BUS]( 8987): GH end gh_dev_wait_irq 0
09-03 11:33:11.690 E/[GH_ROMAII_SENSOR_HOOK]( 8987): [gh30x_int_msg_handler] enter
09-03 11:33:11.690 E/[GH_ROMAII_SENSOR_HOOK]( 8987): [gh30x_int_msg_handler] gh30x_irq_status:2， type:INT_STATUS_FIFO_WATERMARK
09-03 11:33:11.690 E/[GH_ROMAII_SENSOR_HOOK]( 8987): [gh30x_int_msg_handler] gh30x_adt_working_flag:0
09-03 11:33:11.690 E/[GH_ROMAII_SENSOR_HOOK]( 8987): [gh30x_fifo_evt_handler] enter
09-03 11:33:11.690 E/[GH_ROMAII_SENSOR_HOOK]( 8987): got gh30x fifo evt, func[RUN_MODE_SPO2_DET]
09-03 11:33:11.690 E/[GH_I2C_BUS]( 8987): gh_dev_get_acc_buffer len 39 ret 0
09-03 11:33:11.690 E/[GH_ROMAII_SENSOR_HOOK]( 8987): gsensor_drv_get_fifo_data len 39 
09-03 11:33:11.700 E/[GH_ROMAII_SENSOR_HOOK]( 8987): [gh30x_fifo_evt_spo2_mode_calc] enter
09-03 11:33:11.720 E/[GH_ROMAII_SENSOR_HOOK]( 8987): [handle_spo2_mode_result] enter
09-03 11:33:11.720 E/[GH_ROMAII_SENSOR_HOOK]( 8987): GH_3011 spo2_result : 98 , lvl 48 , hb 51, lvl100 , wearing 1
09-03 11:33:11.730 E/[GH_I2C_BUS]( 8987): gh_dev_report_key 1, weared 1 ,ppg 51 ,spo2 98 ,ret 0
09-03 11:33:11.730 E/[GH_ROMAII_SENSOR_HOOK]( 8987): [handle_spo2_mode_result] exit
09-03 11:33:11.730 E/[GH_ROMAII_SENSOR_HOOK]( 8987): spo2 calc, gs_len=39, result=98,48,51,100,770,581,0,0,40,2,5550,1
09-03 11:33:11.730 E/[GH_ROMAII_SENSOR_HOOK]( 8987): [gh30x_fifo_evt_spo2_mode_calc] wearing_state:1
09-03 11:33:11.730 E/[GH_ROMAII_SENSOR_HOOK]( 8987): [gh30x_fifo_evt_spo2_mode_calc] not unwear state
09-03 11:33:11.730 E/[GH_ROMAII_SENSOR_HOOK]( 8987): [gh30x_fifo_evt_spo2_mode_calc] exit
09-03 11:33:11.730 E/[GH_ROMAII_SENSOR_HOOK]( 8987): [gh30x_fifo_evt_handler] exit
09-03 11:33:11.730 E/[GH_ROMAII_SENSOR_HOOK]( 8987): [gh30x_int_msg_handler] exit
09-03 11:33:11.730 E/[GH_I2C_BUS]( 8987): start gh_dev_wait_irq
09-03 11:33:12.660 E/LIBGPS  (  647): read socet_client error: Try again
09-03 11:33:12.670 D/WCND    (  217): is_cp2_alive_ok: open polling interface: /proc/mdbg/loopcheck, fd = 17
09-03 11:33:12.700 E/[GH_I2C_BUS]( 8987): GH end gh_dev_wait_irq 0
09-03 11:33:12.700 E/[GH_ROMAII_SENSOR_HOOK]( 8987): [gh30x_int_msg_handler] enter
09-03 11:33:12.700 E/[GH_ROMAII_SENSOR_HOOK]( 8987): [gh30x_int_msg_handler] gh30x_irq_status:2， type:INT_STATUS_FIFO_WATERMARK
09-03 11:33:12.700 E/[GH_ROMAII_SENSOR_HOOK]( 8987): [gh30x_int_msg_handler] gh30x_adt_working_flag:0
09-03 11:33:12.700 E/[GH_ROMAII_SENSOR_HOOK]( 8987): [gh30x_fifo_evt_handler] enter
09-03 11:33:12.700 E/[GH_ROMAII_SENSOR_HOOK]( 8987): got gh30x fifo evt, func[RUN_MODE_SPO2_DET]
09-03 11:33:12.700 E/[GH_I2C_BUS]( 8987): gh_dev_get_acc_buffer len 40 ret 0
09-03 11:33:12.700 E/[GH_ROMAII_SENSOR_HOOK]( 8987): gsensor_drv_get_fifo_data len 40 
09-03 11:33:12.700 E/[GH_ROMAII_SENSOR_HOOK]( 8987): [gh30x_fifo_evt_spo2_mode_calc] enter
09-03 11:33:12.720 E/[GH_ROMAII_SENSOR_HOOK]( 8987): [handle_spo2_mode_result] enter
09-03 11:33:12.720 E/[GH_ROMAII_SENSOR_HOOK]( 8987): GH_3011 spo2_result : 98 , lvl 51 , hb 51, lvl100 , wearing 1
09-03 11:33:12.730 E/[GH_I2C_BUS]( 8987): gh_dev_report_key 1, weared 1 ,ppg 51 ,spo2 98 ,ret 0
09-03 11:33:12.730 E/[GH_ROMAII_SENSOR_HOOK]( 8987): [handle_spo2_mode_result] exit
09-03 11:33:12.730 E/[GH_ROMAII_SENSOR_HOOK]( 8987): spo2 calc, gs_len=40, result=98,51,51,100,581,581,581,0,40,3,5550,1
09-03 11:33:12.730 E/[GH_ROMAII_SENSOR_HOOK]( 8987): [gh30x_fifo_evt_spo2_mode_calc] wearing_state:1
09-03 11:33:12.730 E/[GH_ROMAII_SENSOR_HOOK]( 8987): [gh30x_fifo_evt_spo2_mode_calc] not unwear state
09-03 11:33:12.730 E/[GH_ROMAII_SENSOR_HOOK]( 8987): [gh30x_fifo_evt_spo2_mode_calc] exit
09-03 11:33:12.730 E/[GH_ROMAII_SENSOR_HOOK]( 8987): [gh30x_fifo_evt_handler] exit
09-03 11:33:12.730 E/[GH_ROMAII_SENSOR_HOOK]( 8987): [gh30x_int_msg_handler] exit
09-03 11:33:12.730 E/[GH_I2C_BUS]( 8987): start gh_dev_wait_irq
09-03 11:33:12.770 D/WCND    (  217): is_cp2_alive_ok: loop: /proc/mdbg/loopcheck is OK
09-03 11:33:13.650 D/LIBGPS  (  647): watchdog_open PowerState:GE2 CP IDLED readcount:800817
09-03 11:33:13.650 D/LIBGPS  (  647): libgps monitor, idltime =236 second
09-03 11:33:13.650 D/LIBGPS  (  647): pid =647, ppid =231,tid =1026
09-03 11:33:13.650 D/LIBGPS  (  647): pid =647, ppid =231,tid =1026
09-03 11:33:13.650 D/LIBGPS  (  647): &&& GPS_HeartCountRsp  HeartCount 0 pid =647,ppid =231
09-03 11:33:13.650 D/LIBGPS  (  647): gps_sendHeartTest HeartCount =0
09-03 11:33:13.700 E/[GH_I2C_BUS]( 8987): GH end gh_dev_wait_irq 0
09-03 11:33:13.700 E/[GH_ROMAII_SENSOR_HOOK]( 8987): [gh30x_int_msg_handler] enter
09-03 11:33:13.700 E/[GH_ROMAII_SENSOR_HOOK]( 8987): [gh30x_int_msg_handler] gh30x_irq_status:2， type:INT_STATUS_FIFO_WATERMARK
09-03 11:33:13.700 E/[GH_ROMAII_SENSOR_HOOK]( 8987): [gh30x_int_msg_handler] gh30x_adt_working_flag:0
09-03 11:33:13.700 E/[GH_ROMAII_SENSOR_HOOK]( 8987): [gh30x_fifo_evt_handler] enter
09-03 11:33:13.700 E/[GH_ROMAII_SENSOR_HOOK]( 8987): got gh30x fifo evt, func[RUN_MODE_SPO2_DET]
09-03 11:33:13.700 E/[GH_I2C_BUS]( 8987): gh_dev_get_acc_buffer len 40 ret 0
09-03 11:33:13.700 E/[GH_ROMAII_SENSOR_HOOK]( 8987): gsensor_drv_get_fifo_data len 40 
09-03 11:33:13.700 E/[GH_ROMAII_SENSOR_HOOK]( 8987): [gh30x_fifo_evt_spo2_mode_calc] enter
09-03 11:33:13.720 E/[GH_ROMAII_SENSOR_HOOK]( 8987): [handle_spo2_mode_result] enter
09-03 11:33:13.720 E/[GH_ROMAII_SENSOR_HOOK]( 8987): GH_3011 spo2_result : 98 , lvl 51 , hb 51, lvl100 , wearing 1
09-03 11:33:13.730 E/[GH_I2C_BUS]( 8987): gh_dev_report_key 1, weared 1 ,ppg 51 ,spo2 98 ,ret 0
09-03 11:33:13.730 E/[GH_ROMAII_SENSOR_HOOK]( 8987): [handle_spo2_mode_result] exit
09-03 11:33:13.730 E/[GH_ROMAII_SENSOR_HOOK]( 8987): spo2 calc, gs_len=40, result=98,51,51,100,830,0,0,0,40,1,5550,1
09-03 11:33:13.730 E/[GH_ROMAII_SENSOR_HOOK]( 8987): [gh30x_fifo_evt_spo2_mode_calc] wearing_state:1
09-03 11:33:13.740 E/[GH_ROMAII_SENSOR_HOOK]( 8987): [gh30x_fifo_evt_spo2_mode_calc] not unwear state
09-03 11:33:13.740 E/[GH_ROMAII_SENSOR_HOOK]( 8987): [gh30x_fifo_evt_spo2_mode_calc] exit
09-03 11:33:13.740 E/[GH_ROMAII_SENSOR_HOOK]( 8987): [gh30x_fifo_evt_handler] exit
09-03 11:33:13.740 E/[GH_ROMAII_SENSOR_HOOK]( 8987): [gh30x_int_msg_handler] exit
09-03 11:33:13.740 E/[GH_I2C_BUS]( 8987): start gh_dev_wait_irq
09-03 11:33:13.820 W/WindowManager(  647): Focused window stay null too long, have a update!
09-03 11:33:13.820 V/WindowManager(  647): Looking for focus: 1 = Window{41b914a8 u0 KeyguardScrim} = null, flags=1116416, canReceive=false mViewVisibility=8 mHasSurface=false
09-03 11:33:13.820 V/WindowManager(  647): Looking for focus: 0 = Window{4191a5c0 u0 com.android.systemui.ImageWallpaper} = null, flags=792, canReceive=false mViewVisibility=0 mHasSurface=true
09-03 11:33:13.820 V/WindowManager(  647): findFocusedWindow: No focusable windows.
09-03 11:33:14.700 E/[GH_I2C_BUS]( 8987): GH end gh_dev_wait_irq 0
09-03 11:33:14.700 E/[GH_ROMAII_SENSOR_HOOK]( 8987): [gh30x_int_msg_handler] enter
09-03 11:33:14.700 E/[GH_ROMAII_SENSOR_HOOK]( 8987): [gh30x_int_msg_handler] gh30x_irq_status:2， type:INT_STATUS_FIFO_WATERMARK
09-03 11:33:14.700 E/[GH_ROMAII_SENSOR_HOOK]( 8987): [gh30x_int_msg_handler] gh30x_adt_working_flag:0
09-03 11:33:14.700 E/[GH_ROMAII_SENSOR_HOOK]( 8987): [gh30x_fifo_evt_handler] enter
09-03 11:33:14.700 E/[GH_ROMAII_SENSOR_HOOK]( 8987): got gh30x fifo evt, func[RUN_MODE_SPO2_DET]
09-03 11:33:14.700 E/[GH_I2C_BUS]( 8987): gh_dev_get_acc_buffer len 40 ret 0
09-03 11:33:14.700 E/[GH_ROMAII_SENSOR_HOOK]( 8987): gsensor_drv_get_fifo_data len 40 
09-03 11:33:14.710 E/[GH_ROMAII_SENSOR_HOOK]( 8987): [gh30x_fifo_evt_spo2_mode_calc] enter
09-03 11:33:14.730 E/[GH_ROMAII_SENSOR_HOOK]( 8987): [handle_spo2_mode_result] enter
09-03 11:33:14.730 E/[GH_ROMAII_SENSOR_HOOK]( 8987): GH_3011 spo2_result : 98 , lvl 51 , hb 51, lvl100 , wearing 1
09-03 11:33:14.740 E/[GH_I2C_BUS]( 8987): gh_dev_report_key 1, weared 1 ,ppg 51 ,spo2 98 ,ret 0
09-03 11:33:14.740 E/[GH_ROMAII_SENSOR_HOOK]( 8987): [handle_spo2_mode_result] exit
09-03 11:33:14.740 E/[GH_ROMAII_SENSOR_HOOK]( 8987): spo2 calc, gs_len=40, result=98,51,51,100,581,760,0,0,40,2,5550,1
09-03 11:33:14.740 E/[GH_ROMAII_SENSOR_HOOK]( 8987): [gh30x_fifo_evt_spo2_mode_calc] wearing_state:1
09-03 11:33:14.740 E/[GH_ROMAII_SENSOR_HOOK]( 8987): [gh30x_fifo_evt_spo2_mode_calc] not unwear state
09-03 11:33:14.740 E/[GH_ROMAII_SENSOR_HOOK]( 8987): [gh30x_fifo_evt_spo2_mode_calc] exit
09-03 11:33:14.740 E/[GH_ROMAII_SENSOR_HOOK]( 8987): [gh30x_fifo_evt_handler] exit
09-03 11:33:14.740 E/[GH_ROMAII_SENSOR_HOOK]( 8987): [gh30x_int_msg_handler] exit
09-03 11:33:14.740 E/[GH_I2C_BUS]( 8987): start gh_dev_wait_irq
09-03 11:33:15.650 D/LIBGPS  (  647): watchdog_open PowerState:GE2 CP IDLED readcount:800818
09-03 11:33:15.650 D/LIBGPS  (  647): libgps monitor, idltime =238 second
09-03 11:33:15.650 D/LIBGPS  (  647): pid =647, ppid =231,tid =1026
09-03 11:33:15.650 D/LIBGPS  (  647): pid =647, ppid =231,tid =1026
09-03 11:33:15.650 D/LIBGPS  (  647): gps_sendHeartTest HeartCount =1
09-03 11:33:15.650 D/LIBGPS  (  647): gnss_countdebug, type 2, cnt 0x378d, value 0x2a, scnt 0xd1d0
09-03 11:33:15.650 D/LIBGPS  (  647): gnss_countdebug, type 1, cnt 0xef14, value 0xaaaa, scnt 0x0
09-03 11:33:15.650 D/LIBGPS  (  647): &&& GPS_HeartCountRsp  HeartCount 0 pid =647,ppid =231
09-03 11:33:15.710 E/[GH_I2C_BUS]( 8987): GH end gh_dev_wait_irq 0
09-03 11:33:15.710 E/[GH_ROMAII_SENSOR_HOOK]( 8987): [gh30x_int_msg_handler] enter
09-03 11:33:15.710 E/[GH_ROMAII_SENSOR_HOOK]( 8987): [gh30x_int_msg_handler] gh30x_irq_status:2， type:INT_STATUS_FIFO_WATERMARK
09-03 11:33:15.710 E/[GH_ROMAII_SENSOR_HOOK]( 8987): [gh30x_int_msg_handler] gh30x_adt_working_flag:0
09-03 11:33:15.710 E/[GH_ROMAII_SENSOR_HOOK]( 8987): [gh30x_fifo_evt_handler] enter
09-03 11:33:15.710 E/[GH_ROMAII_SENSOR_HOOK]( 8987): got gh30x fifo evt, func[RUN_MODE_SPO2_DET]
09-03 11:33:15.710 E/[GH_I2C_BUS]( 8987): gh_dev_get_acc_buffer len 40 ret 0
09-03 11:33:15.710 E/[GH_ROMAII_SENSOR_HOOK]( 8987): gsensor_drv_get_fifo_data len 40 
09-03 11:33:15.710 E/[GH_ROMAII_SENSOR_HOOK]( 8987): [gh30x_fifo_evt_spo2_mode_calc] enter
09-03 11:33:15.730 E/[GH_ROMAII_SENSOR_HOOK]( 8987): [handle_spo2_mode_result] enter
09-03 11:33:15.730 E/[GH_ROMAII_SENSOR_HOOK]( 8987): GH_3011 spo2_result : 98 , lvl 53 , hb 51, lvl100 , wearing 1
09-03 11:33:15.740 E/[GH_I2C_BUS]( 8987): gh_dev_report_key 1, weared 1 ,ppg 51 ,spo2 98 ,ret 0
09-03 11:33:15.740 E/[GH_ROMAII_SENSOR_HOOK]( 8987): [handle_spo2_mode_result] exit
09-03 11:33:15.740 E/[GH_ROMAII_SENSOR_HOOK]( 8987): spo2 calc, gs_len=40, result=98,53,51,100,581,581,581,0,40,3,5550,1
09-03 11:33:15.740 E/[GH_ROMAII_SENSOR_HOOK]( 8987): [gh30x_fifo_evt_spo2_mode_calc] wearing_state:1
09-03 11:33:15.740 E/[GH_ROMAII_SENSOR_HOOK]( 8987): [gh30x_fifo_evt_spo2_mode_calc] not unwear state
09-03 11:33:15.740 E/[GH_ROMAII_SENSOR_HOOK]( 8987): [gh30x_fifo_evt_spo2_mode_calc] exit
09-03 11:33:15.740 E/[GH_ROMAII_SENSOR_HOOK]( 8987): [gh30x_fifo_evt_handler] exit
09-03 11:33:15.740 E/[GH_ROMAII_SENSOR_HOOK]( 8987): [gh30x_int_msg_handler] exit
09-03 11:33:15.740 E/[GH_I2C_BUS]( 8987): start gh_dev_wait_irq
09-03 11:33:16.710 E/[GH_I2C_BUS]( 8987): GH end gh_dev_wait_irq 0
09-03 11:33:16.710 E/[GH_ROMAII_SENSOR_HOOK]( 8987): [gh30x_int_msg_handler] enter
09-03 11:33:16.710 E/[GH_ROMAII_SENSOR_HOOK]( 8987): [gh30x_int_msg_handler] gh30x_irq_status:2， type:INT_STATUS_FIFO_WATERMARK
09-03 11:33:16.710 E/[GH_ROMAII_SENSOR_HOOK]( 8987): [gh30x_int_msg_handler] gh30x_adt_working_flag:0
09-03 11:33:16.710 E/[GH_ROMAII_SENSOR_HOOK]( 8987): [gh30x_fifo_evt_handler] enter
09-03 11:33:16.710 E/[GH_ROMAII_SENSOR_HOOK]( 8987): got gh30x fifo evt, func[RUN_MODE_SPO2_DET]
09-03 11:33:16.710 E/[GH_I2C_BUS]( 8987): gh_dev_get_acc_buffer len 40 ret 0
09-03 11:33:16.710 E/[GH_ROMAII_SENSOR_HOOK]( 8987): gsensor_drv_get_fifo_data len 40 
09-03 11:33:16.710 E/[GH_ROMAII_SENSOR_HOOK]( 8987): [gh30x_fifo_evt_spo2_mode_calc] enter
09-03 11:33:16.730 E/[GH_ROMAII_SENSOR_HOOK]( 8987): [handle_spo2_mode_result] enter
09-03 11:33:16.730 E/[GH_ROMAII_SENSOR_HOOK]( 8987): GH_3011 spo2_result : 98 , lvl 55 , hb 51, lvl100 , wearing 1
09-03 11:33:16.740 E/[GH_I2C_BUS]( 8987): gh_dev_report_key 1, weared 1 ,ppg 51 ,spo2 98 ,ret 0
09-03 11:33:16.740 E/[GH_ROMAII_SENSOR_HOOK]( 8987): [handle_spo2_mode_result] exit
09-03 11:33:16.740 E/[GH_ROMAII_SENSOR_HOOK]( 8987): spo2 calc, gs_len=40, result=98,55,51,100,581,581,0,0,40,2,5550,1
09-03 11:33:16.740 E/[GH_ROMAII_SENSOR_HOOK]( 8987): [gh30x_fifo_evt_spo2_mode_calc] wearing_state:1
09-03 11:33:16.740 E/[GH_ROMAII_SENSOR_HOOK]( 8987): [gh30x_fifo_evt_spo2_mode_calc] not unwear state
09-03 11:33:16.740 E/[GH_ROMAII_SENSOR_HOOK]( 8987): [gh30x_fifo_evt_spo2_mode_calc] exit
09-03 11:33:16.740 E/[GH_ROMAII_SENSOR_HOOK]( 8987): [gh30x_fifo_evt_handler] exit
09-03 11:33:16.740 E/[GH_ROMAII_SENSOR_HOOK]( 8987): [gh30x_int_msg_handler] exit
09-03 11:33:16.740 E/[GH_I2C_BUS]( 8987): start gh_dev_wait_irq
09-03 11:33:16.820 W/WindowManager(  647): Focused window stay null too long, have a update!
09-03 11:33:16.820 V/WindowManager(  647): Looking for focus: 1 = Window{41b914a8 u0 KeyguardScrim} = null, flags=1116416, canReceive=false mViewVisibility=8 mHasSurface=false
09-03 11:33:16.820 V/WindowManager(  647): Looking for focus: 0 = Window{4191a5c0 u0 com.android.systemui.ImageWallpaper} = null, flags=792, canReceive=false mViewVisibility=0 mHasSurface=true
09-03 11:33:16.820 V/WindowManager(  647): findFocusedWindow: No focusable windows.
09-03 11:33:17.010 D/Settings(  647): newValuesVersion = 2
09-03 11:33:17.010 D/Settings(  647): mValues.get(name) = null
09-03 11:33:17.010 D/Settings(  647): newValuesVersion = 2
09-03 11:33:17.010 D/Settings(  647): mValues.get(name) = null
09-03 11:33:17.010 D/DeviceStorageMonitorService(  647): freeMem = 1477128192 lastFreeMem = 1477275648
09-03 11:33:17.390 V/Watchdog(  647): **** -1-Watchdog SCHEDULE CHECK HANDLER! ****
09-03 11:33:17.390 V/Watchdog(  647): **** -0- POST CHECHER! foreground thread ****
09-03 11:33:17.390 V/Watchdog(  647): **** -0- NO MONITOR & ISIDLING (main thread) ****
09-03 11:33:17.390 V/Watchdog(  647): **** -0- NO MONITOR & ISIDLING (ui thread) ****
09-03 11:33:17.390 V/Watchdog(  647): **** -0- NO MONITOR & ISIDLING (i/o thread) ****
09-03 11:33:17.390 V/Watchdog(  647): **** -0- NO MONITOR & ISIDLING (ActivityManager) ****
09-03 11:33:17.390 V/Watchdog(  647): **** -0- NO MONITOR & ISIDLING (PackageManager) ****
09-03 11:33:17.390 V/Watchdog(  647): **** -0- NO MONITOR & ISIDLING (PowerManagerService) ****
09-03 11:33:17.390 V/Watchdog(  647): **** -0- NO MONITOR & ISIDLING (WindowManager thread) ****
09-03 11:33:17.390 V/Watchdog(  647): **** -1- CHECK MONITORS BEGIN (foreground thread)! ****
09-03 11:33:17.390 V/Watchdog(  647): **** -2- CHECK MONITORS FINISHED (foreground thread)! ****
09-03 11:33:17.390 V/Watchdog(  647): **** -3- SYNC Watchdog.THIS FINISHED (foreground thread)! ****
09-03 11:33:17.650 D/LIBGPS  (  647): watchdog_open PowerState:GE2 CP IDLED readcount:800819
09-03 11:33:17.650 D/LIBGPS  (  647): libgps monitor, idltime =240 second
09-03 11:33:17.650 D/LIBGPS  (  647): pid =647, ppid =231,tid =1026
09-03 11:33:17.650 D/LIBGPS  (  647): pid =647, ppid =231,tid =1026
09-03 11:33:17.650 D/LIBGPS  (  647): gps_sendHeartTest HeartCount =1
09-03 11:33:17.650 D/LIBGPS  (  647): &&& GPS_HeartCountRsp  HeartCount 0 pid =647,ppid =231
09-03 11:33:17.660 E/LIBGPS  (  647): read socet_client error: Try again
09-03 11:33:17.710 E/[GH_I2C_BUS]( 8987): GH end gh_dev_wait_irq 0
09-03 11:33:17.710 E/[GH_ROMAII_SENSOR_HOOK]( 8987): [gh30x_int_msg_handler] enter
09-03 11:33:17.710 E/[GH_ROMAII_SENSOR_HOOK]( 8987): [gh30x_int_msg_handler] gh30x_irq_status:2， type:INT_STATUS_FIFO_WATERMARK
09-03 11:33:17.710 E/[GH_ROMAII_SENSOR_HOOK]( 8987): [gh30x_int_msg_handler] gh30x_adt_working_flag:0
09-03 11:33:17.710 E/[GH_ROMAII_SENSOR_HOOK]( 8987): [gh30x_fifo_evt_handler] enter
09-03 11:33:17.710 E/[GH_ROMAII_SENSOR_HOOK]( 8987): got gh30x fifo evt, func[RUN_MODE_SPO2_DET]
09-03 11:33:17.710 E/[GH_I2C_BUS]( 8987): gh_dev_get_acc_buffer len 40 ret 0
09-03 11:33:17.710 E/[GH_ROMAII_SENSOR_HOOK]( 8987): gsensor_drv_get_fifo_data len 40 
09-03 11:33:17.720 E/[GH_ROMAII_SENSOR_HOOK]( 8987): [gh30x_fifo_evt_spo2_mode_calc] enter
09-03 11:33:17.740 E/[GH_ROMAII_SENSOR_HOOK]( 8987): [handle_spo2_mode_result] enter
09-03 11:33:17.740 E/[GH_ROMAII_SENSOR_HOOK]( 8987): GH_3011 spo2_result : 98 , lvl 55 , hb 51, lvl100 , wearing 1
09-03 11:33:17.750 E/[GH_I2C_BUS]( 8987): gh_dev_report_key 1, weared 1 ,ppg 51 ,spo2 98 ,ret 0
09-03 11:33:17.750 E/[GH_ROMAII_SENSOR_HOOK]( 8987): [handle_spo2_mode_result] exit
09-03 11:33:17.750 E/[GH_ROMAII_SENSOR_HOOK]( 8987): spo2 calc, gs_len=40, result=98,55,51,100,581,581,0,0,40,2,5550,1
09-03 11:33:17.750 E/[GH_ROMAII_SENSOR_HOOK]( 8987): [gh30x_fifo_evt_spo2_mode_calc] wearing_state:1
09-03 11:33:17.750 E/[GH_ROMAII_SENSOR_HOOK]( 8987): [gh30x_fifo_evt_spo2_mode_calc] not unwear state
09-03 11:33:17.750 E/[GH_ROMAII_SENSOR_HOOK]( 8987): [gh30x_fifo_evt_spo2_mode_calc] exit
09-03 11:33:17.750 E/[GH_ROMAII_SENSOR_HOOK]( 8987): [gh30x_fifo_evt_handler] exit
09-03 11:33:17.750 E/[GH_ROMAII_SENSOR_HOOK]( 8987): [gh30x_int_msg_handler] exit
09-03 11:33:17.750 E/[GH_I2C_BUS]( 8987): start gh_dev_wait_irq
09-03 11:33:17.780 D/WCND    (  217): is_cp2_alive_ok: open polling interface: /proc/mdbg/loopcheck, fd = 17
09-03 11:33:17.880 D/WCND    (  217): is_cp2_alive_ok: loop: /proc/mdbg/loopcheck is OK
09-03 11:33:18.720 E/[GH_I2C_BUS]( 8987): GH end gh_dev_wait_irq 0
09-03 11:33:18.720 E/[GH_ROMAII_SENSOR_HOOK]( 8987): [gh30x_int_msg_handler] enter
09-03 11:33:18.720 E/[GH_ROMAII_SENSOR_HOOK]( 8987): [gh30x_int_msg_handler] gh30x_irq_status:2， type:INT_STATUS_FIFO_WATERMARK
09-03 11:33:18.720 E/[GH_ROMAII_SENSOR_HOOK]( 8987): [gh30x_int_msg_handler] gh30x_adt_working_flag:0
09-03 11:33:18.720 E/[GH_ROMAII_SENSOR_HOOK]( 8987): [gh30x_fifo_evt_handler] enter
09-03 11:33:18.720 E/[GH_ROMAII_SENSOR_HOOK]( 8987): got gh30x fifo evt, func[RUN_MODE_SPO2_DET]
09-03 11:33:18.720 E/[GH_I2C_BUS]( 8987): gh_dev_get_acc_buffer len 40 ret 0
09-03 11:33:18.720 E/[GH_ROMAII_SENSOR_HOOK]( 8987): gsensor_drv_get_fifo_data len 40 
09-03 11:33:18.720 E/[GH_ROMAII_SENSOR_HOOK]( 8987): [gh30x_fifo_evt_spo2_mode_calc] enter
09-03 11:33:18.740 E/[GH_ROMAII_SENSOR_HOOK]( 8987): [handle_spo2_mode_result] enter
09-03 11:33:18.740 E/[GH_ROMAII_SENSOR_HOOK]( 8987): GH_3011 spo2_result : 98 , lvl 54 , hb 51, lvl100 , wearing 1
09-03 11:33:18.750 E/[GH_I2C_BUS]( 8987): gh_dev_report_key 1, weared 1 ,ppg 51 ,spo2 98 ,ret 0
09-03 11:33:18.750 E/[GH_ROMAII_SENSOR_HOOK]( 8987): [handle_spo2_mode_result] exit
09-03 11:33:18.750 E/[GH_ROMAII_SENSOR_HOOK]( 8987): spo2 calc, gs_len=40, result=98,54,51,100,810,581,0,0,40,2,5550,1
09-03 11:33:18.750 E/[GH_ROMAII_SENSOR_HOOK]( 8987): [gh30x_fifo_evt_spo2_mode_calc] wearing_state:1
09-03 11:33:18.750 E/[GH_ROMAII_SENSOR_HOOK]( 8987): [gh30x_fifo_evt_spo2_mode_calc] not unwear state
09-03 11:33:18.750 E/[GH_ROMAII_SENSOR_HOOK]( 8987): [gh30x_fifo_evt_spo2_mode_calc] exit
09-03 11:33:18.750 E/[GH_ROMAII_SENSOR_HOOK]( 8987): [gh30x_fifo_evt_handler] exit
09-03 11:33:18.750 E/[GH_ROMAII_SENSOR_HOOK]( 8987): [gh30x_int_msg_handler] exit
09-03 11:33:18.750 E/[GH_I2C_BUS]( 8987): start gh_dev_wait_irq
09-03 11:33:19.650 D/LIBGPS  (  647): watchdog_open PowerState:GE2 CP IDLED readcount:800820
09-03 11:33:19.650 D/LIBGPS  (  647): libgps monitor, idltime =242 second
09-03 11:33:19.650 D/LIBGPS  (  647): pid =647, ppid =231,tid =1026
09-03 11:33:19.650 D/LIBGPS  (  647): pid =647, ppid =231,tid =1026
09-03 11:33:19.650 D/LIBGPS  (  647): gps_sendHeartTest HeartCount =1
09-03 11:33:19.650 D/LIBGPS  (  647): &&& GPS_HeartCountRsp  HeartCount 0 pid =647,ppid =231
09-03 11:33:19.720 E/[GH_I2C_BUS]( 8987): GH end gh_dev_wait_irq 0
09-03 11:33:19.720 E/[GH_ROMAII_SENSOR_HOOK]( 8987): [gh30x_int_msg_handler] enter
09-03 11:33:19.720 E/[GH_ROMAII_SENSOR_HOOK]( 8987): [gh30x_int_msg_handler] gh30x_irq_status:2， type:INT_STATUS_FIFO_WATERMARK
09-03 11:33:19.720 E/[GH_ROMAII_SENSOR_HOOK]( 8987): [gh30x_int_msg_handler] gh30x_adt_working_flag:0
09-03 11:33:19.720 E/[GH_ROMAII_SENSOR_HOOK]( 8987): [gh30x_fifo_evt_handler] enter
09-03 11:33:19.720 E/[GH_ROMAII_SENSOR_HOOK]( 8987): got gh30x fifo evt, func[RUN_MODE_SPO2_DET]
09-03 11:33:19.720 E/[GH_I2C_BUS]( 8987): gh_dev_get_acc_buffer len 40 ret 0
09-03 11:33:19.720 E/[GH_ROMAII_SENSOR_HOOK]( 8987): gsensor_drv_get_fifo_data len 40 
09-03 11:33:19.720 E/[GH_ROMAII_SENSOR_HOOK]( 8987): [gh30x_fifo_evt_spo2_mode_calc] enter
09-03 11:33:19.740 E/[GH_ROMAII_SENSOR_HOOK]( 8987): [handle_spo2_mode_result] enter
09-03 11:33:19.740 E/[GH_ROMAII_SENSOR_HOOK]( 8987): GH_3011 spo2_result : 98 , lvl 52 , hb 51, lvl100 , wearing 1
09-03 11:33:19.750 E/[GH_I2C_BUS]( 8987): gh_dev_report_key 1, weared 1 ,ppg 51 ,spo2 98 ,ret 0
09-03 11:33:19.750 E/[GH_ROMAII_SENSOR_HOOK]( 8987): [handle_spo2_mode_result] exit
09-03 11:33:19.750 E/[GH_ROMAII_SENSOR_HOOK]( 8987): spo2 calc, gs_len=40, result=98,52,51,100,581,581,581,581,40,4,5550,1
09-03 11:33:19.750 E/[GH_ROMAII_SENSOR_HOOK]( 8987): [gh30x_fifo_evt_spo2_mode_calc] wearing_state:1
09-03 11:33:19.750 E/[GH_ROMAII_SENSOR_HOOK]( 8987): [gh30x_fifo_evt_spo2_mode_calc] not unwear state
09-03 11:33:19.750 E/[GH_ROMAII_SENSOR_HOOK]( 8987): [gh30x_fifo_evt_spo2_mode_calc] exit
09-03 11:33:19.750 E/[GH_ROMAII_SENSOR_HOOK]( 8987): [gh30x_fifo_evt_handler] exit
09-03 11:33:19.750 E/[GH_ROMAII_SENSOR_HOOK]( 8987): [gh30x_int_msg_handler] exit
09-03 11:33:19.750 E/[GH_I2C_BUS]( 8987): start gh_dev_wait_irq
09-03 11:33:19.820 W/WindowManager(  647): Focused window stay null too long, have a update!
09-03 11:33:19.830 V/WindowManager(  647): Looking for focus: 1 = Window{41b914a8 u0 KeyguardScrim} = null, flags=1116416, canReceive=false mViewVisibility=8 mHasSurface=false
09-03 11:33:19.830 V/WindowManager(  647): Looking for focus: 0 = Window{4191a5c0 u0 com.android.systemui.ImageWallpaper} = null, flags=792, canReceive=false mViewVisibility=0 mHasSurface=true
09-03 11:33:19.830 V/WindowManager(  647): findFocusedWindow: No focusable windows.
09-03 11:33:20.720 E/[GH_I2C_BUS]( 8987): GH end gh_dev_wait_irq 0
09-03 11:33:20.720 E/[GH_ROMAII_SENSOR_HOOK]( 8987): [gh30x_int_msg_handler] enter
09-03 11:33:20.720 E/[GH_ROMAII_SENSOR_HOOK]( 8987): [gh30x_int_msg_handler] gh30x_irq_status:2， type:INT_STATUS_FIFO_WATERMARK
09-03 11:33:20.720 E/[GH_ROMAII_SENSOR_HOOK]( 8987): [gh30x_int_msg_handler] gh30x_adt_working_flag:0
09-03 11:33:20.720 E/[GH_ROMAII_SENSOR_HOOK]( 8987): [gh30x_fifo_evt_handler] enter
09-03 11:33:20.720 E/[GH_ROMAII_SENSOR_HOOK]( 8987): got gh30x fifo evt, func[RUN_MODE_SPO2_DET]
09-03 11:33:20.720 E/[GH_I2C_BUS]( 8987): gh_dev_get_acc_buffer len 40 ret 0
09-03 11:33:20.720 E/[GH_ROMAII_SENSOR_HOOK]( 8987): gsensor_drv_get_fifo_data len 40 
09-03 11:33:20.730 E/[GH_ROMAII_SENSOR_HOOK]( 8987): [gh30x_fifo_evt_spo2_mode_calc] enter
09-03 11:33:20.750 E/[GH_ROMAII_SENSOR_HOOK]( 8987): [handle_spo2_mode_result] enter
09-03 11:33:20.750 E/[GH_ROMAII_SENSOR_HOOK]( 8987): GH_3011 spo2_result : 98 , lvl 52 , hb 51, lvl100 , wearing 1
09-03 11:33:20.760 E/[GH_I2C_BUS]( 8987): gh_dev_report_key 1, weared 1 ,ppg 51 ,spo2 98 ,ret 0
09-03 11:33:20.760 E/[GH_ROMAII_SENSOR_HOOK]( 8987): [handle_spo2_mode_result] exit
09-03 11:33:20.760 E/[GH_ROMAII_SENSOR_HOOK]( 8987): spo2 calc, gs_len=40, result=98,52,51,100,581,0,0,0,40,1,5550,1
09-03 11:33:20.760 E/[GH_ROMAII_SENSOR_HOOK]( 8987): [gh30x_fifo_evt_spo2_mode_calc] wearing_state:1
09-03 11:33:20.760 E/[GH_ROMAII_SENSOR_HOOK]( 8987): [gh30x_fifo_evt_spo2_mode_calc] not unwear state
09-03 11:33:20.760 E/[GH_ROMAII_SENSOR_HOOK]( 8987): [gh30x_fifo_evt_spo2_mode_calc] exit
09-03 11:33:20.760 E/[GH_ROMAII_SENSOR_HOOK]( 8987): [gh30x_fifo_evt_handler] exit
09-03 11:33:20.760 E/[GH_ROMAII_SENSOR_HOOK]( 8987): [gh30x_int_msg_handler] exit
09-03 11:33:20.760 E/[GH_I2C_BUS]( 8987): start gh_dev_wait_irq
09-03 11:33:21.650 D/LIBGPS  (  647): watchdog_open PowerState:GE2 CP IDLED readcount:800821
09-03 11:33:21.650 D/LIBGPS  (  647): libgps monitor, idltime =244 second
09-03 11:33:21.650 D/LIBGPS  (  647): pid =647, ppid =231,tid =1026
09-03 11:33:21.650 D/LIBGPS  (  647): pid =647, ppid =231,tid =1026
09-03 11:33:21.650 D/LIBGPS  (  647): gps_sendHeartTest HeartCount =1
09-03 11:33:21.650 D/LIBGPS  (  647): &&& GPS_HeartCountRsp  HeartCount 0 pid =647,ppid =231
09-03 11:33:21.730 E/[GH_I2C_BUS]( 8987): GH end gh_dev_wait_irq 0
09-03 11:33:21.730 E/[GH_ROMAII_SENSOR_HOOK]( 8987): [gh30x_int_msg_handler] enter
09-03 11:33:21.730 E/[GH_ROMAII_SENSOR_HOOK]( 8987): [gh30x_int_msg_handler] gh30x_irq_status:2， type:INT_STATUS_FIFO_WATERMARK
09-03 11:33:21.730 E/[GH_ROMAII_SENSOR_HOOK]( 8987): [gh30x_int_msg_handler] gh30x_adt_working_flag:0
09-03 11:33:21.730 E/[GH_ROMAII_SENSOR_HOOK]( 8987): [gh30x_fifo_evt_handler] enter
09-03 11:33:21.730 E/[GH_ROMAII_SENSOR_HOOK]( 8987): got gh30x fifo evt, func[RUN_MODE_SPO2_DET]
09-03 11:33:21.730 E/[GH_I2C_BUS]( 8987): gh_dev_get_acc_buffer len 40 ret 0
09-03 11:33:21.730 E/[GH_ROMAII_SENSOR_HOOK]( 8987): gsensor_drv_get_fifo_data len 40 
09-03 11:33:21.730 E/[GH_ROMAII_SENSOR_HOOK]( 8987): [gh30x_fifo_evt_spo2_mode_calc] enter
09-03 11:33:21.750 E/[GH_ROMAII_SENSOR_HOOK]( 8987): [handle_spo2_mode_result] enter
09-03 11:33:21.750 E/[GH_ROMAII_SENSOR_HOOK]( 8987): GH_3011 spo2_result : 98 , lvl 51 , hb 51, lvl100 , wearing 1
09-03 11:33:21.760 E/[GH_I2C_BUS]( 8987): gh_dev_report_key 1, weared 1 ,ppg 51 ,spo2 98 ,ret 0
09-03 11:33:21.760 E/[GH_ROMAII_SENSOR_HOOK]( 8987): [handle_spo2_mode_result] exit
09-03 11:33:21.760 E/[GH_ROMAII_SENSOR_HOOK]( 8987): spo2 calc, gs_len=40, result=98,51,51,100,1100,581,0,0,40,2,5550,1
09-03 11:33:21.760 E/[GH_ROMAII_SENSOR_HOOK]( 8987): [gh30x_fifo_evt_spo2_mode_calc] wearing_state:1
09-03 11:33:21.760 E/[GH_ROMAII_SENSOR_HOOK]( 8987): [gh30x_fifo_evt_spo2_mode_calc] not unwear state
09-03 11:33:21.760 E/[GH_ROMAII_SENSOR_HOOK]( 8987): [gh30x_fifo_evt_spo2_mode_calc] exit
09-03 11:33:21.760 E/[GH_ROMAII_SENSOR_HOOK]( 8987): [gh30x_fifo_evt_handler] exit
09-03 11:33:21.760 E/[GH_ROMAII_SENSOR_HOOK]( 8987): [gh30x_int_msg_handler] exit
09-03 11:33:21.760 E/[GH_I2C_BUS]( 8987): start gh_dev_wait_irq
09-03 11:33:22.280 D/BroadcastQueue(  647): Schedule broadcasts [background]: current=false
09-03 11:33:22.280 D/BroadcastQueue(  647): Received BROADCAST_INTENT_MSG
09-03 11:33:22.280 D/WcnManagerService(  647): Recive LTE band Notify BROADCAST: android.intent.action.BAND_INFO_REPORT0
09-03 11:33:22.280 D/WcnManagerService(  647): Recive LTE band Notify:7
09-03 11:33:22.280 D/WcnManagerService(  647): parse bindinfo:7
09-03 11:33:22.280 D/WcnManagerService(  647): bandValueInfo:7
09-03 11:33:22.280 D/WcnManagerService(  647): Get Current LTE BAND Value:7, mLTEInfo: 7
09-03 11:33:22.280 D/WcnManagerService(  647): EVENT_LTE_BAND_CHANGED
09-03 11:33:22.280 D/WcnManagerService(  647): LTE Band:7 mCurrentWifiFreq:2437 not intereference just return
09-03 11:33:22.660 E/LIBGPS  (  647): read socet_client error: Try again
09-03 11:33:22.730 E/[GH_I2C_BUS]( 8987): GH end gh_dev_wait_irq 0
09-03 11:33:22.730 E/[GH_ROMAII_SENSOR_HOOK]( 8987): [gh30x_int_msg_handler] enter
09-03 11:33:22.730 E/[GH_ROMAII_SENSOR_HOOK]( 8987): [gh30x_int_msg_handler] gh30x_irq_status:2， type:INT_STATUS_FIFO_WATERMARK
09-03 11:33:22.730 E/[GH_ROMAII_SENSOR_HOOK]( 8987): [gh30x_int_msg_handler] gh30x_adt_working_flag:0
09-03 11:33:22.730 E/[GH_ROMAII_SENSOR_HOOK]( 8987): [gh30x_fifo_evt_handler] enter
09-03 11:33:22.730 E/[GH_ROMAII_SENSOR_HOOK]( 8987): got gh30x fifo evt, func[RUN_MODE_SPO2_DET]
09-03 11:33:22.730 E/[GH_I2C_BUS]( 8987): gh_dev_get_acc_buffer len 40 ret 0
09-03 11:33:22.730 E/[GH_ROMAII_SENSOR_HOOK]( 8987): gsensor_drv_get_fifo_data len 40 
09-03 11:33:22.730 E/[GH_ROMAII_SENSOR_HOOK]( 8987): [gh30x_fifo_evt_spo2_mode_calc] enter
09-03 11:33:22.750 E/[GH_ROMAII_SENSOR_HOOK]( 8987): [handle_spo2_mode_result] enter
09-03 11:33:22.750 E/[GH_ROMAII_SENSOR_HOOK]( 8987): GH_3011 spo2_result : 98 , lvl 49 , hb 51, lvl100 , wearing 1
09-03 11:33:22.760 E/[GH_I2C_BUS]( 8987): gh_dev_report_key 1, weared 1 ,ppg 51 ,spo2 98 ,ret 0
09-03 11:33:22.760 E/[GH_ROMAII_SENSOR_HOOK]( 8987): [handle_spo2_mode_result] exit
09-03 11:33:22.760 E/[GH_ROMAII_SENSOR_HOOK]( 8987): spo2 calc, gs_len=40, result=98,49,51,100,581,581,0,0,40,2,5550,1
09-03 11:33:22.760 E/[GH_ROMAII_SENSOR_HOOK]( 8987): [gh30x_fifo_evt_spo2_mode_calc] wearing_state:1
09-03 11:33:22.760 E/[GH_ROMAII_SENSOR_HOOK]( 8987): [gh30x_fifo_evt_spo2_mode_calc] not unwear state
09-03 11:33:22.760 E/[GH_ROMAII_SENSOR_HOOK]( 8987): [gh30x_fifo_evt_spo2_mode_calc] exit
09-03 11:33:22.760 E/[GH_ROMAII_SENSOR_HOOK]( 8987): [gh30x_fifo_evt_handler] exit
09-03 11:33:22.760 E/[GH_ROMAII_SENSOR_HOOK]( 8987): [gh30x_int_msg_handler] exit
09-03 11:33:22.760 E/[GH_I2C_BUS]( 8987): start gh_dev_wait_irq
09-03 11:33:22.830 W/WindowManager(  647): Focused window stay null too long, have a update!
09-03 11:33:22.830 V/WindowManager(  647): Looking for focus: 1 = Window{41b914a8 u0 KeyguardScrim} = null, flags=1116416, canReceive=false mViewVisibility=8 mHasSurface=false
09-03 11:33:22.830 V/WindowManager(  647): Looking for focus: 0 = Window{4191a5c0 u0 com.android.systemui.ImageWallpaper} = null, flags=792, canReceive=false mViewVisibility=0 mHasSurface=true
09-03 11:33:22.830 V/WindowManager(  647): findFocusedWindow: No focusable windows.
09-03 11:33:22.880 D/WCND    (  217): is_cp2_alive_ok: open polling interface: /proc/mdbg/loopcheck, fd = 17
09-03 11:33:22.980 D/WCND    (  217): is_cp2_alive_ok: loop: /proc/mdbg/loopcheck is OK
09-03 11:33:23.650 D/LIBGPS  (  647): watchdog_open PowerState:GE2 CP IDLED readcount:800822
09-03 11:33:23.650 D/LIBGPS  (  647): libgps monitor, idltime =246 second
09-03 11:33:23.650 D/LIBGPS  (  647): pid =647, ppid =231,tid =1026
09-03 11:33:23.650 D/LIBGPS  (  647): pid =647, ppid =231,tid =1026
09-03 11:33:23.650 D/LIBGPS  (  647): gps_sendHeartTest HeartCount =1
09-03 11:33:23.650 D/LIBGPS  (  647): &&& GPS_HeartCountRsp  HeartCount 0 pid =647,ppid =231
09-03 11:33:23.730 E/[GH_I2C_BUS]( 8987): GH end gh_dev_wait_irq 0
09-03 11:33:23.730 E/[GH_ROMAII_SENSOR_HOOK]( 8987): [gh30x_int_msg_handler] enter
09-03 11:33:23.740 E/[GH_ROMAII_SENSOR_HOOK]( 8987): [gh30x_int_msg_handler] gh30x_irq_status:2， type:INT_STATUS_FIFO_WATERMARK
09-03 11:33:23.740 E/[GH_ROMAII_SENSOR_HOOK]( 8987): [gh30x_int_msg_handler] gh30x_adt_working_flag:0
09-03 11:33:23.740 E/[GH_ROMAII_SENSOR_HOOK]( 8987): [gh30x_fifo_evt_handler] enter
09-03 11:33:23.740 E/[GH_ROMAII_SENSOR_HOOK]( 8987): got gh30x fifo evt, func[RUN_MODE_SPO2_DET]
09-03 11:33:23.740 E/[GH_I2C_BUS]( 8987): gh_dev_get_acc_buffer len 40 ret 0
09-03 11:33:23.740 E/[GH_ROMAII_SENSOR_HOOK]( 8987): gsensor_drv_get_fifo_data len 40 
09-03 11:33:23.740 E/[GH_ROMAII_SENSOR_HOOK]( 8987): [gh30x_fifo_evt_spo2_mode_calc] enter
09-03 11:33:23.760 E/[GH_ROMAII_SENSOR_HOOK]( 8987): [handle_spo2_mode_result] enter
09-03 11:33:23.760 E/[GH_ROMAII_SENSOR_HOOK]( 8987): GH_3011 spo2_result : 98 , lvl 51 , hb 51, lvl100 , wearing 1
09-03 11:33:23.770 E/[GH_I2C_BUS]( 8987): gh_dev_report_key 1, weared 1 ,ppg 51 ,spo2 98 ,ret 0
09-03 11:33:23.770 E/[GH_ROMAII_SENSOR_HOOK]( 8987): [handle_spo2_mode_result] exit
09-03 11:33:23.770 E/[GH_ROMAII_SENSOR_HOOK]( 8987): spo2 calc, gs_len=40, result=98,51,51,100,770,600,0,0,40,2,5550,1
09-03 11:33:23.770 E/[GH_ROMAII_SENSOR_HOOK]( 8987): [gh30x_fifo_evt_spo2_mode_calc] wearing_state:1
09-03 11:33:23.770 E/[GH_ROMAII_SENSOR_HOOK]( 8987): [gh30x_fifo_evt_spo2_mode_calc] not unwear state
09-03 11:33:23.770 E/[GH_ROMAII_SENSOR_HOOK]( 8987): [gh30x_fifo_evt_spo2_mode_calc] exit
09-03 11:33:23.770 E/[GH_ROMAII_SENSOR_HOOK]( 8987): [gh30x_fifo_evt_handler] exit
09-03 11:33:23.770 E/[GH_ROMAII_SENSOR_HOOK]( 8987): [gh30x_int_msg_handler] exit
09-03 11:33:23.770 E/[GH_I2C_BUS]( 8987): start gh_dev_wait_irq
09-03 11:33:24.740 E/[GH_I2C_BUS]( 8987): GH end gh_dev_wait_irq 0
09-03 11:33:24.740 E/[GH_ROMAII_SENSOR_HOOK]( 8987): [gh30x_int_msg_handler] enter
09-03 11:33:24.740 E/[GH_ROMAII_SENSOR_HOOK]( 8987): [gh30x_int_msg_handler] gh30x_irq_status:2， type:INT_STATUS_FIFO_WATERMARK
09-03 11:33:24.740 E/[GH_ROMAII_SENSOR_HOOK]( 8987): [gh30x_int_msg_handler] gh30x_adt_working_flag:0
09-03 11:33:24.740 E/[GH_ROMAII_SENSOR_HOOK]( 8987): [gh30x_fifo_evt_handler] enter
09-03 11:33:24.740 E/[GH_ROMAII_SENSOR_HOOK]( 8987): got gh30x fifo evt, func[RUN_MODE_SPO2_DET]
09-03 11:33:24.740 E/[GH_I2C_BUS]( 8987): gh_dev_get_acc_buffer len 40 ret 0
09-03 11:33:24.740 E/[GH_ROMAII_SENSOR_HOOK]( 8987): gsensor_drv_get_fifo_data len 40 
09-03 11:33:24.740 E/[GH_ROMAII_SENSOR_HOOK]( 8987): [gh30x_fifo_evt_spo2_mode_calc] enter
09-03 11:33:24.760 E/[GH_ROMAII_SENSOR_HOOK]( 8987): [handle_spo2_mode_result] enter
09-03 11:33:24.760 E/[GH_ROMAII_SENSOR_HOOK]( 8987): GH_3011 spo2_result : 98 , lvl 51 , hb 51, lvl100 , wearing 1
09-03 11:33:24.770 E/[GH_I2C_BUS]( 8987): gh_dev_report_key 1, weared 1 ,ppg 51 ,spo2 98 ,ret 0
09-03 11:33:24.770 E/[GH_ROMAII_SENSOR_HOOK]( 8987): [handle_spo2_mode_result] exit
09-03 11:33:24.770 E/[GH_ROMAII_SENSOR_HOOK]( 8987): spo2 calc, gs_len=40, result=98,51,51,100,581,581,0,0,40,2,5550,1
09-03 11:33:24.770 E/[GH_ROMAII_SENSOR_HOOK]( 8987): [gh30x_fifo_evt_spo2_mode_calc] wearing_state:1
09-03 11:33:24.770 E/[GH_ROMAII_SENSOR_HOOK]( 8987): [gh30x_fifo_evt_spo2_mode_calc] not unwear state
09-03 11:33:24.770 E/[GH_ROMAII_SENSOR_HOOK]( 8987): [gh30x_fifo_evt_spo2_mode_calc] exit
09-03 11:33:24.770 E/[GH_ROMAII_SENSOR_HOOK]( 8987): [gh30x_fifo_evt_handler] exit
09-03 11:33:24.770 E/[GH_ROMAII_SENSOR_HOOK]( 8987): [gh30x_int_msg_handler] exit
09-03 11:33:24.770 E/[GH_I2C_BUS]( 8987): start gh_dev_wait_irq
09-03 11:33:25.650 D/LIBGPS  (  647): watchdog_open PowerState:GE2 CP IDLED readcount:800823
09-03 11:33:25.650 D/LIBGPS  (  647): libgps monitor, idltime =248 second
09-03 11:33:25.650 D/LIBGPS  (  647): pid =647, ppid =231,tid =1026
09-03 11:33:25.650 D/LIBGPS  (  647): pid =647, ppid =231,tid =1026
09-03 11:33:25.650 D/LIBGPS  (  647): gps_sendHeartTest HeartCount =1
09-03 11:33:25.650 D/LIBGPS  (  647): &&& GPS_HeartCountRsp  HeartCount 0 pid =647,ppid =231
09-03 11:33:25.740 E/[GH_I2C_BUS]( 8987): GH end gh_dev_wait_irq 0
09-03 11:33:25.740 E/[GH_ROMAII_SENSOR_HOOK]( 8987): [gh30x_int_msg_handler] enter
09-03 11:33:25.740 E/[GH_ROMAII_SENSOR_HOOK]( 8987): [gh30x_int_msg_handler] gh30x_irq_status:2， type:INT_STATUS_FIFO_WATERMARK
09-03 11:33:25.740 E/[GH_ROMAII_SENSOR_HOOK]( 8987): [gh30x_int_msg_handler] gh30x_adt_working_flag:0
09-03 11:33:25.740 E/[GH_ROMAII_SENSOR_HOOK]( 8987): [gh30x_fifo_evt_handler] enter
09-03 11:33:25.740 E/[GH_ROMAII_SENSOR_HOOK]( 8987): got gh30x fifo evt, func[RUN_MODE_SPO2_DET]
09-03 11:33:25.740 E/[GH_I2C_BUS]( 8987): gh_dev_get_acc_buffer len 40 ret 0
09-03 11:33:25.740 E/[GH_ROMAII_SENSOR_HOOK]( 8987): gsensor_drv_get_fifo_data len 40 
09-03 11:33:25.740 E/[GH_ROMAII_SENSOR_HOOK]( 8987): [gh30x_fifo_evt_spo2_mode_calc] enter
09-03 11:33:25.770 E/[GH_ROMAII_SENSOR_HOOK]( 8987): [handle_spo2_mode_result] enter
09-03 11:33:25.770 E/[GH_ROMAII_SENSOR_HOOK]( 8987): GH_3011 spo2_result : 98 , lvl 50 , hb 51, lvl100 , wearing 1
09-03 11:33:25.780 E/[GH_I2C_BUS]( 8987): gh_dev_report_key 1, weared 1 ,ppg 51 ,spo2 98 ,ret 0
09-03 11:33:25.780 E/[GH_ROMAII_SENSOR_HOOK]( 8987): [handle_spo2_mode_result] exit
09-03 11:33:25.780 E/[GH_ROMAII_SENSOR_HOOK]( 8987): spo2 calc, gs_len=40, result=98,50,51,100,720,581,581,0,40,3,5550,1
09-03 11:33:25.780 E/[GH_ROMAII_SENSOR_HOOK]( 8987): [gh30x_fifo_evt_spo2_mode_calc] wearing_state:1
09-03 11:33:25.780 E/[GH_ROMAII_SENSOR_HOOK]( 8987): [gh30x_fifo_evt_spo2_mode_calc] not unwear state
09-03 11:33:25.780 E/[GH_ROMAII_SENSOR_HOOK]( 8987): [gh30x_fifo_evt_spo2_mode_calc] exit
09-03 11:33:25.780 E/[GH_ROMAII_SENSOR_HOOK]( 8987): [gh30x_fifo_evt_handler] exit
09-03 11:33:25.780 E/[GH_ROMAII_SENSOR_HOOK]( 8987): [gh30x_int_msg_handler] exit
09-03 11:33:25.780 E/[GH_I2C_BUS]( 8987): start gh_dev_wait_irq
09-03 11:33:25.830 W/WindowManager(  647): Focused window stay null too long, have a update!
09-03 11:33:25.830 V/WindowManager(  647): Looking for focus: 1 = Window{41b914a8 u0 KeyguardScrim} = null, flags=1116416, canReceive=false mViewVisibility=8 mHasSurface=false
09-03 11:33:25.830 V/WindowManager(  647): Looking for focus: 0 = Window{4191a5c0 u0 com.android.systemui.ImageWallpaper} = null, flags=792, canReceive=false mViewVisibility=0 mHasSurface=true
09-03 11:33:25.830 V/WindowManager(  647): findFocusedWindow: No focusable windows.
09-03 11:33:26.750 E/[GH_I2C_BUS]( 8987): GH end gh_dev_wait_irq 0
09-03 11:33:26.750 E/[GH_ROMAII_SENSOR_HOOK]( 8987): [gh30x_int_msg_handler] enter
09-03 11:33:26.750 E/[GH_ROMAII_SENSOR_HOOK]( 8987): [gh30x_int_msg_handler] gh30x_irq_status:2， type:INT_STATUS_FIFO_WATERMARK
09-03 11:33:26.750 E/[GH_ROMAII_SENSOR_HOOK]( 8987): [gh30x_int_msg_handler] gh30x_adt_working_flag:0
09-03 11:33:26.750 E/[GH_ROMAII_SENSOR_HOOK]( 8987): [gh30x_fifo_evt_handler] enter
09-03 11:33:26.750 E/[GH_ROMAII_SENSOR_HOOK]( 8987): got gh30x fifo evt, func[RUN_MODE_SPO2_DET]
09-03 11:33:26.750 E/[GH_I2C_BUS]( 8987): gh_dev_get_acc_buffer len 40 ret 0
09-03 11:33:26.750 E/[GH_ROMAII_SENSOR_HOOK]( 8987): gsensor_drv_get_fifo_data len 40 
09-03 11:33:26.750 E/[GH_ROMAII_SENSOR_HOOK]( 8987): [gh30x_fifo_evt_spo2_mode_calc] enter
09-03 11:33:26.770 E/[GH_ROMAII_SENSOR_HOOK]( 8987): [handle_spo2_mode_result] enter
09-03 11:33:26.770 E/[GH_ROMAII_SENSOR_HOOK]( 8987): GH_3011 spo2_result : 98 , lvl 48 , hb 51, lvl100 , wearing 1
09-03 11:33:26.780 E/[GH_I2C_BUS]( 8987): gh_dev_report_key 1, weared 1 ,ppg 51 ,spo2 98 ,ret 0
09-03 11:33:26.780 E/[GH_ROMAII_SENSOR_HOOK]( 8987): [handle_spo2_mode_result] exit
09-03 11:33:26.780 E/[GH_ROMAII_SENSOR_HOOK]( 8987): spo2 calc, gs_len=40, result=98,48,51,100,820,0,0,0,40,1,5550,1
09-03 11:33:26.780 E/[GH_ROMAII_SENSOR_HOOK]( 8987): [gh30x_fifo_evt_spo2_mode_calc] wearing_state:1
09-03 11:33:26.780 E/[GH_ROMAII_SENSOR_HOOK]( 8987): [gh30x_fifo_evt_spo2_mode_calc] not unwear state
09-03 11:33:26.780 E/[GH_ROMAII_SENSOR_HOOK]( 8987): [gh30x_fifo_evt_spo2_mode_calc] exit
09-03 11:33:26.780 E/[GH_ROMAII_SENSOR_HOOK]( 8987): [gh30x_fifo_evt_handler] exit
09-03 11:33:26.780 E/[GH_ROMAII_SENSOR_HOOK]( 8987): [gh30x_int_msg_handler] exit
09-03 11:33:26.780 E/[GH_I2C_BUS]( 8987): start gh_dev_wait_irq
09-03 11:33:27.650 D/LIBGPS  (  647): watchdog_open PowerState:GE2 CP IDLED readcount:800824
09-03 11:33:27.650 D/LIBGPS  (  647): libgps monitor, idltime =250 second
09-03 11:33:27.650 D/LIBGPS  (  647): pid =647, ppid =231,tid =1026
09-03 11:33:27.650 D/LIBGPS  (  647): pid =647, ppid =231,tid =1026
09-03 11:33:27.650 D/LIBGPS  (  647): gps_sendHeartTest HeartCount =1
09-03 11:33:27.650 D/LIBGPS  (  647): &&& GPS_HeartCountRsp  HeartCount 0 pid =647,ppid =231
09-03 11:33:27.660 E/LIBGPS  (  647): read socet_client error: Try again
09-03 11:33:27.750 E/[GH_I2C_BUS]( 8987): GH end gh_dev_wait_irq 0
09-03 11:33:27.750 E/[GH_ROMAII_SENSOR_HOOK]( 8987): [gh30x_int_msg_handler] enter
09-03 11:33:27.750 E/[GH_ROMAII_SENSOR_HOOK]( 8987): [gh30x_int_msg_handler] gh30x_irq_status:2， type:INT_STATUS_FIFO_WATERMARK
09-03 11:33:27.750 E/[GH_ROMAII_SENSOR_HOOK]( 8987): [gh30x_int_msg_handler] gh30x_adt_working_flag:0
09-03 11:33:27.750 E/[GH_ROMAII_SENSOR_HOOK]( 8987): [gh30x_fifo_evt_handler] enter
09-03 11:33:27.750 E/[GH_ROMAII_SENSOR_HOOK]( 8987): got gh30x fifo evt, func[RUN_MODE_SPO2_DET]
09-03 11:33:27.750 E/[GH_I2C_BUS]( 8987): gh_dev_get_acc_buffer len 40 ret 0
09-03 11:33:27.750 E/[GH_ROMAII_SENSOR_HOOK]( 8987): gsensor_drv_get_fifo_data len 40 
09-03 11:33:27.750 E/[GH_ROMAII_SENSOR_HOOK]( 8987): [gh30x_fifo_evt_spo2_mode_calc] enter
09-03 11:33:27.770 E/[GH_ROMAII_SENSOR_HOOK]( 8987): [handle_spo2_mode_result] enter
09-03 11:33:27.770 E/[GH_ROMAII_SENSOR_HOOK]( 8987): GH_3011 spo2_result : 98 , lvl 48 , hb 51, lvl100 , wearing 1
09-03 11:33:27.780 E/[GH_I2C_BUS]( 8987): gh_dev_report_key 1, weared 1 ,ppg 51 ,spo2 98 ,ret 0
09-03 11:33:27.780 E/[GH_ROMAII_SENSOR_HOOK]( 8987): [handle_spo2_mode_result] exit
09-03 11:33:27.780 E/[GH_ROMAII_SENSOR_HOOK]( 8987): spo2 calc, gs_len=40, result=98,48,51,100,600,581,0,0,40,2,5550,1
09-03 11:33:27.780 E/[GH_ROMAII_SENSOR_HOOK]( 8987): [gh30x_fifo_evt_spo2_mode_calc] wearing_state:1
09-03 11:33:27.780 E/[GH_ROMAII_SENSOR_HOOK]( 8987): [gh30x_fifo_evt_spo2_mode_calc] not unwear state
09-03 11:33:27.780 E/[GH_ROMAII_SENSOR_HOOK]( 8987): [gh30x_fifo_evt_spo2_mode_calc] exit
09-03 11:33:27.780 E/[GH_ROMAII_SENSOR_HOOK]( 8987): [gh30x_fifo_evt_handler] exit
09-03 11:33:27.780 E/[GH_ROMAII_SENSOR_HOOK]( 8987): [gh30x_int_msg_handler] exit
09-03 11:33:27.780 E/[GH_I2C_BUS]( 8987): start gh_dev_wait_irq
09-03 11:33:27.980 D/WCND    (  217): is_cp2_alive_ok: open polling interface: /proc/mdbg/loopcheck, fd = 17
09-03 11:33:28.080 D/WCND    (  217): is_cp2_alive_ok: loop: /proc/mdbg/loopcheck is OK
09-03 11:33:28.750 E/[GH_I2C_BUS]( 8987): GH end gh_dev_wait_irq 0
09-03 11:33:28.750 E/[GH_ROMAII_SENSOR_HOOK]( 8987): [gh30x_int_msg_handler] enter
09-03 11:33:28.750 E/[GH_ROMAII_SENSOR_HOOK]( 8987): [gh30x_int_msg_handler] gh30x_irq_status:2， type:INT_STATUS_FIFO_WATERMARK
09-03 11:33:28.750 E/[GH_ROMAII_SENSOR_HOOK]( 8987): [gh30x_int_msg_handler] gh30x_adt_working_flag:0
09-03 11:33:28.750 E/[GH_ROMAII_SENSOR_HOOK]( 8987): [gh30x_fifo_evt_handler] enter
09-03 11:33:28.750 E/[GH_ROMAII_SENSOR_HOOK]( 8987): got gh30x fifo evt, func[RUN_MODE_SPO2_DET]
09-03 11:33:28.750 E/[GH_I2C_BUS]( 8987): gh_dev_get_acc_buffer len 40 ret 0
09-03 11:33:28.750 E/[GH_ROMAII_SENSOR_HOOK]( 8987): gsensor_drv_get_fifo_data len 40 
09-03 11:33:28.750 E/[GH_ROMAII_SENSOR_HOOK]( 8987): [gh30x_fifo_evt_spo2_mode_calc] enter
09-03 11:33:28.780 E/[GH_ROMAII_SENSOR_HOOK]( 8987): [handle_spo2_mode_result] enter
09-03 11:33:28.780 E/[GH_ROMAII_SENSOR_HOOK]( 8987): GH_3011 spo2_result : 98 , lvl 49 , hb 51, lvl100 , wearing 1
09-03 11:33:28.790 E/[GH_I2C_BUS]( 8987): gh_dev_report_key 1, weared 1 ,ppg 51 ,spo2 98 ,ret 0
09-03 11:33:28.790 E/[GH_ROMAII_SENSOR_HOOK]( 8987): [handle_spo2_mode_result] exit
09-03 11:33:28.790 E/[GH_ROMAII_SENSOR_HOOK]( 8987): spo2 calc, gs_len=40, result=98,49,51,100,1130,0,0,0,40,1,5550,1
09-03 11:33:28.790 E/[GH_ROMAII_SENSOR_HOOK]( 8987): [gh30x_fifo_evt_spo2_mode_calc] wearing_state:1
09-03 11:33:28.790 E/[GH_ROMAII_SENSOR_HOOK]( 8987): [gh30x_fifo_evt_spo2_mode_calc] not unwear state
09-03 11:33:28.790 E/[GH_ROMAII_SENSOR_HOOK]( 8987): [gh30x_fifo_evt_spo2_mode_calc] exit
09-03 11:33:28.790 E/[GH_ROMAII_SENSOR_HOOK]( 8987): [gh30x_fifo_evt_handler] exit
09-03 11:33:28.790 E/[GH_ROMAII_SENSOR_HOOK]( 8987): [gh30x_int_msg_handler] exit
09-03 11:33:28.790 E/[GH_I2C_BUS]( 8987): start gh_dev_wait_irq
09-03 11:33:28.830 W/WindowManager(  647): Focused window stay null too long, have a update!
09-03 11:33:28.840 V/WindowManager(  647): Looking for focus: 1 = Window{41b914a8 u0 KeyguardScrim} = null, flags=1116416, canReceive=false mViewVisibility=8 mHasSurface=false
09-03 11:33:28.840 V/WindowManager(  647): Looking for focus: 0 = Window{4191a5c0 u0 com.android.systemui.ImageWallpaper} = null, flags=792, canReceive=false mViewVisibility=0 mHasSurface=true
09-03 11:33:28.840 V/WindowManager(  647): findFocusedWindow: No focusable windows.
09-03 11:33:29.650 D/LIBGPS  (  647): watchdog_open PowerState:GE2 CP IDLED readcount:800825
09-03 11:33:29.650 D/LIBGPS  (  647): libgps monitor, idltime =252 second
09-03 11:33:29.650 D/LIBGPS  (  647): pid =647, ppid =231,tid =1026
09-03 11:33:29.650 D/LIBGPS  (  647): pid =647, ppid =231,tid =1026
09-03 11:33:29.650 D/LIBGPS  (  647): gps_sendHeartTest HeartCount =1
09-03 11:33:29.650 D/LIBGPS  (  647): &&& GPS_HeartCountRsp  HeartCount 0 pid =647,ppid =231
09-03 11:33:29.760 E/[GH_I2C_BUS]( 8987): GH end gh_dev_wait_irq 0
09-03 11:33:29.760 E/[GH_ROMAII_SENSOR_HOOK]( 8987): [gh30x_int_msg_handler] enter
09-03 11:33:29.760 E/[GH_ROMAII_SENSOR_HOOK]( 8987): [gh30x_int_msg_handler] gh30x_irq_status:2， type:INT_STATUS_FIFO_WATERMARK
09-03 11:33:29.760 E/[GH_ROMAII_SENSOR_HOOK]( 8987): [gh30x_int_msg_handler] gh30x_adt_working_flag:0
09-03 11:33:29.760 E/[GH_ROMAII_SENSOR_HOOK]( 8987): [gh30x_fifo_evt_handler] enter
09-03 11:33:29.760 E/[GH_ROMAII_SENSOR_HOOK]( 8987): got gh30x fifo evt, func[RUN_MODE_SPO2_DET]
09-03 11:33:29.760 E/[GH_I2C_BUS]( 8987): gh_dev_get_acc_buffer len 40 ret 0
09-03 11:33:29.760 E/[GH_ROMAII_SENSOR_HOOK]( 8987): gsensor_drv_get_fifo_data len 40 
09-03 11:33:29.760 E/[GH_ROMAII_SENSOR_HOOK]( 8987): [gh30x_fifo_evt_spo2_mode_calc] enter
09-03 11:33:29.780 E/[GH_ROMAII_SENSOR_HOOK]( 8987): [handle_spo2_mode_result] enter
09-03 11:33:29.780 E/[GH_ROMAII_SENSOR_HOOK]( 8987): GH_3011 spo2_result : 98 , lvl 49 , hb 51, lvl100 , wearing 1
09-03 11:33:29.790 E/[GH_I2C_BUS]( 8987): gh_dev_report_key 1, weared 1 ,ppg 51 ,spo2 98 ,ret 0
09-03 11:33:29.790 E/[GH_ROMAII_SENSOR_HOOK]( 8987): [handle_spo2_mode_result] exit
09-03 11:33:29.790 E/[GH_ROMAII_SENSOR_HOOK]( 8987): spo2 calc, gs_len=40, result=98,49,51,100,1130,0,0,0,40,1,5550,1
09-03 11:33:29.790 E/[GH_ROMAII_SENSOR_HOOK]( 8987): [gh30x_fifo_evt_spo2_mode_calc] wearing_state:1
09-03 11:33:29.790 E/[GH_ROMAII_SENSOR_HOOK]( 8987): [gh30x_fifo_evt_spo2_mode_calc] not unwear state
09-03 11:33:29.790 E/[GH_ROMAII_SENSOR_HOOK]( 8987): [gh30x_fifo_evt_spo2_mode_calc] exit
09-03 11:33:29.790 E/[GH_ROMAII_SENSOR_HOOK]( 8987): [gh30x_fifo_evt_handler] exit
09-03 11:33:29.790 E/[GH_ROMAII_SENSOR_HOOK]( 8987): [gh30x_int_msg_handler] exit
09-03 11:33:29.790 E/[GH_I2C_BUS]( 8987): start gh_dev_wait_irq
09-03 11:33:30.760 E/[GH_I2C_BUS]( 8987): GH end gh_dev_wait_irq 0
09-03 11:33:30.760 E/[GH_ROMAII_SENSOR_HOOK]( 8987): [gh30x_int_msg_handler] enter
09-03 11:33:30.760 E/[GH_ROMAII_SENSOR_HOOK]( 8987): [gh30x_int_msg_handler] gh30x_irq_status:2， type:INT_STATUS_FIFO_WATERMARK
09-03 11:33:30.760 E/[GH_ROMAII_SENSOR_HOOK]( 8987): [gh30x_int_msg_handler] gh30x_adt_working_flag:0
09-03 11:33:30.760 E/[GH_ROMAII_SENSOR_HOOK]( 8987): [gh30x_fifo_evt_handler] enter
09-03 11:33:30.760 E/[GH_ROMAII_SENSOR_HOOK]( 8987): got gh30x fifo evt, func[RUN_MODE_SPO2_DET]
09-03 11:33:30.760 E/[GH_I2C_BUS]( 8987): gh_dev_get_acc_buffer len 40 ret 0
09-03 11:33:30.760 E/[GH_ROMAII_SENSOR_HOOK]( 8987): gsensor_drv_get_fifo_data len 40 
09-03 11:33:30.760 E/[GH_ROMAII_SENSOR_HOOK]( 8987): [gh30x_fifo_evt_spo2_mode_calc] enter
09-03 11:33:30.780 E/[GH_ROMAII_SENSOR_HOOK]( 8987): [handle_spo2_mode_result] enter
09-03 11:33:30.780 E/[GH_ROMAII_SENSOR_HOOK]( 8987): GH_3011 spo2_result : 98 , lvl 51 , hb 51, lvl100 , wearing 1
09-03 11:33:30.790 E/[GH_I2C_BUS]( 8987): gh_dev_report_key 1, weared 1 ,ppg 51 ,spo2 98 ,ret 0
09-03 11:33:30.790 E/[GH_ROMAII_SENSOR_HOOK]( 8987): [handle_spo2_mode_result] exit
09-03 11:33:30.790 E/[GH_ROMAII_SENSOR_HOOK]( 8987): spo2 calc, gs_len=40, result=98,51,51,100,1130,0,0,0,40,1,5550,1
09-03 11:33:30.790 E/[GH_ROMAII_SENSOR_HOOK]( 8987): [gh30x_fifo_evt_spo2_mode_calc] wearing_state:1
09-03 11:33:30.790 E/[GH_ROMAII_SENSOR_HOOK]( 8987): [gh30x_fifo_evt_spo2_mode_calc] not unwear state
09-03 11:33:30.790 E/[GH_ROMAII_SENSOR_HOOK]( 8987): [gh30x_fifo_evt_spo2_mode_calc] exit
09-03 11:33:30.790 E/[GH_ROMAII_SENSOR_HOOK]( 8987): [gh30x_fifo_evt_handler] exit
09-03 11:33:30.790 E/[GH_ROMAII_SENSOR_HOOK]( 8987): [gh30x_int_msg_handler] exit
09-03 11:33:30.790 E/[GH_I2C_BUS]( 8987): start gh_dev_wait_irq
09-03 11:33:31.650 D/LIBGPS  (  647): watchdog_open PowerState:GE2 CP IDLED readcount:800826
09-03 11:33:31.650 D/LIBGPS  (  647): libgps monitor, idltime =254 second
09-03 11:33:31.650 D/LIBGPS  (  647): pid =647, ppid =231,tid =1026
09-03 11:33:31.650 D/LIBGPS  (  647): pid =647, ppid =231,tid =1026
09-03 11:33:31.650 D/LIBGPS  (  647): gps_sendHeartTest HeartCount =1
09-03 11:33:31.650 D/LIBGPS  (  647): &&& GPS_HeartCountRsp  HeartCount 0 pid =647,ppid =231
09-03 11:33:31.760 E/[GH_I2C_BUS]( 8987): GH end gh_dev_wait_irq 0
09-03 11:33:31.760 E/[GH_ROMAII_SENSOR_HOOK]( 8987): [gh30x_int_msg_handler] enter
09-03 11:33:31.760 E/[GH_ROMAII_SENSOR_HOOK]( 8987): [gh30x_int_msg_handler] gh30x_irq_status:2， type:INT_STATUS_FIFO_WATERMARK
09-03 11:33:31.760 E/[GH_ROMAII_SENSOR_HOOK]( 8987): [gh30x_int_msg_handler] gh30x_adt_working_flag:0
09-03 11:33:31.760 E/[GH_ROMAII_SENSOR_HOOK]( 8987): [gh30x_fifo_evt_handler] enter
09-03 11:33:31.760 E/[GH_ROMAII_SENSOR_HOOK]( 8987): got gh30x fifo evt, func[RUN_MODE_SPO2_DET]
09-03 11:33:31.760 E/[GH_I2C_BUS]( 8987): gh_dev_get_acc_buffer len 40 ret 0
09-03 11:33:31.760 E/[GH_ROMAII_SENSOR_HOOK]( 8987): gsensor_drv_get_fifo_data len 40 
09-03 11:33:31.760 E/[GH_ROMAII_SENSOR_HOOK]( 8987): [gh30x_fifo_evt_spo2_mode_calc] enter
09-03 11:33:31.790 E/[GH_ROMAII_SENSOR_HOOK]( 8987): [handle_spo2_mode_result] enter
09-03 11:33:31.790 E/[GH_ROMAII_SENSOR_HOOK]( 8987): GH_3011 spo2_result : 98 , lvl 53 , hb 51, lvl100 , wearing 1
09-03 11:33:31.800 E/[GH_I2C_BUS]( 8987): gh_dev_report_key 1, weared 1 ,ppg 51 ,spo2 98 ,ret 0
09-03 11:33:31.800 E/[GH_ROMAII_SENSOR_HOOK]( 8987): [handle_spo2_mode_result] exit
09-03 11:33:31.800 E/[GH_ROMAII_SENSOR_HOOK]( 8987): spo2 calc, gs_len=40, result=98,53,51,100,1210,650,0,0,40,2,5550,1
09-03 11:33:31.800 E/[GH_ROMAII_SENSOR_HOOK]( 8987): [gh30x_fifo_evt_spo2_mode_calc] wearing_state:1
09-03 11:33:31.800 E/[GH_ROMAII_SENSOR_HOOK]( 8987): [gh30x_fifo_evt_spo2_mode_calc] not unwear state
09-03 11:33:31.800 E/[GH_ROMAII_SENSOR_HOOK]( 8987): [gh30x_fifo_evt_spo2_mode_calc] exit
09-03 11:33:31.800 E/[GH_ROMAII_SENSOR_HOOK]( 8987): [gh30x_fifo_evt_handler] exit
09-03 11:33:31.800 E/[GH_ROMAII_SENSOR_HOOK]( 8987): [gh30x_int_msg_handler] exit
09-03 11:33:31.800 E/[GH_I2C_BUS]( 8987): start gh_dev_wait_irq
09-03 11:33:31.840 W/WindowManager(  647): Focused window stay null too long, have a update!
09-03 11:33:31.840 V/WindowManager(  647): Looking for focus: 1 = Window{41b914a8 u0 KeyguardScrim} = null, flags=1116416, canReceive=false mViewVisibility=8 mHasSurface=false
09-03 11:33:31.840 V/WindowManager(  647): Looking for focus: 0 = Window{4191a5c0 u0 com.android.systemui.ImageWallpaper} = null, flags=792, canReceive=false mViewVisibility=0 mHasSurface=true
09-03 11:33:31.840 V/WindowManager(  647): findFocusedWindow: No focusable windows.
09-03 11:33:32.660 E/LIBGPS  (  647): read socet_client error: Try again
09-03 11:33:32.770 E/[GH_I2C_BUS]( 8987): GH end gh_dev_wait_irq 0
09-03 11:33:32.770 E/[GH_ROMAII_SENSOR_HOOK]( 8987): [gh30x_int_msg_handler] enter
09-03 11:33:32.770 E/[GH_ROMAII_SENSOR_HOOK]( 8987): [gh30x_int_msg_handler] gh30x_irq_status:2， type:INT_STATUS_FIFO_WATERMARK
09-03 11:33:32.770 E/[GH_ROMAII_SENSOR_HOOK]( 8987): [gh30x_int_msg_handler] gh30x_adt_working_flag:0
09-03 11:33:32.770 E/[GH_ROMAII_SENSOR_HOOK]( 8987): [gh30x_fifo_evt_handler] enter
09-03 11:33:32.770 E/[GH_ROMAII_SENSOR_HOOK]( 8987): got gh30x fifo evt, func[RUN_MODE_SPO2_DET]
09-03 11:33:32.770 E/[GH_I2C_BUS]( 8987): gh_dev_get_acc_buffer len 40 ret 0
09-03 11:33:32.770 E/[GH_ROMAII_SENSOR_HOOK]( 8987): gsensor_drv_get_fifo_data len 40 
09-03 11:33:32.770 E/[GH_ROMAII_SENSOR_HOOK]( 8987): [gh30x_fifo_evt_spo2_mode_calc] enter
09-03 11:33:32.790 E/[GH_ROMAII_SENSOR_HOOK]( 8987): [handle_spo2_mode_result] enter
09-03 11:33:32.790 E/[GH_ROMAII_SENSOR_HOOK]( 8987): GH_3011 spo2_result : 98 , lvl 57 , hb 51, lvl100 , wearing 1
09-03 11:33:32.800 E/[GH_I2C_BUS]( 8987): gh_dev_report_key 1, weared 1 ,ppg 51 ,spo2 98 ,ret 0
09-03 11:33:32.800 E/[GH_ROMAII_SENSOR_HOOK]( 8987): [handle_spo2_mode_result] exit
09-03 11:33:32.800 E/[GH_ROMAII_SENSOR_HOOK]( 8987): spo2 calc, gs_len=40, result=98,57,51,100,580,580,0,0,40,2,5550,1
09-03 11:33:32.800 E/[GH_ROMAII_SENSOR_HOOK]( 8987): [gh30x_fifo_evt_spo2_mode_calc] wearing_state:1
09-03 11:33:32.800 E/[GH_ROMAII_SENSOR_HOOK]( 8987): [gh30x_fifo_evt_spo2_mode_calc] not unwear state
09-03 11:33:32.800 E/[GH_ROMAII_SENSOR_HOOK]( 8987): [gh30x_fifo_evt_spo2_mode_calc] exit
09-03 11:33:32.800 E/[GH_ROMAII_SENSOR_HOOK]( 8987): [gh30x_fifo_evt_handler] exit
09-03 11:33:32.800 E/[GH_ROMAII_SENSOR_HOOK]( 8987): [gh30x_int_msg_handler] exit
09-03 11:33:32.800 E/[GH_I2C_BUS]( 8987): start gh_dev_wait_irq
09-03 11:33:33.090 D/WCND    (  217): is_cp2_alive_ok: open polling interface: /proc/mdbg/loopcheck, fd = 17
09-03 11:33:33.190 D/WCND    (  217): is_cp2_alive_ok: loop: /proc/mdbg/loopcheck is OK
09-03 11:33:33.650 D/LIBGPS  (  647): watchdog_open PowerState:GE2 CP IDLED readcount:800827
09-03 11:33:33.650 D/LIBGPS  (  647): libgps monitor, idltime =256 second
09-03 11:33:33.650 D/LIBGPS  (  647): pid =647, ppid =231,tid =1026
09-03 11:33:33.650 D/LIBGPS  (  647): pid =647, ppid =231,tid =1026
09-03 11:33:33.650 D/LIBGPS  (  647): gps_sendHeartTest HeartCount =1
09-03 11:33:33.650 D/LIBGPS  (  647): &&& GPS_HeartCountRsp  HeartCount 0 pid =647,ppid =231
09-03 11:33:33.770 E/[GH_I2C_BUS]( 8987): GH end gh_dev_wait_irq 0
09-03 11:33:33.770 E/[GH_ROMAII_SENSOR_HOOK]( 8987): [gh30x_int_msg_handler] enter
09-03 11:33:33.770 E/[GH_ROMAII_SENSOR_HOOK]( 8987): [gh30x_int_msg_handler] gh30x_irq_status:2， type:INT_STATUS_FIFO_WATERMARK
09-03 11:33:33.770 E/[GH_ROMAII_SENSOR_HOOK]( 8987): [gh30x_int_msg_handler] gh30x_adt_working_flag:0
09-03 11:33:33.770 E/[GH_ROMAII_SENSOR_HOOK]( 8987): [gh30x_fifo_evt_handler] enter
09-03 11:33:33.770 E/[GH_ROMAII_SENSOR_HOOK]( 8987): got gh30x fifo evt, func[RUN_MODE_SPO2_DET]
09-03 11:33:33.770 E/[GH_I2C_BUS]( 8987): gh_dev_get_acc_buffer len 40 ret 0
09-03 11:33:33.770 E/[GH_ROMAII_SENSOR_HOOK]( 8987): gsensor_drv_get_fifo_data len 40 
09-03 11:33:33.770 E/[GH_ROMAII_SENSOR_HOOK]( 8987): [gh30x_fifo_evt_spo2_mode_calc] enter
09-03 11:33:33.790 E/[GH_ROMAII_SENSOR_HOOK]( 8987): [handle_spo2_mode_result] enter
09-03 11:33:33.790 E/[GH_ROMAII_SENSOR_HOOK]( 8987): GH_3011 spo2_result : 98 , lvl 57 , hb 51, lvl100 , wearing 1
09-03 11:33:33.800 E/[GH_I2C_BUS]( 8987): gh_dev_report_key 1, weared 1 ,ppg 51 ,spo2 98 ,ret 0
09-03 11:33:33.800 E/[GH_ROMAII_SENSOR_HOOK]( 8987): [handle_spo2_mode_result] exit
09-03 11:33:33.800 E/[GH_ROMAII_SENSOR_HOOK]( 8987): spo2 calc, gs_len=40, result=98,57,51,100,720,0,0,0,40,1,5550,1
09-03 11:33:33.800 E/[GH_ROMAII_SENSOR_HOOK]( 8987): [gh30x_fifo_evt_spo2_mode_calc] wearing_state:1
09-03 11:33:33.800 E/[GH_ROMAII_SENSOR_HOOK]( 8987): [gh30x_fifo_evt_spo2_mode_calc] not unwear state
09-03 11:33:33.800 E/[GH_ROMAII_SENSOR_HOOK]( 8987): [gh30x_fifo_evt_spo2_mode_calc] exit
09-03 11:33:33.800 E/[GH_ROMAII_SENSOR_HOOK]( 8987): [gh30x_fifo_evt_handler] exit
09-03 11:33:33.800 E/[GH_ROMAII_SENSOR_HOOK]( 8987): [gh30x_int_msg_handler] exit
09-03 11:33:33.800 E/[GH_I2C_BUS]( 8987): start gh_dev_wait_irq
09-03 11:33:34.770 E/[GH_I2C_BUS]( 8987): GH end gh_dev_wait_irq 0
09-03 11:33:34.770 E/[GH_ROMAII_SENSOR_HOOK]( 8987): [gh30x_int_msg_handler] enter
09-03 11:33:34.770 E/[GH_ROMAII_SENSOR_HOOK]( 8987): [gh30x_int_msg_handler] gh30x_irq_status:2， type:INT_STATUS_FIFO_WATERMARK
09-03 11:33:34.770 E/[GH_ROMAII_SENSOR_HOOK]( 8987): [gh30x_int_msg_handler] gh30x_adt_working_flag:0
09-03 11:33:34.770 E/[GH_ROMAII_SENSOR_HOOK]( 8987): [gh30x_fifo_evt_handler] enter
09-03 11:33:34.770 E/[GH_ROMAII_SENSOR_HOOK]( 8987): got gh30x fifo evt, func[RUN_MODE_SPO2_DET]
09-03 11:33:34.770 E/[GH_I2C_BUS]( 8987): gh_dev_get_acc_buffer len 40 ret 0
09-03 11:33:34.770 E/[GH_ROMAII_SENSOR_HOOK]( 8987): gsensor_drv_get_fifo_data len 40 
09-03 11:33:34.770 E/[GH_ROMAII_SENSOR_HOOK]( 8987): [gh30x_fifo_evt_spo2_mode_calc] enter
09-03 11:33:34.800 E/[GH_ROMAII_SENSOR_HOOK]( 8987): [handle_spo2_mode_result] enter
09-03 11:33:34.800 E/[GH_ROMAII_SENSOR_HOOK]( 8987): GH_3011 spo2_result : 98 , lvl 60 , hb 51, lvl100 , wearing 1
09-03 11:33:34.810 E/[GH_I2C_BUS]( 8987): gh_dev_report_key 1, weared 1 ,ppg 51 ,spo2 98 ,ret 0
09-03 11:33:34.810 E/[GH_ROMAII_SENSOR_HOOK]( 8987): [handle_spo2_mode_result] exit
09-03 11:33:34.810 E/[GH_ROMAII_SENSOR_HOOK]( 8987): spo2 calc, gs_len=40, result=98,60,51,100,730,580,0,0,40,2,5550,1
09-03 11:33:34.810 E/[GH_ROMAII_SENSOR_HOOK]( 8987): [gh30x_fifo_evt_spo2_mode_calc] wearing_state:1
09-03 11:33:34.810 E/[GH_ROMAII_SENSOR_HOOK]( 8987): [gh30x_fifo_evt_spo2_mode_calc] not unwear state
09-03 11:33:34.810 E/[GH_ROMAII_SENSOR_HOOK]( 8987): [gh30x_fifo_evt_spo2_mode_calc] exit
09-03 11:33:34.810 E/[GH_ROMAII_SENSOR_HOOK]( 8987): [gh30x_fifo_evt_handler] exit
09-03 11:33:34.810 E/[GH_ROMAII_SENSOR_HOOK]( 8987): [gh30x_int_msg_handler] exit
09-03 11:33:34.810 E/[GH_I2C_BUS]( 8987): start gh_dev_wait_irq
09-03 11:33:34.840 W/WindowManager(  647): Focused window stay null too long, have a update!
09-03 11:33:34.840 V/WindowManager(  647): Looking for focus: 1 = Window{41b914a8 u0 KeyguardScrim} = null, flags=1116416, canReceive=false mViewVisibility=8 mHasSurface=false
09-03 11:33:34.840 V/WindowManager(  647): Looking for focus: 0 = Window{4191a5c0 u0 com.android.systemui.ImageWallpaper} = null, flags=792, canReceive=false mViewVisibility=0 mHasSurface=true
09-03 11:33:34.840 V/WindowManager(  647): findFocusedWindow: No focusable windows.
09-03 11:33:35.650 D/LIBGPS  (  647): watchdog_open PowerState:GE2 CP IDLED readcount:800828
09-03 11:33:35.650 D/LIBGPS  (  647): libgps monitor, idltime =258 second
09-03 11:33:35.650 D/LIBGPS  (  647): pid =647, ppid =231,tid =1026
09-03 11:33:35.650 D/LIBGPS  (  647): pid =647, ppid =231,tid =1026
09-03 11:33:35.650 D/LIBGPS  (  647): gps_sendHeartTest HeartCount =1
09-03 11:33:35.650 D/LIBGPS  (  647): &&& GPS_HeartCountRsp  HeartCount 0 pid =647,ppid =231
09-03 11:33:35.780 E/[GH_I2C_BUS]( 8987): GH end gh_dev_wait_irq 0
09-03 11:33:35.780 E/[GH_ROMAII_SENSOR_HOOK]( 8987): [gh30x_int_msg_handler] enter
09-03 11:33:35.780 E/[GH_ROMAII_SENSOR_HOOK]( 8987): [gh30x_int_msg_handler] gh30x_irq_status:2， type:INT_STATUS_FIFO_WATERMARK
09-03 11:33:35.780 E/[GH_ROMAII_SENSOR_HOOK]( 8987): [gh30x_int_msg_handler] gh30x_adt_working_flag:0
09-03 11:33:35.780 E/[GH_ROMAII_SENSOR_HOOK]( 8987): [gh30x_fifo_evt_handler] enter
09-03 11:33:35.780 E/[GH_ROMAII_SENSOR_HOOK]( 8987): got gh30x fifo evt, func[RUN_MODE_SPO2_DET]
09-03 11:33:35.780 E/[GH_I2C_BUS]( 8987): gh_dev_get_acc_buffer len 40 ret 0
09-03 11:33:35.780 E/[GH_ROMAII_SENSOR_HOOK]( 8987): gsensor_drv_get_fifo_data len 40 
09-03 11:33:35.780 E/[GH_ROMAII_SENSOR_HOOK]( 8987): [gh30x_fifo_evt_spo2_mode_calc] enter
09-03 11:33:35.800 E/[GH_ROMAII_SENSOR_HOOK]( 8987): [handle_spo2_mode_result] enter
09-03 11:33:35.800 E/[GH_ROMAII_SENSOR_HOOK]( 8987): GH_3011 spo2_result : 98 , lvl 60 , hb 51, lvl100 , wearing 1
09-03 11:33:35.810 E/[GH_I2C_BUS]( 8987): gh_dev_report_key 1, weared 1 ,ppg 51 ,spo2 98 ,ret 0
09-03 11:33:35.810 E/[GH_ROMAII_SENSOR_HOOK]( 8987): [handle_spo2_mode_result] exit
09-03 11:33:35.810 E/[GH_ROMAII_SENSOR_HOOK]( 8987): spo2 calc, gs_len=40, result=98,60,51,100,940,0,0,0,40,1,5550,1
09-03 11:33:35.810 E/[GH_ROMAII_SENSOR_HOOK]( 8987): [gh30x_fifo_evt_spo2_mode_calc] wearing_state:1
09-03 11:33:35.810 E/[GH_ROMAII_SENSOR_HOOK]( 8987): [gh30x_fifo_evt_spo2_mode_calc] not unwear state
09-03 11:33:35.810 E/[GH_ROMAII_SENSOR_HOOK]( 8987): [gh30x_fifo_evt_spo2_mode_calc] exit
09-03 11:33:35.810 E/[GH_ROMAII_SENSOR_HOOK]( 8987): [gh30x_fifo_evt_handler] exit
09-03 11:33:35.810 E/[GH_ROMAII_SENSOR_HOOK]( 8987): [gh30x_int_msg_handler] exit
09-03 11:33:35.810 E/[GH_I2C_BUS]( 8987): start gh_dev_wait_irq
09-03 11:33:36.780 E/[GH_I2C_BUS]( 8987): GH end gh_dev_wait_irq 0
09-03 11:33:36.780 E/[GH_ROMAII_SENSOR_HOOK]( 8987): [gh30x_int_msg_handler] enter
09-03 11:33:36.780 E/[GH_ROMAII_SENSOR_HOOK]( 8987): [gh30x_int_msg_handler] gh30x_irq_status:2， type:INT_STATUS_FIFO_WATERMARK
09-03 11:33:36.780 E/[GH_ROMAII_SENSOR_HOOK]( 8987): [gh30x_int_msg_handler] gh30x_adt_working_flag:0
09-03 11:33:36.780 E/[GH_ROMAII_SENSOR_HOOK]( 8987): [gh30x_fifo_evt_handler] enter
09-03 11:33:36.780 E/[GH_ROMAII_SENSOR_HOOK]( 8987): got gh30x fifo evt, func[RUN_MODE_SPO2_DET]
09-03 11:33:36.780 E/[GH_I2C_BUS]( 8987): gh_dev_get_acc_buffer len 40 ret 0
09-03 11:33:36.780 E/[GH_ROMAII_SENSOR_HOOK]( 8987): gsensor_drv_get_fifo_data len 40 
09-03 11:33:36.780 E/[GH_ROMAII_SENSOR_HOOK]( 8987): [gh30x_fifo_evt_spo2_mode_calc] enter
09-03 11:33:36.800 E/[GH_ROMAII_SENSOR_HOOK]( 8987): [handle_spo2_mode_result] enter
09-03 11:33:36.800 E/[GH_ROMAII_SENSOR_HOOK]( 8987): GH_3011 spo2_result : 98 , lvl 61 , hb 51, lvl100 , wearing 1
09-03 11:33:36.810 E/[GH_I2C_BUS]( 8987): gh_dev_report_key 1, weared 1 ,ppg 51 ,spo2 98 ,ret 0
09-03 11:33:36.810 E/[GH_ROMAII_SENSOR_HOOK]( 8987): [handle_spo2_mode_result] exit
09-03 11:33:36.810 E/[GH_ROMAII_SENSOR_HOOK]( 8987): spo2 calc, gs_len=40, result=98,61,51,100,650,580,580,0,40,3,5550,1
09-03 11:33:36.810 E/[GH_ROMAII_SENSOR_HOOK]( 8987): [gh30x_fifo_evt_spo2_mode_calc] wearing_state:1
09-03 11:33:36.810 E/[GH_ROMAII_SENSOR_HOOK]( 8987): [gh30x_fifo_evt_spo2_mode_calc] not unwear state
09-03 11:33:36.810 E/[GH_ROMAII_SENSOR_HOOK]( 8987): [gh30x_fifo_evt_spo2_mode_calc] exit
09-03 11:33:36.810 E/[GH_ROMAII_SENSOR_HOOK]( 8987): [gh30x_fifo_evt_handler] exit
09-03 11:33:36.810 E/[GH_ROMAII_SENSOR_HOOK]( 8987): [gh30x_int_msg_handler] exit
09-03 11:33:36.810 E/[GH_I2C_BUS]( 8987): start gh_dev_wait_irq
09-03 11:33:37.650 D/LIBGPS  (  647): watchdog_open PowerState:GE2 CP IDLED readcount:800829
09-03 11:33:37.650 D/LIBGPS  (  647): libgps monitor, idltime =260 second
09-03 11:33:37.650 D/LIBGPS  (  647): pid =647, ppid =231,tid =1026
09-03 11:33:37.650 D/LIBGPS  (  647): pid =647, ppid =231,tid =1026
09-03 11:33:37.650 D/LIBGPS  (  647): gps_sendHeartTest HeartCount =1
09-03 11:33:37.650 D/LIBGPS  (  647): &&& GPS_HeartCountRsp  HeartCount 0 pid =647,ppid =231
09-03 11:33:37.660 E/LIBGPS  (  647): read socet_client error: Try again
09-03 11:33:37.780 E/[GH_I2C_BUS]( 8987): GH end gh_dev_wait_irq 0
09-03 11:33:37.780 E/[GH_ROMAII_SENSOR_HOOK]( 8987): [gh30x_int_msg_handler] enter
09-03 11:33:37.780 E/[GH_ROMAII_SENSOR_HOOK]( 8987): [gh30x_int_msg_handler] gh30x_irq_status:2， type:INT_STATUS_FIFO_WATERMARK
09-03 11:33:37.780 E/[GH_ROMAII_SENSOR_HOOK]( 8987): [gh30x_int_msg_handler] gh30x_adt_working_flag:0
09-03 11:33:37.780 E/[GH_ROMAII_SENSOR_HOOK]( 8987): [gh30x_fifo_evt_handler] enter
09-03 11:33:37.780 E/[GH_ROMAII_SENSOR_HOOK]( 8987): got gh30x fifo evt, func[RUN_MODE_SPO2_DET]
09-03 11:33:37.780 E/[GH_I2C_BUS]( 8987): gh_dev_get_acc_buffer len 40 ret 0
09-03 11:33:37.780 E/[GH_ROMAII_SENSOR_HOOK]( 8987): gsensor_drv_get_fifo_data len 40 
09-03 11:33:37.780 E/[GH_ROMAII_SENSOR_HOOK]( 8987): [gh30x_fifo_evt_spo2_mode_calc] enter
09-03 11:33:37.810 E/[GH_ROMAII_SENSOR_HOOK]( 8987): [handle_spo2_mode_result] enter
09-03 11:33:37.810 E/[GH_ROMAII_SENSOR_HOOK]( 8987): GH_3011 spo2_result : 98 , lvl 61 , hb 51, lvl100 , wearing 1
09-03 11:33:37.820 E/[GH_I2C_BUS]( 8987): gh_dev_report_key 1, weared 1 ,ppg 51 ,spo2 98 ,ret 0
09-03 11:33:37.820 E/[GH_ROMAII_SENSOR_HOOK]( 8987): [handle_spo2_mode_result] exit
09-03 11:33:37.820 E/[GH_ROMAII_SENSOR_HOOK]( 8987): spo2 calc, gs_len=40, result=98,61,51,100,580,580,0,0,40,2,5550,1
09-03 11:33:37.820 E/[GH_ROMAII_SENSOR_HOOK]( 8987): [gh30x_fifo_evt_spo2_mode_calc] wearing_state:1
09-03 11:33:37.820 E/[GH_ROMAII_SENSOR_HOOK]( 8987): [gh30x_fifo_evt_spo2_mode_calc] not unwear state
09-03 11:33:37.820 E/[GH_ROMAII_SENSOR_HOOK]( 8987): [gh30x_fifo_evt_spo2_mode_calc] exit
09-03 11:33:37.820 E/[GH_ROMAII_SENSOR_HOOK]( 8987): [gh30x_fifo_evt_handler] exit
09-03 11:33:37.820 E/[GH_ROMAII_SENSOR_HOOK]( 8987): [gh30x_int_msg_handler] exit
09-03 11:33:37.820 E/[GH_I2C_BUS]( 8987): start gh_dev_wait_irq
09-03 11:33:37.840 W/WindowManager(  647): Focused window stay null too long, have a update!
09-03 11:33:37.840 V/WindowManager(  647): Looking for focus: 1 = Window{41b914a8 u0 KeyguardScrim} = null, flags=1116416, canReceive=false mViewVisibility=8 mHasSurface=false
09-03 11:33:37.840 V/WindowManager(  647): Looking for focus: 0 = Window{4191a5c0 u0 com.android.systemui.ImageWallpaper} = null, flags=792, canReceive=false mViewVisibility=0 mHasSurface=true
09-03 11:33:37.840 V/WindowManager(  647): findFocusedWindow: No focusable windows.
09-03 11:33:38.190 D/WCND    (  217): is_cp2_alive_ok: open polling interface: /proc/mdbg/loopcheck, fd = 17
09-03 11:33:38.290 D/WCND    (  217): is_cp2_alive_ok: loop: /proc/mdbg/loopcheck is OK
09-03 11:33:38.790 E/[GH_I2C_BUS]( 8987): GH end gh_dev_wait_irq 0
09-03 11:33:38.790 E/[GH_ROMAII_SENSOR_HOOK]( 8987): [gh30x_int_msg_handler] enter
09-03 11:33:38.790 E/[GH_ROMAII_SENSOR_HOOK]( 8987): [gh30x_int_msg_handler] gh30x_irq_status:2， type:INT_STATUS_FIFO_WATERMARK
09-03 11:33:38.790 E/[GH_ROMAII_SENSOR_HOOK]( 8987): [gh30x_int_msg_handler] gh30x_adt_working_flag:0
09-03 11:33:38.790 E/[GH_ROMAII_SENSOR_HOOK]( 8987): [gh30x_fifo_evt_handler] enter
09-03 11:33:38.790 E/[GH_ROMAII_SENSOR_HOOK]( 8987): got gh30x fifo evt, func[RUN_MODE_SPO2_DET]
09-03 11:33:38.790 E/[GH_I2C_BUS]( 8987): gh_dev_get_acc_buffer len 40 ret 0
09-03 11:33:38.790 E/[GH_ROMAII_SENSOR_HOOK]( 8987): gsensor_drv_get_fifo_data len 40 
09-03 11:33:38.790 E/[GH_ROMAII_SENSOR_HOOK]( 8987): [gh30x_fifo_evt_spo2_mode_calc] enter
09-03 11:33:38.810 E/[GH_ROMAII_SENSOR_HOOK]( 8987): [handle_spo2_mode_result] enter
09-03 11:33:38.810 E/[GH_ROMAII_SENSOR_HOOK]( 8987): GH_3011 spo2_result : 98 , lvl 61 , hb 52, lvl100 , wearing 1
09-03 11:33:38.820 E/[GH_I2C_BUS]( 8987): gh_dev_report_key 1, weared 1 ,ppg 52 ,spo2 98 ,ret 0
09-03 11:33:38.820 E/[GH_ROMAII_SENSOR_HOOK]( 8987): [handle_spo2_mode_result] exit
09-03 11:33:38.820 E/[GH_ROMAII_SENSOR_HOOK]( 8987): spo2 calc, gs_len=40, result=98,61,52,100,580,580,590,0,40,3,5550,1
09-03 11:33:38.820 E/[GH_ROMAII_SENSOR_HOOK]( 8987): [gh30x_fifo_evt_spo2_mode_calc] wearing_state:1
09-03 11:33:38.820 E/[GH_ROMAII_SENSOR_HOOK]( 8987): [gh30x_fifo_evt_spo2_mode_calc] not unwear state
09-03 11:33:38.820 E/[GH_ROMAII_SENSOR_HOOK]( 8987): [gh30x_fifo_evt_spo2_mode_calc] exit
09-03 11:33:38.820 E/[GH_ROMAII_SENSOR_HOOK]( 8987): [gh30x_fifo_evt_handler] exit
09-03 11:33:38.820 E/[GH_ROMAII_SENSOR_HOOK]( 8987): [gh30x_int_msg_handler] exit
09-03 11:33:38.820 E/[GH_I2C_BUS]( 8987): start gh_dev_wait_irq
09-03 11:33:38.980 I/OwnVitals( 7296): vitalsd unavailable (java.io.IOException: Connection refused)
09-03 11:33:38.980 D/sensor  (  647): int poll__batch(sensors_poll_device_1*, int, int, int64_t, int64_t) handle=0 sampling_period_ns=200ms, max_report_latency_ns=0ms
09-03 11:33:38.980 E/sensor  (  647): AccSensor: mDelay(66667000) delay_ns(200000000)
09-03 11:33:38.980 E/sensor  (  647): AccSensor: ms(200) 
09-03 11:33:38.980 D/sensor  (  647): int poll__batch(sensors_poll_device_1*, int, int, int64_t, int64_t) handle=0 sampling_period_ns=200ms, max_report_latency_ns=0ms
09-03 11:33:38.980 D/sensor  (  647): int poll__flush(sensors_poll_device_1*, int) handle=0
09-03 11:33:38.980 D/sensor  (  647): activate() is called handle=0
09-03 11:33:38.980 D/sensor  (  647): activate handle=0; drv=0
09-03 11:33:38.980 D/sensor  (  647): AccSensor: handle=0,enabled=1
09-03 11:33:38.980 D/sensor  (  647): AccSensor: set EVIOCSCLOCKID = 7
09-03 11:33:38.980 V/BatteryStatsImpl(  647): startRunningLocked(): mNesting = 1
09-03 11:33:38.980 V/BatteryStatsImpl(  647): startRunningLocked before mTimerPool.size = 0
09-03 11:33:38.980 V/BatteryStatsImpl(  647): startRunningLocked after mTimerPool.size = 1
09-03 11:33:39.010 D/sensor  (  647): AccSensor: mEnabled = 1
09-03 11:33:39.660 D/LIBGPS  (  647): watchdog_open PowerState:GE2 CP IDLED readcount:800830
09-03 11:33:39.660 D/LIBGPS  (  647): libgps monitor, idltime =262 second
09-03 11:33:39.660 D/LIBGPS  (  647): pid =647, ppid =231,tid =1026
09-03 11:33:39.660 D/LIBGPS  (  647): pid =647, ppid =231,tid =1026
09-03 11:33:39.660 D/LIBGPS  (  647): &&& GPS_HeartCountRsp  HeartCount 0 pid =647,ppid =231
09-03 11:33:39.660 D/LIBGPS  (  647): gps_sendHeartTest HeartCount =0
09-03 11:33:39.800 E/[GH_I2C_BUS]( 8987): GH end gh_dev_wait_irq 0
09-03 11:33:39.800 E/[GH_ROMAII_SENSOR_HOOK]( 8987): [gh30x_int_msg_handler] enter
09-03 11:33:39.800 E/[GH_ROMAII_SENSOR_HOOK]( 8987): [gh30x_int_msg_handler] gh30x_irq_status:2， type:INT_STATUS_FIFO_WATERMARK
09-03 11:33:39.800 E/[GH_ROMAII_SENSOR_HOOK]( 8987): [gh30x_int_msg_handler] gh30x_adt_working_flag:0
09-03 11:33:39.800 E/[GH_ROMAII_SENSOR_HOOK]( 8987): [gh30x_fifo_evt_handler] enter
09-03 11:33:39.800 E/[GH_ROMAII_SENSOR_HOOK]( 8987): got gh30x fifo evt, func[RUN_MODE_SPO2_DET]
09-03 11:33:39.800 E/[GH_I2C_BUS]( 8987): gh_dev_get_acc_buffer len 40 ret 0
09-03 11:33:39.800 E/[GH_ROMAII_SENSOR_HOOK]( 8987): gsensor_drv_get_fifo_data len 40 
09-03 11:33:39.800 E/[GH_ROMAII_SENSOR_HOOK]( 8987): [gh30x_fifo_evt_spo2_mode_calc] enter
09-03 11:33:39.810 E/[GH_ROMAII_SENSOR_HOOK]( 8987): [handle_spo2_mode_result] enter
09-03 11:33:39.810 E/[GH_ROMAII_SENSOR_HOOK]( 8987): GH_3011 spo2_result : 98 , lvl 61 , hb 52, lvl100 , wearing 1
09-03 11:33:39.820 E/[GH_I2C_BUS]( 8987): gh_dev_report_key 1, weared 1 ,ppg 52 ,spo2 98 ,ret 0
09-03 11:33:39.820 E/[GH_ROMAII_SENSOR_HOOK]( 8987): [handle_spo2_mode_result] exit
09-03 11:33:39.820 E/[GH_ROMAII_SENSOR_HOOK]( 8987): spo2 calc, gs_len=40, result=98,61,52,100,580,580,0,0,40,2,5550,1
09-03 11:33:39.820 E/[GH_ROMAII_SENSOR_HOOK]( 8987): [gh30x_fifo_evt_spo2_mode_calc] wearing_state:1
09-03 11:33:39.820 E/[GH_ROMAII_SENSOR_HOOK]( 8987): [gh30x_fifo_evt_spo2_mode_calc] not unwear state
09-03 11:33:39.820 E/[GH_ROMAII_SENSOR_HOOK]( 8987): [gh30x_fifo_evt_spo2_mode_calc] exit
09-03 11:33:39.820 E/[GH_ROMAII_SENSOR_HOOK]( 8987): [gh30x_fifo_evt_handler] exit
09-03 11:33:39.820 E/[GH_ROMAII_SENSOR_HOOK]( 8987): [gh30x_int_msg_handler] exit
09-03 11:33:39.820 E/[GH_I2C_BUS]( 8987): start gh_dev_wait_irq
09-03 11:33:40.800 E/[GH_I2C_BUS]( 8987): GH end gh_dev_wait_irq 0
09-03 11:33:40.800 E/[GH_ROMAII_SENSOR_HOOK]( 8987): [gh30x_int_msg_handler] enter
09-03 11:33:40.800 E/[GH_ROMAII_SENSOR_HOOK]( 8987): [gh30x_int_msg_handler] gh30x_irq_status:2， type:INT_STATUS_FIFO_WATERMARK
09-03 11:33:40.800 E/[GH_ROMAII_SENSOR_HOOK]( 8987): [gh30x_int_msg_handler] gh30x_adt_working_flag:0
09-03 11:33:40.800 E/[GH_ROMAII_SENSOR_HOOK]( 8987): [gh30x_fifo_evt_handler] enter
09-03 11:33:40.800 E/[GH_ROMAII_SENSOR_HOOK]( 8987): got gh30x fifo evt, func[RUN_MODE_SPO2_DET]
09-03 11:33:40.800 E/[GH_I2C_BUS]( 8987): gh_dev_get_acc_buffer len 40 ret 0
09-03 11:33:40.800 E/[GH_ROMAII_SENSOR_HOOK]( 8987): gsensor_drv_get_fifo_data len 40 
09-03 11:33:40.800 E/[GH_ROMAII_SENSOR_HOOK]( 8987): [gh30x_fifo_evt_spo2_mode_calc] enter
09-03 11:33:40.820 E/[GH_ROMAII_SENSOR_HOOK]( 8987): [handle_spo2_mode_result] enter
09-03 11:33:40.820 E/[GH_ROMAII_SENSOR_HOOK]( 8987): GH_3011 spo2_result : 98 , lvl 61 , hb 52, lvl100 , wearing 1
09-03 11:33:40.830 E/[GH_I2C_BUS]( 8987): gh_dev_report_key 1, weared 1 ,ppg 52 ,spo2 98 ,ret 0
09-03 11:33:40.830 E/[GH_ROMAII_SENSOR_HOOK]( 8987): [handle_spo2_mode_result] exit
09-03 11:33:40.830 E/[GH_ROMAII_SENSOR_HOOK]( 8987): spo2 calc, gs_len=40, result=98,61,52,100,720,580,0,0,40,2,5550,1
09-03 11:33:40.830 E/[GH_ROMAII_SENSOR_HOOK]( 8987): [gh30x_fifo_evt_spo2_mode_calc] wearing_state:1
09-03 11:33:40.830 E/[GH_ROMAII_SENSOR_HOOK]( 8987): [gh30x_fifo_evt_spo2_mode_calc] not unwear state
09-03 11:33:40.830 E/[GH_ROMAII_SENSOR_HOOK]( 8987): [gh30x_fifo_evt_spo2_mode_calc] exit
09-03 11:33:40.830 E/[GH_ROMAII_SENSOR_HOOK]( 8987): [gh30x_fifo_evt_handler] exit
09-03 11:33:40.830 E/[GH_ROMAII_SENSOR_HOOK]( 8987): [gh30x_int_msg_handler] exit
09-03 11:33:40.830 E/[GH_I2C_BUS]( 8987): start gh_dev_wait_irq
09-03 11:33:40.850 W/WindowManager(  647): Focused window stay null too long, have a update!
09-03 11:33:40.850 V/WindowManager(  647): Looking for focus: 1 = Window{41b914a8 u0 KeyguardScrim} = null, flags=1116416, canReceive=false mViewVisibility=8 mHasSurface=false
09-03 11:33:40.850 V/WindowManager(  647): Looking for focus: 0 = Window{4191a5c0 u0 com.android.systemui.ImageWallpaper} = null, flags=792, canReceive=false mViewVisibility=0 mHasSurface=true
09-03 11:33:40.850 V/WindowManager(  647): findFocusedWindow: No focusable windows.
09-03 11:33:41.660 D/LIBGPS  (  647): watchdog_open PowerState:GE2 CP IDLED readcount:800831
09-03 11:33:41.660 D/LIBGPS  (  647): libgps monitor, idltime =264 second
09-03 11:33:41.660 D/LIBGPS  (  647): pid =647, ppid =231,tid =1026
09-03 11:33:41.660 D/LIBGPS  (  647): pid =647, ppid =231,tid =1026
09-03 11:33:41.660 D/LIBGPS  (  647): gps_sendHeartTest HeartCount =1
09-03 11:33:41.660 D/LIBGPS  (  647): gnss_countdebug, type 2, cnt 0x379a, value 0x2a, scnt 0xd1f7
09-03 11:33:41.660 D/LIBGPS  (  647): gnss_countdebug, type 1, cnt 0xef21, value 0xaaaa, scnt 0x0
09-03 11:33:41.660 D/LIBGPS  (  647): &&& GPS_HeartCountRsp  HeartCount 0 pid =647,ppid =231
09-03 11:33:41.800 E/[GH_I2C_BUS]( 8987): GH end gh_dev_wait_irq 0
09-03 11:33:41.800 E/[GH_ROMAII_SENSOR_HOOK]( 8987): [gh30x_int_msg_handler] enter
09-03 11:33:41.800 E/[GH_ROMAII_SENSOR_HOOK]( 8987): [gh30x_int_msg_handler] gh30x_irq_status:2， type:INT_STATUS_FIFO_WATERMARK
09-03 11:33:41.800 E/[GH_ROMAII_SENSOR_HOOK]( 8987): [gh30x_int_msg_handler] gh30x_adt_working_flag:0
09-03 11:33:41.800 E/[GH_ROMAII_SENSOR_HOOK]( 8987): [gh30x_fifo_evt_handler] enter
09-03 11:33:41.800 E/[GH_ROMAII_SENSOR_HOOK]( 8987): got gh30x fifo evt, func[RUN_MODE_SPO2_DET]
09-03 11:33:41.800 E/[GH_I2C_BUS]( 8987): gh_dev_get_acc_buffer len 40 ret 0
09-03 11:33:41.800 E/[GH_ROMAII_SENSOR_HOOK]( 8987): gsensor_drv_get_fifo_data len 40 
09-03 11:33:41.800 E/[GH_ROMAII_SENSOR_HOOK]( 8987): [gh30x_fifo_evt_spo2_mode_calc] enter
09-03 11:33:41.820 E/[GH_ROMAII_SENSOR_HOOK]( 8987): [handle_spo2_mode_result] enter
09-03 11:33:41.820 E/[GH_ROMAII_SENSOR_HOOK]( 8987): GH_3011 spo2_result : 98 , lvl 60 , hb 52, lvl100 , wearing 1
09-03 11:33:41.830 E/[GH_I2C_BUS]( 8987): gh_dev_report_key 1, weared 1 ,ppg 52 ,spo2 98 ,ret 0
09-03 11:33:41.830 E/[GH_ROMAII_SENSOR_HOOK]( 8987): [handle_spo2_mode_result] exit
09-03 11:33:41.830 E/[GH_ROMAII_SENSOR_HOOK]( 8987): spo2 calc, gs_len=40, result=98,60,52,100,580,580,580,0,40,3,5550,1
09-03 11:33:41.830 E/[GH_ROMAII_SENSOR_HOOK]( 8987): [gh30x_fifo_evt_spo2_mode_calc] wearing_state:1
09-03 11:33:41.830 E/[GH_ROMAII_SENSOR_HOOK]( 8987): [gh30x_fifo_evt_spo2_mode_calc] not unwear state
09-03 11:33:41.830 E/[GH_ROMAII_SENSOR_HOOK]( 8987): [gh30x_fifo_evt_spo2_mode_calc] exit
09-03 11:33:41.830 E/[GH_ROMAII_SENSOR_HOOK]( 8987): [gh30x_fifo_evt_handler] exit
09-03 11:33:41.830 E/[GH_ROMAII_SENSOR_HOOK]( 8987): [gh30x_int_msg_handler] exit
09-03 11:33:41.830 E/[GH_I2C_BUS]( 8987): start gh_dev_wait_irq
09-03 11:33:42.660 E/LIBGPS  (  647): read socet_client error: Try again
09-03 11:33:42.810 E/[GH_I2C_BUS]( 8987): GH end gh_dev_wait_irq 0
09-03 11:33:42.810 E/[GH_ROMAII_SENSOR_HOOK]( 8987): [gh30x_int_msg_handler] enter
09-03 11:33:42.810 E/[GH_ROMAII_SENSOR_HOOK]( 8987): [gh30x_int_msg_handler] gh30x_irq_status:2， type:INT_STATUS_FIFO_WATERMARK
09-03 11:33:42.810 E/[GH_ROMAII_SENSOR_HOOK]( 8987): [gh30x_int_msg_handler] gh30x_adt_working_flag:0
09-03 11:33:42.810 E/[GH_ROMAII_SENSOR_HOOK]( 8987): [gh30x_fifo_evt_handler] enter
09-03 11:33:42.810 E/[GH_ROMAII_SENSOR_HOOK]( 8987): got gh30x fifo evt, func[RUN_MODE_SPO2_DET]
09-03 11:33:42.810 E/[GH_I2C_BUS]( 8987): gh_dev_get_acc_buffer len 40 ret 0
09-03 11:33:42.810 E/[GH_ROMAII_SENSOR_HOOK]( 8987): gsensor_drv_get_fifo_data len 40 
09-03 11:33:42.810 E/[GH_ROMAII_SENSOR_HOOK]( 8987): [gh30x_fifo_evt_spo2_mode_calc] enter
09-03 11:33:42.820 E/[GH_ROMAII_SENSOR_HOOK]( 8987): [handle_spo2_mode_result] enter
09-03 11:33:42.820 E/[GH_ROMAII_SENSOR_HOOK]( 8987): GH_3011 spo2_result : 98 , lvl 60 , hb 52, lvl100 , wearing 1
09-03 11:33:42.840 E/[GH_I2C_BUS]( 8987): gh_dev_report_key 1, weared 1 ,ppg 52 ,spo2 98 ,ret 0
09-03 11:33:42.840 E/[GH_ROMAII_SENSOR_HOOK]( 8987): [handle_spo2_mode_result] exit
09-03 11:33:42.840 E/[GH_ROMAII_SENSOR_HOOK]( 8987): spo2 calc, gs_len=40, result=98,60,52,100,590,0,0,0,40,1,5550,1
09-03 11:33:42.840 E/[GH_ROMAII_SENSOR_HOOK]( 8987): [gh30x_fifo_evt_spo2_mode_calc] wearing_state:1
09-03 11:33:42.840 E/[GH_ROMAII_SENSOR_HOOK]( 8987): [gh30x_fifo_evt_spo2_mode_calc] not unwear state
09-03 11:33:42.840 E/[GH_ROMAII_SENSOR_HOOK]( 8987): [gh30x_fifo_evt_spo2_mode_calc] exit
09-03 11:33:42.840 E/[GH_ROMAII_SENSOR_HOOK]( 8987): [gh30x_fifo_evt_handler] exit
09-03 11:33:42.840 E/[GH_ROMAII_SENSOR_HOOK]( 8987): [gh30x_int_msg_handler] exit
09-03 11:33:42.840 E/[GH_I2C_BUS]( 8987): start gh_dev_wait_irq
09-03 11:33:43.010 D/sensor  (  647): activate() is called handle=0
09-03 11:33:43.010 D/sensor  (  647): activate handle=0; drv=0
09-03 11:33:43.010 D/sensor  (  647): AccSensor: handle=0,enabled=0
09-03 11:33:43.020 D/sensor  (  647): AccSensor: mEnabled = 0
09-03 11:33:43.020 I/OwnVitals( 7296): vitalsd unavailable (java.io.IOException: Connection refused)
09-03 11:33:43.020 I/TrackerService( 7296): wear check: motion=0.0 moving=false sensor=-1 pulse=true -> worn
09-03 11:33:43.300 D/WCND    (  217): is_cp2_alive_ok: open polling interface: /proc/mdbg/loopcheck, fd = 17
09-03 11:33:43.400 D/WCND    (  217): is_cp2_alive_ok: loop: /proc/mdbg/loopcheck is OK
09-03 11:33:43.660 D/LIBGPS  (  647): watchdog_open PowerState:GE2 CP IDLED readcount:800832
09-03 11:33:43.660 D/LIBGPS  (  647): libgps monitor, idltime =266 second
09-03 11:33:43.660 D/LIBGPS  (  647): pid =647, ppid =231,tid =1026
09-03 11:33:43.660 D/LIBGPS  (  647): pid =647, ppid =231,tid =1026
09-03 11:33:43.660 D/LIBGPS  (  647): gps_sendHeartTest HeartCount =1
09-03 11:33:43.660 D/LIBGPS  (  647): &&& GPS_HeartCountRsp  HeartCount 0 pid =647,ppid =231
09-03 11:33:43.800 E/[GH_I2C_BUS]( 8987): GH end gh_dev_wait_irq 0
09-03 11:33:43.800 E/[GH_ROMAII_SENSOR_HOOK]( 8987): [gh30x_int_msg_handler] enter
09-03 11:33:43.800 E/[GH_ROMAII_SENSOR_HOOK]( 8987): [gh30x_int_msg_handler] gh30x_irq_status:2， type:INT_STATUS_FIFO_WATERMARK
09-03 11:33:43.800 E/[GH_ROMAII_SENSOR_HOOK]( 8987): [gh30x_int_msg_handler] gh30x_adt_working_flag:0
09-03 11:33:43.800 E/[GH_ROMAII_SENSOR_HOOK]( 8987): [gh30x_fifo_evt_handler] enter
09-03 11:33:43.800 E/[GH_ROMAII_SENSOR_HOOK]( 8987): got gh30x fifo evt, func[RUN_MODE_SPO2_DET]
09-03 11:33:43.800 E/[GH_I2C_BUS]( 8987): gh_dev_get_acc_buffer len 40 ret 0
09-03 11:33:43.800 E/[GH_ROMAII_SENSOR_HOOK]( 8987): gsensor_drv_get_fifo_data len 40 
09-03 11:33:43.800 E/[GH_ROMAII_SENSOR_HOOK]( 8987): [gh30x_fifo_evt_spo2_mode_calc] enter
09-03 11:33:43.830 E/[GH_ROMAII_SENSOR_HOOK]( 8987): [handle_spo2_mode_result] enter
09-03 11:33:43.830 E/[GH_ROMAII_SENSOR_HOOK]( 8987): GH_3011 spo2_result : 98 , lvl 60 , hb 52, lvl94 , wearing 1
09-03 11:33:43.840 E/[GH_I2C_BUS]( 8987): gh_dev_report_key 1, weared 1 ,ppg 52 ,spo2 98 ,ret 0
09-03 11:33:43.840 E/[GH_ROMAII_SENSOR_HOOK]( 8987): [handle_spo2_mode_result] exit
09-03 11:33:43.840 E/[GH_ROMAII_SENSOR_HOOK]( 8987): spo2 calc, gs_len=40, result=98,60,52,94,790,580,580,0,40,3,5550,1
09-03 11:33:43.840 E/[GH_ROMAII_SENSOR_HOOK]( 8987): [gh30x_fifo_evt_spo2_mode_calc] wearing_state:1
09-03 11:33:43.840 E/[GH_ROMAII_SENSOR_HOOK]( 8987): [gh30x_fifo_evt_spo2_mode_calc] not unwear state
09-03 11:33:43.840 E/[GH_ROMAII_SENSOR_HOOK]( 8987): [gh30x_fifo_evt_spo2_mode_calc] exit
09-03 11:33:43.840 E/[GH_ROMAII_SENSOR_HOOK]( 8987): [gh30x_fifo_evt_handler] exit
09-03 11:33:43.840 E/[GH_ROMAII_SENSOR_HOOK]( 8987): [gh30x_int_msg_handler] exit
09-03 11:33:43.840 E/[GH_I2C_BUS]( 8987): start gh_dev_wait_irq
09-03 11:33:43.850 W/WindowManager(  647): Focused window stay null too long, have a update!
09-03 11:33:43.850 V/WindowManager(  647): Looking for focus: 1 = Window{41b914a8 u0 KeyguardScrim} = null, flags=1116416, canReceive=false mViewVisibility=8 mHasSurface=false
09-03 11:33:43.850 V/WindowManager(  647): Looking for focus: 0 = Window{4191a5c0 u0 com.android.systemui.ImageWallpaper} = null, flags=792, canReceive=false mViewVisibility=0 mHasSurface=true
09-03 11:33:43.850 V/WindowManager(  647): findFocusedWindow: No focusable windows.
09-03 11:33:44.810 E/[GH_I2C_BUS]( 8987): GH end gh_dev_wait_irq 0
09-03 11:33:44.810 E/[GH_ROMAII_SENSOR_HOOK]( 8987): [gh30x_int_msg_handler] enter
09-03 11:33:44.810 E/[GH_ROMAII_SENSOR_HOOK]( 8987): [gh30x_int_msg_handler] gh30x_irq_status:2， type:INT_STATUS_FIFO_WATERMARK
09-03 11:33:44.810 E/[GH_ROMAII_SENSOR_HOOK]( 8987): [gh30x_int_msg_handler] gh30x_adt_working_flag:0
09-03 11:33:44.810 E/[GH_ROMAII_SENSOR_HOOK]( 8987): [gh30x_fifo_evt_handler] enter
09-03 11:33:44.810 E/[GH_ROMAII_SENSOR_HOOK]( 8987): got gh30x fifo evt, func[RUN_MODE_SPO2_DET]
09-03 11:33:44.810 E/[GH_I2C_BUS]( 8987): gh_dev_get_acc_buffer len 40 ret 0
09-03 11:33:44.810 E/[GH_ROMAII_SENSOR_HOOK]( 8987): gsensor_drv_get_fifo_data len 40 
09-03 11:33:44.810 E/[GH_ROMAII_SENSOR_HOOK]( 8987): [gh30x_fifo_evt_spo2_mode_calc] enter
09-03 11:33:44.830 E/[GH_ROMAII_SENSOR_HOOK]( 8987): [handle_spo2_mode_result] enter
09-03 11:33:44.830 E/[GH_ROMAII_SENSOR_HOOK]( 8987): GH_3011 spo2_result : 98 , lvl 60 , hb 52, lvl87 , wearing 1
09-03 11:33:44.840 E/[GH_I2C_BUS]( 8987): gh_dev_report_key 1, weared 1 ,ppg 52 ,spo2 98 ,ret 0
09-03 11:33:44.840 E/[GH_ROMAII_SENSOR_HOOK]( 8987): [handle_spo2_mode_result] exit
09-03 11:33:44.840 E/[GH_ROMAII_SENSOR_HOOK]( 8987): spo2 calc, gs_len=40, result=98,60,52,87,770,0,0,0,40,1,5550,1
09-03 11:33:44.840 E/[GH_ROMAII_SENSOR_HOOK]( 8987): [gh30x_fifo_evt_spo2_mode_calc] wearing_state:1
09-03 11:33:44.840 E/[GH_ROMAII_SENSOR_HOOK]( 8987): [gh30x_fifo_evt_spo2_mode_calc] not unwear state
09-03 11:33:44.840 E/[GH_ROMAII_SENSOR_HOOK]( 8987): [gh30x_fifo_evt_spo2_mode_calc] exit
09-03 11:33:44.840 E/[GH_ROMAII_SENSOR_HOOK]( 8987): [gh30x_fifo_evt_handler] exit
09-03 11:33:44.840 E/[GH_ROMAII_SENSOR_HOOK]( 8987): [gh30x_int_msg_handler] exit
09-03 11:33:44.840 E/[GH_I2C_BUS]( 8987): start gh_dev_wait_irq
09-03 11:33:45.660 D/LIBGPS  (  647): watchdog_open PowerState:GE2 CP IDLED readcount:800833
09-03 11:33:45.660 D/LIBGPS  (  647): libgps monitor, idltime =268 second
09-03 11:33:45.660 D/LIBGPS  (  647): pid =647, ppid =231,tid =1026
09-03 11:33:45.660 D/LIBGPS  (  647): pid =647, ppid =231,tid =1026
09-03 11:33:45.660 D/LIBGPS  (  647): gps_sendHeartTest HeartCount =1
09-03 11:33:45.660 D/LIBGPS  (  647): &&& GPS_HeartCountRsp  HeartCount 0 pid =647,ppid =231
09-03 11:33:45.820 E/[GH_I2C_BUS]( 8987): GH end gh_dev_wait_irq 0
09-03 11:33:45.820 E/[GH_ROMAII_SENSOR_HOOK]( 8987): [gh30x_int_msg_handler] enter
09-03 11:33:45.820 E/[GH_ROMAII_SENSOR_HOOK]( 8987): [gh30x_int_msg_handler] gh30x_irq_status:2， type:INT_STATUS_FIFO_WATERMARK
09-03 11:33:45.820 E/[GH_ROMAII_SENSOR_HOOK]( 8987): [gh30x_int_msg_handler] gh30x_adt_working_flag:0
09-03 11:33:45.820 E/[GH_ROMAII_SENSOR_HOOK]( 8987): [gh30x_fifo_evt_handler] enter
09-03 11:33:45.820 E/[GH_ROMAII_SENSOR_HOOK]( 8987): got gh30x fifo evt, func[RUN_MODE_SPO2_DET]
09-03 11:33:45.820 E/[GH_I2C_BUS]( 8987): gh_dev_get_acc_buffer len 40 ret 0
09-03 11:33:45.820 E/[GH_ROMAII_SENSOR_HOOK]( 8987): gsensor_drv_get_fifo_data len 40 
09-03 11:33:45.820 E/[GH_ROMAII_SENSOR_HOOK]( 8987): [gh30x_fifo_evt_spo2_mode_calc] enter
09-03 11:33:45.830 E/[GH_ROMAII_SENSOR_HOOK]( 8987): [handle_spo2_mode_result] enter
09-03 11:33:45.830 E/[GH_ROMAII_SENSOR_HOOK]( 8987): GH_3011 spo2_result : 98 , lvl 60 , hb 53, lvl82 , wearing 1
09-03 11:33:45.840 E/[GH_I2C_BUS]( 8987): gh_dev_report_key 1, weared 1 ,ppg 53 ,spo2 98 ,ret 0
09-03 11:33:45.840 E/[GH_ROMAII_SENSOR_HOOK]( 8987): [handle_spo2_mode_result] exit
09-03 11:33:45.840 E/[GH_ROMAII_SENSOR_HOOK]( 8987): spo2 calc, gs_len=40, result=98,60,53,82,970,0,0,0,40,1,5550,1
09-03 11:33:45.840 E/[GH_ROMAII_SENSOR_HOOK]( 8987): [gh30x_fifo_evt_spo2_mode_calc] wearing_state:1
09-03 11:33:45.840 E/[GH_ROMAII_SENSOR_HOOK]( 8987): [gh30x_fifo_evt_spo2_mode_calc] not unwear state
09-03 11:33:45.840 E/[GH_ROMAII_SENSOR_HOOK]( 8987): [gh30x_fifo_evt_spo2_mode_calc] exit
09-03 11:33:45.840 E/[GH_ROMAII_SENSOR_HOOK]( 8987): [gh30x_fifo_evt_handler] exit
09-03 11:33:45.840 E/[GH_ROMAII_SENSOR_HOOK]( 8987): [gh30x_int_msg_handler] exit
09-03 11:33:45.840 E/[GH_I2C_BUS]( 8987): start gh_dev_wait_irq
09-03 11:33:46.820 E/[GH_I2C_BUS]( 8987): GH end gh_dev_wait_irq 0
09-03 11:33:46.820 E/[GH_ROMAII_SENSOR_HOOK]( 8987): [gh30x_int_msg_handler] enter
09-03 11:33:46.820 E/[GH_ROMAII_SENSOR_HOOK]( 8987): [gh30x_int_msg_handler] gh30x_irq_status:2， type:INT_STATUS_FIFO_WATERMARK
09-03 11:33:46.820 E/[GH_ROMAII_SENSOR_HOOK]( 8987): [gh30x_int_msg_handler] gh30x_adt_working_flag:0
09-03 11:33:46.820 E/[GH_ROMAII_SENSOR_HOOK]( 8987): [gh30x_fifo_evt_handler] enter
09-03 11:33:46.820 E/[GH_ROMAII_SENSOR_HOOK]( 8987): got gh30x fifo evt, func[RUN_MODE_SPO2_DET]
09-03 11:33:46.820 E/[GH_I2C_BUS]( 8987): gh_dev_get_acc_buffer len 40 ret 0
09-03 11:33:46.820 E/[GH_ROMAII_SENSOR_HOOK]( 8987): gsensor_drv_get_fifo_data len 40 
09-03 11:33:46.820 E/[GH_ROMAII_SENSOR_HOOK]( 8987): [gh30x_fifo_evt_spo2_mode_calc] enter
09-03 11:33:46.840 E/[GH_ROMAII_SENSOR_HOOK]( 8987): [handle_spo2_mode_result] enter
09-03 11:33:46.840 E/[GH_ROMAII_SENSOR_HOOK]( 8987): GH_3011 spo2_result : 98 , lvl 60 , hb 53, lvl83 , wearing 1
09-03 11:33:46.850 E/[GH_I2C_BUS]( 8987): gh_dev_report_key 1, weared 1 ,ppg 53 ,spo2 98 ,ret 0
09-03 11:33:46.850 E/[GH_ROMAII_SENSOR_HOOK]( 8987): [handle_spo2_mode_result] exit
09-03 11:33:46.850 E/[GH_ROMAII_SENSOR_HOOK]( 8987): spo2 calc, gs_len=40, result=98,60,53,83,1130,0,0,0,100,1,5550,1
09-03 11:33:46.850 E/[GH_ROMAII_SENSOR_HOOK]( 8987): [gh30x_fifo_evt_spo2_mode_calc] wearing_state:1
09-03 11:33:46.850 E/[GH_ROMAII_SENSOR_HOOK]( 8987): [gh30x_fifo_evt_spo2_mode_calc] not unwear state
09-03 11:33:46.850 E/[GH_ROMAII_SENSOR_HOOK]( 8987): [gh30x_fifo_evt_spo2_mode_calc] exit
09-03 11:33:46.850 E/[GH_ROMAII_SENSOR_HOOK]( 8987): [gh30x_fifo_evt_handler] exit
09-03 11:33:46.850 E/[GH_ROMAII_SENSOR_HOOK]( 8987): [gh30x_int_msg_handler] exit
09-03 11:33:46.850 E/[GH_I2C_BUS]( 8987): start gh_dev_wait_irq
09-03 11:33:46.850 W/WindowManager(  647): Focused window stay null too long, have a update!
09-03 11:33:46.850 V/WindowManager(  647): Looking for focus: 1 = Window{41b914a8 u0 KeyguardScrim} = null, flags=1116416, canReceive=false mViewVisibility=8 mHasSurface=false
09-03 11:33:46.850 V/WindowManager(  647): Looking for focus: 0 = Window{4191a5c0 u0 com.android.systemui.ImageWallpaper} = null, flags=792, canReceive=false mViewVisibility=0 mHasSurface=true
09-03 11:33:46.850 V/WindowManager(  647): findFocusedWindow: No focusable windows.
09-03 11:33:47.400 V/Watchdog(  647): **** -1-Watchdog SCHEDULE CHECK HANDLER! ****
09-03 11:33:47.400 V/Watchdog(  647): **** -0- POST CHECHER! foreground thread ****
09-03 11:33:47.400 V/Watchdog(  647): **** -0- NO MONITOR & ISIDLING (main thread) ****
09-03 11:33:47.400 V/Watchdog(  647): **** -0- NO MONITOR & ISIDLING (ui thread) ****
09-03 11:33:47.400 V/Watchdog(  647): **** -0- NO MONITOR & ISIDLING (i/o thread) ****
09-03 11:33:47.400 V/Watchdog(  647): **** -0- NO MONITOR & ISIDLING (ActivityManager) ****
09-03 11:33:47.400 V/Watchdog(  647): **** -1- CHECK MONITORS BEGIN (foreground thread)! ****
09-03 11:33:47.400 V/Watchdog(  647): **** -0- NO MONITOR & ISIDLING (PackageManager) ****
09-03 11:33:47.400 V/Watchdog(  647): **** -0- NO MONITOR & ISIDLING (PowerManagerService) ****
09-03 11:33:47.400 V/Watchdog(  647): **** -0- NO MONITOR & ISIDLING (WindowManager thread) ****
09-03 11:33:47.400 V/Watchdog(  647): **** -2- CHECK MONITORS FINISHED (foreground thread)! ****
09-03 11:33:47.400 V/Watchdog(  647): **** -3- SYNC Watchdog.THIS FINISHED (foreground thread)! ****
09-03 11:33:47.650 D/LIBGPS  (  647): watchdog_open PowerState:GE2 CP IDLED readcount:800834
09-03 11:33:47.650 D/LIBGPS  (  647): libgps monitor, idltime =270 second
09-03 11:33:47.650 D/LIBGPS  (  647): pid =647, ppid =231,tid =1026
09-03 11:33:47.650 D/LIBGPS  (  647): pid =647, ppid =231,tid =1026
09-03 11:33:47.650 D/LIBGPS  (  647): gps_sendHeartTest HeartCount =1
09-03 11:33:47.650 D/LIBGPS  (  647): &&& GPS_HeartCountRsp  HeartCount 0 pid =647,ppid =231
09-03 11:33:47.660 E/LIBGPS  (  647): read socet_client error: Try again
09-03 11:33:47.820 E/[GH_I2C_BUS]( 8987): GH end gh_dev_wait_irq 0
09-03 11:33:47.820 E/[GH_ROMAII_SENSOR_HOOK]( 8987): [gh30x_int_msg_handler] enter
09-03 11:33:47.820 E/[GH_ROMAII_SENSOR_HOOK]( 8987): [gh30x_int_msg_handler] gh30x_irq_status:2， type:INT_STATUS_FIFO_WATERMARK
09-03 11:33:47.820 E/[GH_ROMAII_SENSOR_HOOK]( 8987): [gh30x_int_msg_handler] gh30x_adt_working_flag:0
09-03 11:33:47.820 E/[GH_ROMAII_SENSOR_HOOK]( 8987): [gh30x_fifo_evt_handler] enter
09-03 11:33:47.820 E/[GH_ROMAII_SENSOR_HOOK]( 8987): got gh30x fifo evt, func[RUN_MODE_SPO2_DET]
09-03 11:33:47.820 E/[GH_I2C_BUS]( 8987): gh_dev_get_acc_buffer len 40 ret 0
09-03 11:33:47.820 E/[GH_ROMAII_SENSOR_HOOK]( 8987): gsensor_drv_get_fifo_data len 40 
09-03 11:33:47.820 E/[GH_ROMAII_SENSOR_HOOK]( 8987): [gh30x_fifo_evt_spo2_mode_calc] enter
09-03 11:33:47.840 E/[GH_ROMAII_SENSOR_HOOK]( 8987): [handle_spo2_mode_result] enter
09-03 11:33:47.840 E/[GH_ROMAII_SENSOR_HOOK]( 8987): GH_3011 spo2_result : 98 , lvl 59 , hb 53, lvl83 , wearing 1
09-03 11:33:47.860 E/[GH_I2C_BUS]( 8987): gh_dev_report_key 1, weared 1 ,ppg 53 ,spo2 98 ,ret 0
09-03 11:33:47.860 E/[GH_ROMAII_SENSOR_HOOK]( 8987): [handle_spo2_mode_result] exit
09-03 11:33:47.860 E/[GH_ROMAII_SENSOR_HOOK]( 8987): spo2 calc, gs_len=40, result=98,59,53,83,1160,0,0,0,40,1,5550,1
09-03 11:33:47.860 E/[GH_ROMAII_SENSOR_HOOK]( 8987): [gh30x_fifo_evt_spo2_mode_calc] wearing_state:1
09-03 11:33:47.860 E/[GH_ROMAII_SENSOR_HOOK]( 8987): [gh30x_fifo_evt_spo2_mode_calc] not unwear state
09-03 11:33:47.860 E/[GH_ROMAII_SENSOR_HOOK]( 8987): [gh30x_fifo_evt_spo2_mode_calc] exit
09-03 11:33:47.860 E/[GH_ROMAII_SENSOR_HOOK]( 8987): [gh30x_fifo_evt_handler] exit
09-03 11:33:47.860 E/[GH_ROMAII_SENSOR_HOOK]( 8987): [gh30x_int_msg_handler] exit
09-03 11:33:47.860 E/[GH_I2C_BUS]( 8987): start gh_dev_wait_irq
09-03 11:33:48.400 D/WCND    (  217): is_cp2_alive_ok: open polling interface: /proc/mdbg/loopcheck, fd = 17
09-03 11:33:48.500 D/WCND    (  217): is_cp2_alive_ok: loop: /proc/mdbg/loopcheck is OK
09-03 11:33:48.820 E/[GH_I2C_BUS]( 8987): GH end gh_dev_wait_irq 0
09-03 11:33:48.820 E/[GH_ROMAII_SENSOR_HOOK]( 8987): [gh30x_int_msg_handler] enter
09-03 11:33:48.820 E/[GH_ROMAII_SENSOR_HOOK]( 8987): [gh30x_int_msg_handler] gh30x_irq_status:2， type:INT_STATUS_FIFO_WATERMARK
09-03 11:33:48.820 E/[GH_ROMAII_SENSOR_HOOK]( 8987): [gh30x_int_msg_handler] gh30x_adt_working_flag:0
09-03 11:33:48.820 E/[GH_ROMAII_SENSOR_HOOK]( 8987): [gh30x_fifo_evt_handler] enter
09-03 11:33:48.820 E/[GH_ROMAII_SENSOR_HOOK]( 8987): got gh30x fifo evt, func[RUN_MODE_SPO2_DET]
09-03 11:33:48.820 E/[GH_I2C_BUS]( 8987): gh_dev_get_acc_buffer len 40 ret 0
09-03 11:33:48.820 E/[GH_ROMAII_SENSOR_HOOK]( 8987): gsensor_drv_get_fifo_data len 40 
09-03 11:33:48.820 E/[GH_ROMAII_SENSOR_HOOK]( 8987): [gh30x_fifo_evt_spo2_mode_calc] enter
09-03 11:33:48.840 E/[GH_ROMAII_SENSOR_HOOK]( 8987): [handle_spo2_mode_result] enter
09-03 11:33:48.840 E/[GH_ROMAII_SENSOR_HOOK]( 8987): GH_3011 spo2_result : 98 , lvl 58 , hb 53, lvl83 , wearing 1
09-03 11:33:48.860 E/[GH_I2C_BUS]( 8987): gh_dev_report_key 1, weared 1 ,ppg 53 ,spo2 98 ,ret 0
09-03 11:33:48.860 E/[GH_ROMAII_SENSOR_HOOK]( 8987): [handle_spo2_mode_result] exit
09-03 11:33:48.860 E/[GH_ROMAII_SENSOR_HOOK]( 8987): spo2 calc, gs_len=40, result=98,58,53,83,1100,0,0,0,40,1,5550,1
09-03 11:33:48.860 E/[GH_ROMAII_SENSOR_HOOK]( 8987): [gh30x_fifo_evt_spo2_mode_calc] wearing_state:1
09-03 11:33:48.860 E/[GH_ROMAII_SENSOR_HOOK]( 8987): [gh30x_fifo_evt_spo2_mode_calc] not unwear state
09-03 11:33:48.860 E/[GH_ROMAII_SENSOR_HOOK]( 8987): [gh30x_fifo_evt_spo2_mode_calc] exit
09-03 11:33:48.860 E/[GH_ROMAII_SENSOR_HOOK]( 8987): [gh30x_fifo_evt_handler] exit
09-03 11:33:48.860 E/[GH_ROMAII_SENSOR_HOOK]( 8987): [gh30x_int_msg_handler] exit
09-03 11:33:48.860 E/[GH_I2C_BUS]( 8987): start gh_dev_wait_irq
09-03 11:33:49.660 D/LIBGPS  (  647): watchdog_open PowerState:GE2 CP IDLED readcount:800835
09-03 11:33:49.660 D/LIBGPS  (  647): libgps monitor, idltime =272 second
09-03 11:33:49.660 D/LIBGPS  (  647): pid =647, ppid =231,tid =1026
09-03 11:33:49.660 D/LIBGPS  (  647): pid =647, ppid =231,tid =1026
09-03 11:33:49.660 D/LIBGPS  (  647): gps_sendHeartTest HeartCount =1
09-03 11:33:49.660 D/LIBGPS  (  647): &&& GPS_HeartCountRsp  HeartCount 0 pid =647,ppid =231
09-03 11:33:49.820 E/[GH_I2C_BUS]( 8987): GH end gh_dev_wait_irq 0
09-03 11:33:49.820 E/[GH_ROMAII_SENSOR_HOOK]( 8987): [gh30x_int_msg_handler] enter
09-03 11:33:49.820 E/[GH_ROMAII_SENSOR_HOOK]( 8987): [gh30x_int_msg_handler] gh30x_irq_status:2， type:INT_STATUS_FIFO_WATERMARK
09-03 11:33:49.820 E/[GH_ROMAII_SENSOR_HOOK]( 8987): [gh30x_int_msg_handler] gh30x_adt_working_flag:0
09-03 11:33:49.820 E/[GH_ROMAII_SENSOR_HOOK]( 8987): [gh30x_fifo_evt_handler] enter
09-03 11:33:49.820 E/[GH_ROMAII_SENSOR_HOOK]( 8987): got gh30x fifo evt, func[RUN_MODE_SPO2_DET]
09-03 11:33:49.820 E/[GH_I2C_BUS]( 8987): gh_dev_get_acc_buffer len 40 ret 0
09-03 11:33:49.820 E/[GH_ROMAII_SENSOR_HOOK]( 8987): gsensor_drv_get_fifo_data len 40 
09-03 11:33:49.820 E/[GH_ROMAII_SENSOR_HOOK]( 8987): [gh30x_fifo_evt_spo2_mode_calc] enter
09-03 11:33:49.850 E/[GH_ROMAII_SENSOR_HOOK]( 8987): [handle_spo2_mode_result] enter
09-03 11:33:49.850 E/[GH_ROMAII_SENSOR_HOOK]( 8987): GH_3011 spo2_result : 98 , lvl 58 , hb 53, lvl83 , wearing 1
09-03 11:33:49.860 W/WindowManager(  647): Focused window stay null too long, have a update!
09-03 11:33:49.860 V/WindowManager(  647): Looking for focus: 1 = Window{41b914a8 u0 KeyguardScrim} = null, flags=1116416, canReceive=false mViewVisibility=8 mHasSurface=false
09-03 11:33:49.860 V/WindowManager(  647): Looking for focus: 0 = Window{4191a5c0 u0 com.android.systemui.ImageWallpaper} = null, flags=792, canReceive=false mViewVisibility=0 mHasSurface=true
09-03 11:33:49.860 E/[GH_I2C_BUS]( 8987): gh_dev_report_key 1, weared 1 ,ppg 53 ,spo2 98 ,ret 0
09-03 11:33:49.860 E/[GH_ROMAII_SENSOR_HOOK]( 8987): [handle_spo2_mode_result] exit
09-03 11:33:49.860 E/[GH_ROMAII_SENSOR_HOOK]( 8987): spo2 calc, gs_len=40, result=98,58,53,83,620,0,0,0,40,1,5550,1
09-03 11:33:49.860 E/[GH_ROMAII_SENSOR_HOOK]( 8987): [gh30x_fifo_evt_spo2_mode_calc] wearing_state:1
09-03 11:33:49.860 E/[GH_ROMAII_SENSOR_HOOK]( 8987): [gh30x_fifo_evt_spo2_mode_calc] not unwear state
09-03 11:33:49.860 E/[GH_ROMAII_SENSOR_HOOK]( 8987): [gh30x_fifo_evt_spo2_mode_calc] exit
09-03 11:33:49.860 E/[GH_ROMAII_SENSOR_HOOK]( 8987): [gh30x_fifo_evt_handler] exit
09-03 11:33:49.860 E/[GH_ROMAII_SENSOR_HOOK]( 8987): [gh30x_int_msg_handler] exit
09-03 11:33:49.860 E/[GH_I2C_BUS]( 8987): start gh_dev_wait_irq
09-03 11:33:49.860 V/WindowManager(  647): findFocusedWindow: No focusable windows.
09-03 11:33:50.830 E/[GH_I2C_BUS]( 8987): GH end gh_dev_wait_irq 0
09-03 11:33:50.830 E/[GH_ROMAII_SENSOR_HOOK]( 8987): [gh30x_int_msg_handler] enter
09-03 11:33:50.830 E/[GH_ROMAII_SENSOR_HOOK]( 8987): [gh30x_int_msg_handler] gh30x_irq_status:2， type:INT_STATUS_FIFO_WATERMARK
09-03 11:33:50.830 E/[GH_ROMAII_SENSOR_HOOK]( 8987): [gh30x_int_msg_handler] gh30x_adt_working_flag:0
09-03 11:33:50.830 E/[GH_ROMAII_SENSOR_HOOK]( 8987): [gh30x_fifo_evt_handler] enter
09-03 11:33:50.830 E/[GH_ROMAII_SENSOR_HOOK]( 8987): got gh30x fifo evt, func[RUN_MODE_SPO2_DET]
09-03 11:33:50.830 E/[GH_I2C_BUS]( 8987): gh_dev_get_acc_buffer len 40 ret 0
09-03 11:33:50.830 E/[GH_ROMAII_SENSOR_HOOK]( 8987): gsensor_drv_get_fifo_data len 40 
09-03 11:33:50.830 E/[GH_ROMAII_SENSOR_HOOK]( 8987): [gh30x_fifo_evt_spo2_mode_calc] enter
09-03 11:33:50.850 E/[GH_ROMAII_SENSOR_HOOK]( 8987): [handle_spo2_mode_result] enter
09-03 11:33:50.850 E/[GH_ROMAII_SENSOR_HOOK]( 8987): GH_3011 spo2_result : 98 , lvl 58 , hb 53, lvl83 , wearing 1
09-03 11:33:50.870 E/[GH_I2C_BUS]( 8987): gh_dev_report_key 1, weared 1 ,ppg 53 ,spo2 98 ,ret 0
09-03 11:33:50.870 E/[GH_ROMAII_SENSOR_HOOK]( 8987): [handle_spo2_mode_result] exit
09-03 11:33:50.870 E/[GH_ROMAII_SENSOR_HOOK]( 8987): spo2 calc, gs_len=40, result=98,58,53,83,574,880,0,0,40,2,5550,1
09-03 11:33:50.870 E/[GH_ROMAII_SENSOR_HOOK]( 8987): [gh30x_fifo_evt_spo2_mode_calc] wearing_state:1
09-03 11:33:50.870 E/[GH_ROMAII_SENSOR_HOOK]( 8987): [gh30x_fifo_evt_spo2_mode_calc] not unwear state
09-03 11:33:50.870 E/[GH_ROMAII_SENSOR_HOOK]( 8987): [gh30x_fifo_evt_spo2_mode_calc] exit
09-03 11:33:50.870 E/[GH_ROMAII_SENSOR_HOOK]( 8987): [gh30x_fifo_evt_handler] exit
09-03 11:33:50.870 E/[GH_ROMAII_SENSOR_HOOK]( 8987): [gh30x_int_msg_handler] exit
09-03 11:33:50.870 E/[GH_I2C_BUS]( 8987): start gh_dev_wait_irq
09-03 11:33:51.650 D/LIBGPS  (  647): watchdog_open PowerState:GE2 CP IDLED readcount:800836
09-03 11:33:51.650 D/LIBGPS  (  647): libgps monitor, idltime =274 second
09-03 11:33:51.650 D/LIBGPS  (  647): pid =647, ppid =231,tid =1026
09-03 11:33:51.650 D/LIBGPS  (  647): pid =647, ppid =231,tid =1026
09-03 11:33:51.650 D/LIBGPS  (  647): gps_sendHeartTest HeartCount =1
09-03 11:33:51.650 D/LIBGPS  (  647): &&& GPS_HeartCountRsp  HeartCount 0 pid =647,ppid =231
09-03 11:33:51.830 E/[GH_I2C_BUS]( 8987): GH end gh_dev_wait_irq 0
09-03 11:33:51.830 E/[GH_ROMAII_SENSOR_HOOK]( 8987): [gh30x_int_msg_handler] enter
09-03 11:33:51.830 E/[GH_ROMAII_SENSOR_HOOK]( 8987): [gh30x_int_msg_handler] gh30x_irq_status:2， type:INT_STATUS_FIFO_WATERMARK
09-03 11:33:51.830 E/[GH_ROMAII_SENSOR_HOOK]( 8987): [gh30x_int_msg_handler] gh30x_adt_working_flag:0
09-03 11:33:51.830 E/[GH_ROMAII_SENSOR_HOOK]( 8987): [gh30x_fifo_evt_handler] enter
09-03 11:33:51.830 E/[GH_ROMAII_SENSOR_HOOK]( 8987): got gh30x fifo evt, func[RUN_MODE_SPO2_DET]
09-03 11:33:51.830 E/[GH_I2C_BUS]( 8987): gh_dev_get_acc_buffer len 39 ret 0
09-03 11:33:51.830 E/[GH_ROMAII_SENSOR_HOOK]( 8987): gsensor_drv_get_fifo_data len 39 
09-03 11:33:51.830 E/[GH_ROMAII_SENSOR_HOOK]( 8987): [gh30x_fifo_evt_spo2_mode_calc] enter
09-03 11:33:51.850 E/[GH_ROMAII_SENSOR_HOOK]( 8987): [handle_spo2_mode_result] enter
09-03 11:33:51.850 E/[GH_ROMAII_SENSOR_HOOK]( 8987): GH_3011 spo2_result : 98 , lvl 57 , hb 53, lvl83 , wearing 1
09-03 11:33:51.870 E/[GH_I2C_BUS]( 8987): gh_dev_report_key 1, weared 1 ,ppg 53 ,spo2 98 ,ret 0
09-03 11:33:51.870 E/[GH_ROMAII_SENSOR_HOOK]( 8987): [handle_spo2_mode_result] exit
09-03 11:33:51.870 E/[GH_ROMAII_SENSOR_HOOK]( 8987): spo2 calc, gs_len=39, result=98,57,53,83,574,574,0,0,40,2,5550,1
09-03 11:33:51.870 E/[GH_ROMAII_SENSOR_HOOK]( 8987): [gh30x_fifo_evt_spo2_mode_calc] wearing_state:1
09-03 11:33:51.870 E/[GH_ROMAII_SENSOR_HOOK]( 8987): [gh30x_fifo_evt_spo2_mode_calc] not unwear state
09-03 11:33:51.870 E/[GH_ROMAII_SENSOR_HOOK]( 8987): [gh30x_fifo_evt_spo2_mode_calc] exit
09-03 11:33:51.870 E/[GH_ROMAII_SENSOR_HOOK]( 8987): [gh30x_fifo_evt_handler] exit
09-03 11:33:51.870 E/[GH_ROMAII_SENSOR_HOOK]( 8987): [gh30x_int_msg_handler] exit
09-03 11:33:51.870 E/[GH_I2C_BUS]( 8987): start gh_dev_wait_irq
09-03 11:33:52.660 E/LIBGPS  (  647): read socet_client error: Try again
09-03 11:33:52.830 E/[GH_I2C_BUS]( 8987): GH end gh_dev_wait_irq 0
09-03 11:33:52.830 E/[GH_ROMAII_SENSOR_HOOK]( 8987): [gh30x_int_msg_handler] enter
09-03 11:33:52.830 E/[GH_ROMAII_SENSOR_HOOK]( 8987): [gh30x_int_msg_handler] gh30x_irq_status:2， type:INT_STATUS_FIFO_WATERMARK
09-03 11:33:52.830 E/[GH_ROMAII_SENSOR_HOOK]( 8987): [gh30x_int_msg_handler] gh30x_adt_working_flag:0
09-03 11:33:52.830 E/[GH_ROMAII_SENSOR_HOOK]( 8987): [gh30x_fifo_evt_handler] enter
09-03 11:33:52.830 E/[GH_ROMAII_SENSOR_HOOK]( 8987): got gh30x fifo evt, func[RUN_MODE_SPO2_DET]
09-03 11:33:52.830 E/[GH_I2C_BUS]( 8987): gh_dev_get_acc_buffer len 40 ret 0
09-03 11:33:52.830 E/[GH_ROMAII_SENSOR_HOOK]( 8987): gsensor_drv_get_fifo_data len 40 
09-03 11:33:52.830 E/[GH_ROMAII_SENSOR_HOOK]( 8987): [gh30x_fifo_evt_spo2_mode_calc] enter
09-03 11:33:52.860 E/[GH_ROMAII_SENSOR_HOOK]( 8987): [handle_spo2_mode_result] enter
09-03 11:33:52.860 E/[GH_ROMAII_SENSOR_HOOK]( 8987): GH_3011 spo2_result : 98 , lvl 57 , hb 53, lvl83 , wearing 1
09-03 11:33:52.870 E/[GH_I2C_BUS]( 8987): gh_dev_report_key 1, weared 1 ,ppg 53 ,spo2 98 ,ret 0
09-03 11:33:52.870 E/[GH_ROMAII_SENSOR_HOOK]( 8987): [handle_spo2_mode_result] exit
09-03 11:33:52.870 E/[GH_ROMAII_SENSOR_HOOK]( 8987): spo2 calc, gs_len=40, result=98,57,53,83,960,0,0,0,40,1,5550,1
09-03 11:33:52.870 E/[GH_ROMAII_SENSOR_HOOK]( 8987): [gh30x_fifo_evt_spo2_mode_calc] wearing_state:1
09-03 11:33:52.870 E/[GH_ROMAII_SENSOR_HOOK]( 8987): [gh30x_fifo_evt_spo2_mode_calc] not unwear state
09-03 11:33:52.870 E/[GH_ROMAII_SENSOR_HOOK]( 8987): [gh30x_fifo_evt_spo2_mode_calc] exit
09-03 11:33:52.870 E/[GH_ROMAII_SENSOR_HOOK]( 8987): [gh30x_fifo_evt_handler] exit
09-03 11:33:52.870 E/[GH_ROMAII_SENSOR_HOOK]( 8987): [gh30x_int_msg_handler] exit
09-03 11:33:52.870 E/[GH_I2C_BUS]( 8987): start gh_dev_wait_irq
09-03 11:33:52.870 W/WindowManager(  647): Focused window stay null too long, have a update!
09-03 11:33:52.870 V/WindowManager(  647): Looking for focus: 1 = Window{41b914a8 u0 KeyguardScrim} = null, flags=1116416, canReceive=false mViewVisibility=8 mHasSurface=false
09-03 11:33:52.870 V/WindowManager(  647): Looking for focus: 0 = Window{4191a5c0 u0 com.android.systemui.ImageWallpaper} = null, flags=792, canReceive=false mViewVisibility=0 mHasSurface=true
09-03 11:33:52.870 V/WindowManager(  647): findFocusedWindow: No focusable windows.
09-03 11:33:53.500 D/WCND    (  217): is_cp2_alive_ok: open polling interface: /proc/mdbg/loopcheck, fd = 17
09-03 11:33:53.600 D/WCND    (  217): is_cp2_alive_ok: loop: /proc/mdbg/loopcheck is OK
09-03 11:33:53.650 D/LIBGPS  (  647): watchdog_open PowerState:GE2 CP IDLED readcount:800837
09-03 11:33:53.650 D/LIBGPS  (  647): libgps monitor, idltime =276 second
09-03 11:33:53.650 D/LIBGPS  (  647): pid =647, ppid =231,tid =1026
09-03 11:33:53.650 D/LIBGPS  (  647): pid =647, ppid =231,tid =1026
09-03 11:33:53.650 D/LIBGPS  (  647): gps_sendHeartTest HeartCount =1
09-03 11:33:53.650 D/LIBGPS  (  647): &&& GPS_HeartCountRsp  HeartCount 0 pid =647,ppid =231
09-03 11:33:53.840 E/[GH_I2C_BUS]( 8987): GH end gh_dev_wait_irq 0
09-03 11:33:53.840 E/[GH_ROMAII_SENSOR_HOOK]( 8987): [gh30x_int_msg_handler] enter
09-03 11:33:53.840 E/[GH_ROMAII_SENSOR_HOOK]( 8987): [gh30x_int_msg_handler] gh30x_irq_status:2， type:INT_STATUS_FIFO_WATERMARK
09-03 11:33:53.840 E/[GH_ROMAII_SENSOR_HOOK]( 8987): [gh30x_int_msg_handler] gh30x_adt_working_flag:0
09-03 11:33:53.840 E/[GH_ROMAII_SENSOR_HOOK]( 8987): [gh30x_fifo_evt_handler] enter
09-03 11:33:53.840 E/[GH_ROMAII_SENSOR_HOOK]( 8987): got gh30x fifo evt, func[RUN_MODE_SPO2_DET]
09-03 11:33:53.840 E/[GH_I2C_BUS]( 8987): gh_dev_get_acc_buffer len 39 ret 0
09-03 11:33:53.840 E/[GH_ROMAII_SENSOR_HOOK]( 8987): gsensor_drv_get_fifo_data len 39 
09-03 11:33:53.840 E/[GH_ROMAII_SENSOR_HOOK]( 8987): [gh30x_fifo_evt_spo2_mode_calc] enter
09-03 11:33:53.860 E/[GH_ROMAII_SENSOR_HOOK]( 8987): [handle_spo2_mode_result] enter
09-03 11:33:53.860 E/[GH_ROMAII_SENSOR_HOOK]( 8987): GH_3011 spo2_result : 98 , lvl 58 , hb 53, lvl83 , wearing 1
09-03 11:33:53.870 E/[GH_I2C_BUS]( 8987): gh_dev_report_key 1, weared 1 ,ppg 53 ,spo2 98 ,ret 0
09-03 11:33:53.870 E/[GH_ROMAII_SENSOR_HOOK]( 8987): [handle_spo2_mode_result] exit
09-03 11:33:53.870 E/[GH_ROMAII_SENSOR_HOOK]( 8987): spo2 calc, gs_len=39, result=98,58,53,83,1110,0,0,0,40,1,5550,1
09-03 11:33:53.870 E/[GH_ROMAII_SENSOR_HOOK]( 8987): [gh30x_fifo_evt_spo2_mode_calc] wearing_state:1
09-03 11:33:53.870 E/[GH_ROMAII_SENSOR_HOOK]( 8987): [gh30x_fifo_evt_spo2_mode_calc] not unwear state
09-03 11:33:53.870 E/[GH_ROMAII_SENSOR_HOOK]( 8987): [gh30x_fifo_evt_spo2_mode_calc] exit
09-03 11:33:53.870 E/[GH_ROMAII_SENSOR_HOOK]( 8987): [gh30x_fifo_evt_handler] exit
09-03 11:33:53.870 E/[GH_ROMAII_SENSOR_HOOK]( 8987): [gh30x_int_msg_handler] exit
09-03 11:33:53.870 E/[GH_I2C_BUS]( 8987): start gh_dev_wait_irq
09-03 11:33:54.840 E/[GH_I2C_BUS]( 8987): GH end gh_dev_wait_irq 0
09-03 11:33:54.840 E/[GH_ROMAII_SENSOR_HOOK]( 8987): [gh30x_int_msg_handler] enter
09-03 11:33:54.840 E/[GH_ROMAII_SENSOR_HOOK]( 8987): [gh30x_int_msg_handler] gh30x_irq_status:2， type:INT_STATUS_FIFO_WATERMARK
09-03 11:33:54.840 E/[GH_ROMAII_SENSOR_HOOK]( 8987): [gh30x_int_msg_handler] gh30x_adt_working_flag:0
09-03 11:33:54.840 E/[GH_ROMAII_SENSOR_HOOK]( 8987): [gh30x_fifo_evt_handler] enter
09-03 11:33:54.840 E/[GH_ROMAII_SENSOR_HOOK]( 8987): got gh30x fifo evt, func[RUN_MODE_SPO2_DET]
09-03 11:33:54.840 E/[GH_I2C_BUS]( 8987): gh_dev_get_acc_buffer len 40 ret 0
09-03 11:33:54.840 E/[GH_ROMAII_SENSOR_HOOK]( 8987): gsensor_drv_get_fifo_data len 40 
09-03 11:33:54.840 E/[GH_ROMAII_SENSOR_HOOK]( 8987): [gh30x_fifo_evt_spo2_mode_calc] enter
09-03 11:33:54.860 E/[GH_ROMAII_SENSOR_HOOK]( 8987): [handle_spo2_mode_result] enter
09-03 11:33:54.860 E/[GH_ROMAII_SENSOR_HOOK]( 8987): GH_3011 spo2_result : 98 , lvl 58 , hb 53, lvl83 , wearing 1
09-03 11:33:54.870 E/[GH_I2C_BUS]( 8987): gh_dev_report_key 1, weared 1 ,ppg 53 ,spo2 98 ,ret 0
09-03 11:33:54.870 E/[GH_ROMAII_SENSOR_HOOK]( 8987): [handle_spo2_mode_result] exit
09-03 11:33:54.870 E/[GH_ROMAII_SENSOR_HOOK]( 8987): spo2 calc, gs_len=40, result=98,58,53,83,970,0,0,0,40,1,5550,1
09-03 11:33:54.870 E/[GH_ROMAII_SENSOR_HOOK]( 8987): [gh30x_fifo_evt_spo2_mode_calc] wearing_state:1
09-03 11:33:54.870 E/[GH_ROMAII_SENSOR_HOOK]( 8987): [gh30x_fifo_evt_spo2_mode_calc] not unwear state
09-03 11:33:54.870 E/[GH_ROMAII_SENSOR_HOOK]( 8987): [gh30x_fifo_evt_spo2_mode_calc] exit
09-03 11:33:54.870 E/[GH_ROMAII_SENSOR_HOOK]( 8987): [gh30x_fifo_evt_handler] exit
09-03 11:33:54.870 E/[GH_ROMAII_SENSOR_HOOK]( 8987): [gh30x_int_msg_handler] exit
09-03 11:33:54.870 E/[GH_I2C_BUS]( 8987): start gh_dev_wait_irq
09-03 11:33:55.660 D/LIBGPS  (  647): watchdog_open PowerState:GE2 CP IDLED readcount:800838
09-03 11:33:55.660 D/LIBGPS  (  647): libgps monitor, idltime =278 second
09-03 11:33:55.660 D/LIBGPS  (  647): pid =647, ppid =231,tid =1026
09-03 11:33:55.660 D/LIBGPS  (  647): pid =647, ppid =231,tid =1026
09-03 11:33:55.660 D/LIBGPS  (  647): gps_sendHeartTest HeartCount =1
09-03 11:33:55.660 D/LIBGPS  (  647): &&& GPS_HeartCountRsp  HeartCount 0 pid =647,ppid =231
09-03 11:33:55.840 E/[GH_I2C_BUS]( 8987): GH end gh_dev_wait_irq 0
09-03 11:33:55.840 E/[GH_ROMAII_SENSOR_HOOK]( 8987): [gh30x_int_msg_handler] enter
09-03 11:33:55.840 E/[GH_ROMAII_SENSOR_HOOK]( 8987): [gh30x_int_msg_handler] gh30x_irq_status:2， type:INT_STATUS_FIFO_WATERMARK
09-03 11:33:55.840 E/[GH_ROMAII_SENSOR_HOOK]( 8987): [gh30x_int_msg_handler] gh30x_adt_working_flag:0
09-03 11:33:55.840 E/[GH_ROMAII_SENSOR_HOOK]( 8987): [gh30x_fifo_evt_handler] enter
09-03 11:33:55.840 E/[GH_ROMAII_SENSOR_HOOK]( 8987): got gh30x fifo evt, func[RUN_MODE_SPO2_DET]
09-03 11:33:55.840 E/[GH_I2C_BUS]( 8987): gh_dev_get_acc_buffer len 40 ret 0
09-03 11:33:55.840 E/[GH_ROMAII_SENSOR_HOOK]( 8987): gsensor_drv_get_fifo_data len 40 
09-03 11:33:55.840 E/[GH_ROMAII_SENSOR_HOOK]( 8987): [gh30x_fifo_evt_spo2_mode_calc] enter
09-03 11:33:55.870 E/[GH_ROMAII_SENSOR_HOOK]( 8987): [handle_spo2_mode_result] enter
09-03 11:33:55.870 E/[GH_ROMAII_SENSOR_HOOK]( 8987): GH_3011 spo2_result : 98 , lvl 58 , hb 53, lvl76 , wearing 1
09-03 11:33:55.880 E/[GH_I2C_BUS]( 8987): gh_dev_report_key 1, weared 1 ,ppg 53 ,spo2 98 ,ret 0
09-03 11:33:55.880 E/[GH_ROMAII_SENSOR_HOOK]( 8987): [handle_spo2_mode_result] exit
09-03 11:33:55.880 E/[GH_ROMAII_SENSOR_HOOK]( 8987): spo2 calc, gs_len=40, result=98,58,53,76,574,574,574,574,40,4,5550,1
09-03 11:33:55.880 E/[GH_ROMAII_SENSOR_HOOK]( 8987): [gh30x_fifo_evt_spo2_mode_calc] wearing_state:1
09-03 11:33:55.880 E/[GH_ROMAII_SENSOR_HOOK]( 8987): [gh30x_fifo_evt_spo2_mode_calc] not unwear state
09-03 11:33:55.880 E/[GH_ROMAII_SENSOR_HOOK]( 8987): [gh30x_fifo_evt_spo2_mode_calc] exit
09-03 11:33:55.880 E/[GH_ROMAII_SENSOR_HOOK]( 8987): [gh30x_fifo_evt_handler] exit
09-03 11:33:55.880 E/[GH_ROMAII_SENSOR_HOOK]( 8987): [gh30x_int_msg_handler] exit
09-03 11:33:55.880 E/[GH_I2C_BUS]( 8987): start gh_dev_wait_irq
09-03 11:33:55.880 W/WindowManager(  647): Focused window stay null too long, have a update!
09-03 11:33:55.880 V/WindowManager(  647): Looking for focus: 1 = Window{41b914a8 u0 KeyguardScrim} = null, flags=1116416, canReceive=false mViewVisibility=8 mHasSurface=false
09-03 11:33:55.880 V/WindowManager(  647): Looking for focus: 0 = Window{4191a5c0 u0 com.android.systemui.ImageWallpaper} = null, flags=792, canReceive=false mViewVisibility=0 mHasSurface=true
09-03 11:33:55.880 V/WindowManager(  647): findFocusedWindow: No focusable windows.
09-03 11:33:56.840 E/[GH_I2C_BUS]( 8987): GH end gh_dev_wait_irq 0
09-03 11:33:56.840 E/[GH_ROMAII_SENSOR_HOOK]( 8987): [gh30x_int_msg_handler] enter
09-03 11:33:56.850 E/[GH_ROMAII_SENSOR_HOOK]( 8987): [gh30x_int_msg_handler] gh30x_irq_status:2， type:INT_STATUS_FIFO_WATERMARK
09-03 11:33:56.850 E/[GH_ROMAII_SENSOR_HOOK]( 8987): [gh30x_int_msg_handler] gh30x_adt_working_flag:0
09-03 11:33:56.850 E/[GH_ROMAII_SENSOR_HOOK]( 8987): [gh30x_fifo_evt_handler] enter
09-03 11:33:56.850 E/[GH_ROMAII_SENSOR_HOOK]( 8987): got gh30x fifo evt, func[RUN_MODE_SPO2_DET]
09-03 11:33:56.850 E/[GH_I2C_BUS]( 8987): gh_dev_get_acc_buffer len 39 ret 0
09-03 11:33:56.850 E/[GH_ROMAII_SENSOR_HOOK]( 8987): gsensor_drv_get_fifo_data len 39 
09-03 11:33:56.850 E/[GH_ROMAII_SENSOR_HOOK]( 8987): [gh30x_fifo_evt_spo2_mode_calc] enter
09-03 11:33:56.870 E/[GH_ROMAII_SENSOR_HOOK]( 8987): [handle_spo2_mode_result] enter
09-03 11:33:56.870 E/[GH_ROMAII_SENSOR_HOOK]( 8987): GH_3011 spo2_result : 98 , lvl 58 , hb 53, lvl76 , wearing 1
09-03 11:33:56.890 E/[GH_I2C_BUS]( 8987): gh_dev_report_key 1, weared 1 ,ppg 53 ,spo2 98 ,ret 0
09-03 11:33:56.890 E/[GH_ROMAII_SENSOR_HOOK]( 8987): [handle_spo2_mode_result] exit
09-03 11:33:56.890 E/[GH_ROMAII_SENSOR_HOOK]( 8987): spo2 calc, gs_len=39, result=98,58,53,76,574,574,0,0,40,2,5550,1
09-03 11:33:56.890 E/[GH_ROMAII_SENSOR_HOOK]( 8987): [gh30x_fifo_evt_spo2_mode_calc] wearing_state:1
09-03 11:33:56.890 E/[GH_ROMAII_SENSOR_HOOK]( 8987): [gh30x_fifo_evt_spo2_mode_calc] not unwear state
09-03 11:33:56.890 E/[GH_ROMAII_SENSOR_HOOK]( 8987): [gh30x_fifo_evt_spo2_mode_calc] exit
09-03 11:33:56.890 E/[GH_ROMAII_SENSOR_HOOK]( 8987): [gh30x_fifo_evt_handler] exit
09-03 11:33:56.890 E/[GH_ROMAII_SENSOR_HOOK]( 8987): [gh30x_int_msg_handler] exit
09-03 11:33:56.890 E/[GH_I2C_BUS]( 8987): start gh_dev_wait_irq
09-03 11:33:57.650 D/LIBGPS  (  647): watchdog_open PowerState:GE2 CP IDLED readcount:800839
09-03 11:33:57.650 D/LIBGPS  (  647): libgps monitor, idltime =280 second
09-03 11:33:57.650 D/LIBGPS  (  647): pid =647, ppid =231,tid =1026
09-03 11:33:57.650 D/LIBGPS  (  647): pid =647, ppid =231,tid =1026
09-03 11:33:57.650 D/LIBGPS  (  647): gps_sendHeartTest HeartCount =1
09-03 11:33:57.650 D/LIBGPS  (  647): &&& GPS_HeartCountRsp  HeartCount 0 pid =647,ppid =231
09-03 11:33:57.660 E/LIBGPS  (  647): read socet_client error: Try again
09-03 11:33:57.850 E/[GH_I2C_BUS]( 8987): GH end gh_dev_wait_irq 0
09-03 11:33:57.850 E/[GH_ROMAII_SENSOR_HOOK]( 8987): [gh30x_int_msg_handler] enter
09-03 11:33:57.850 E/[GH_ROMAII_SENSOR_HOOK]( 8987): [gh30x_int_msg_handler] gh30x_irq_status:2， type:INT_STATUS_FIFO_WATERMARK
09-03 11:33:57.850 E/[GH_ROMAII_SENSOR_HOOK]( 8987): [gh30x_int_msg_handler] gh30x_adt_working_flag:0
09-03 11:33:57.850 E/[GH_ROMAII_SENSOR_HOOK]( 8987): [gh30x_fifo_evt_handler] enter
09-03 11:33:57.850 E/[GH_ROMAII_SENSOR_HOOK]( 8987): got gh30x fifo evt, func[RUN_MODE_SPO2_DET]
09-03 11:33:57.850 E/[GH_I2C_BUS]( 8987): gh_dev_get_acc_buffer len 40 ret 0
09-03 11:33:57.850 E/[GH_ROMAII_SENSOR_HOOK]( 8987): gsensor_drv_get_fifo_data len 40 
09-03 11:33:57.850 E/[GH_ROMAII_SENSOR_HOOK]( 8987): [gh30x_fifo_evt_spo2_mode_calc] enter
09-03 11:33:57.870 E/[GH_ROMAII_SENSOR_HOOK]( 8987): [handle_spo2_mode_result] enter
09-03 11:33:57.870 E/[GH_ROMAII_SENSOR_HOOK]( 8987): GH_3011 spo2_result : 98 , lvl 58 , hb 53, lvl76 , wearing 1
09-03 11:33:57.880 E/[GH_I2C_BUS]( 8987): gh_dev_report_key 1, weared 1 ,ppg 53 ,spo2 98 ,ret 0
09-03 11:33:57.880 E/[GH_ROMAII_SENSOR_HOOK]( 8987): [handle_spo2_mode_result] exit
09-03 11:33:57.880 E/[GH_ROMAII_SENSOR_HOOK]( 8987): spo2 calc, gs_len=40, result=98,58,53,76,730,574,574,0,40,3,5550,1
09-03 11:33:57.880 E/[GH_ROMAII_SENSOR_HOOK]( 8987): [gh30x_fifo_evt_spo2_mode_calc] wearing_state:1
09-03 11:33:57.880 E/[GH_ROMAII_SENSOR_HOOK]( 8987): [gh30x_fifo_evt_spo2_mode_calc] not unwear state
09-03 11:33:57.880 E/[GH_ROMAII_SENSOR_HOOK]( 8987): [gh30x_fifo_evt_spo2_mode_calc] exit
09-03 11:33:57.880 E/[GH_ROMAII_SENSOR_HOOK]( 8987): [gh30x_fifo_evt_handler] exit
09-03 11:33:57.880 E/[GH_ROMAII_SENSOR_HOOK]( 8987): [gh30x_int_msg_handler] exit
09-03 11:33:57.880 E/[GH_I2C_BUS]( 8987): start gh_dev_wait_irq
09-03 11:33:58.610 D/WCND    (  217): is_cp2_alive_ok: open polling interface: /proc/mdbg/loopcheck, fd = 17
09-03 11:33:58.710 D/WCND    (  217): is_cp2_alive_ok: loop: /proc/mdbg/loopcheck is OK
09-03 11:33:58.850 E/[GH_I2C_BUS]( 8987): GH end gh_dev_wait_irq 0
09-03 11:33:58.850 E/[GH_ROMAII_SENSOR_HOOK]( 8987): [gh30x_int_msg_handler] enter
09-03 11:33:58.850 E/[GH_ROMAII_SENSOR_HOOK]( 8987): [gh30x_int_msg_handler] gh30x_irq_status:2， type:INT_STATUS_FIFO_WATERMARK
09-03 11:33:58.850 E/[GH_ROMAII_SENSOR_HOOK]( 8987): [gh30x_int_msg_handler] gh30x_adt_working_flag:0
09-03 11:33:58.850 E/[GH_ROMAII_SENSOR_HOOK]( 8987): [gh30x_fifo_evt_handler] enter
09-03 11:33:58.850 E/[GH_ROMAII_SENSOR_HOOK]( 8987): got gh30x fifo evt, func[RUN_MODE_SPO2_DET]
09-03 11:33:58.850 E/[GH_I2C_BUS]( 8987): gh_dev_get_acc_buffer len 40 ret 0
09-03 11:33:58.850 E/[GH_ROMAII_SENSOR_HOOK]( 8987): gsensor_drv_get_fifo_data len 40 
09-03 11:33:58.850 E/[GH_ROMAII_SENSOR_HOOK]( 8987): [gh30x_fifo_evt_spo2_mode_calc] enter
09-03 11:33:58.870 E/[GH_ROMAII_SENSOR_HOOK]( 8987): [handle_spo2_mode_result] enter
09-03 11:33:58.880 E/[GH_ROMAII_SENSOR_HOOK]( 8987): GH_3011 spo2_result : 98 , lvl 58 , hb 53, lvl76 , wearing 1
09-03 11:33:58.880 W/WindowManager(  647): Focused window stay null too long, have a update!
09-03 11:33:58.880 V/WindowManager(  647): Looking for focus: 1 = Window{41b914a8 u0 KeyguardScrim} = null, flags=1116416, canReceive=false mViewVisibility=8 mHasSurface=false
09-03 11:33:58.890 V/WindowManager(  647): Looking for focus: 0 = Window{4191a5c0 u0 com.android.systemui.ImageWallpaper} = null, flags=792, canReceive=false mViewVisibility=0 mHasSurface=true
09-03 11:33:58.890 E/[GH_I2C_BUS]( 8987): gh_dev_report_key 1, weared 1 ,ppg 53 ,spo2 98 ,ret 0
09-03 11:33:58.890 E/[GH_ROMAII_SENSOR_HOOK]( 8987): [handle_spo2_mode_result] exit
09-03 11:33:58.890 E/[GH_ROMAII_SENSOR_HOOK]( 8987): spo2 calc, gs_len=40, result=98,58,53,76,577,0,0,0,40,1,5550,1
09-03 11:33:58.890 E/[GH_ROMAII_SENSOR_HOOK]( 8987): [gh30x_fifo_evt_spo2_mode_calc] wearing_state:1
09-03 11:33:58.890 E/[GH_ROMAII_SENSOR_HOOK]( 8987): [gh30x_fifo_evt_spo2_mode_calc] not unwear state
09-03 11:33:58.890 E/[GH_ROMAII_SENSOR_HOOK]( 8987): [gh30x_fifo_evt_spo2_mode_calc] exit
09-03 11:33:58.890 E/[GH_ROMAII_SENSOR_HOOK]( 8987): [gh30x_fifo_evt_handler] exit
09-03 11:33:58.890 E/[GH_ROMAII_SENSOR_HOOK]( 8987): [gh30x_int_msg_handler] exit
09-03 11:33:58.890 E/[GH_I2C_BUS]( 8987): start gh_dev_wait_irq
09-03 11:33:58.890 V/WindowManager(  647): findFocusedWindow: No focusable windows.
09-03 11:33:59.650 D/LIBGPS  (  647): watchdog_open PowerState:GE2 CP IDLED readcount:800840
09-03 11:33:59.650 D/LIBGPS  (  647): libgps monitor, idltime =282 second
09-03 11:33:59.650 D/LIBGPS  (  647): pid =647, ppid =231,tid =1026
09-03 11:33:59.650 D/LIBGPS  (  647): pid =647, ppid =231,tid =1026
09-03 11:33:59.650 D/LIBGPS  (  647): gps_sendHeartTest HeartCount =1
09-03 11:33:59.650 D/LIBGPS  (  647): &&& GPS_HeartCountRsp  HeartCount 0 pid =647,ppid =231
09-03 11:33:59.850 E/[GH_I2C_BUS]( 8987): GH end gh_dev_wait_irq 0
09-03 11:33:59.850 E/[GH_ROMAII_SENSOR_HOOK]( 8987): [gh30x_int_msg_handler] enter
09-03 11:33:59.850 E/[GH_ROMAII_SENSOR_HOOK]( 8987): [gh30x_int_msg_handler] gh30x_irq_status:2， type:INT_STATUS_FIFO_WATERMARK
09-03 11:33:59.850 E/[GH_ROMAII_SENSOR_HOOK]( 8987): [gh30x_int_msg_handler] gh30x_adt_working_flag:0
09-03 11:33:59.850 E/[GH_ROMAII_SENSOR_HOOK]( 8987): [gh30x_fifo_evt_handler] enter
09-03 11:33:59.850 E/[GH_ROMAII_SENSOR_HOOK]( 8987): got gh30x fifo evt, func[RUN_MODE_SPO2_DET]
09-03 11:33:59.850 E/[GH_I2C_BUS]( 8987): gh_dev_get_acc_buffer len 40 ret 0
09-03 11:33:59.850 E/[GH_ROMAII_SENSOR_HOOK]( 8987): gsensor_drv_get_fifo_data len 40 
09-03 11:33:59.860 E/[GH_ROMAII_SENSOR_HOOK]( 8987): [gh30x_fifo_evt_spo2_mode_calc] enter
09-03 11:33:59.880 E/[GH_ROMAII_SENSOR_HOOK]( 8987): [handle_spo2_mode_result] enter
09-03 11:33:59.880 E/[GH_ROMAII_SENSOR_HOOK]( 8987): GH_3011 spo2_result : 98 , lvl 53 , hb 53, lvl76 , wearing 1
09-03 11:33:59.900 E/[GH_I2C_BUS]( 8987): gh_dev_report_key 1, weared 1 ,ppg 53 ,spo2 98 ,ret 0
09-03 11:33:59.900 E/[GH_ROMAII_SENSOR_HOOK]( 8987): [handle_spo2_mode_result] exit
09-03 11:33:59.900 E/[GH_ROMAII_SENSOR_HOOK]( 8987): spo2 calc, gs_len=40, result=98,53,53,76,1250,0,0,0,40,1,5550,1
09-03 11:33:59.900 E/[GH_ROMAII_SENSOR_HOOK]( 8987): [gh30x_fifo_evt_spo2_mode_calc] wearing_state:1
09-03 11:33:59.900 E/[GH_ROMAII_SENSOR_HOOK]( 8987): [gh30x_fifo_evt_spo2_mode_calc] not unwear state
09-03 11:33:59.900 E/[GH_ROMAII_SENSOR_HOOK]( 8987): [gh30x_fifo_evt_spo2_mode_calc] exit
09-03 11:33:59.900 E/[GH_ROMAII_SENSOR_HOOK]( 8987): [gh30x_fifo_evt_handler] exit
09-03 11:33:59.900 E/[GH_ROMAII_SENSOR_HOOK]( 8987): [gh30x_int_msg_handler] exit
09-03 11:33:59.900 E/[GH_I2C_BUS]( 8987): start gh_dev_wait_irq
09-03 11:33:59.990 D/AlarmManager(  647): waitForAlarm result:8, nowELAPSED:53983586, nowRTC:1788442439999
09-03 11:33:59.990 D/AlarmManager(  647): triggerList.add i = 0
09-03 11:33:59.990 D/AlarmManager(  647): break
09-03 11:33:59.990 D/AlarmManager(  647): sending alarm type:3 operation:PendingIntent{41964228: PendingIntentRecord{4196eb78 android broadcastIntent}}
09-03 11:33:59.990 D/BroadcastQueue(  647): enqueueOrderedBroadcastLocked after add: BroadcastRecord{41c02668 u-1 android.intent.action.TIME_TICK} , the first order broadcast is:BroadcastRecord{41c02668 u-1 android.intent.action.TIME_TICK} size:1 is: foreground
09-03 11:33:59.990 D/BroadcastQueue(  647): Schedule broadcasts [foreground]: current=false
09-03 11:33:59.990 D/BroadcastQueue(  647): Received BROADCAST_INTENT_MSG
09-03 11:33:59.990 D/BroadcastQueue(  647): Processing ordered broadcast [foreground] BroadcastRecord{41c02668 u-1 android.intent.action.TIME_TICK}
09-03 11:33:59.990 D/PowerManagerService(  647): acquireWakeLockInternal: lock=1100495272, flags=0x1, tag="AlarmManager", ws=WorkSource{1000}, uid=1000, pid=647 pkg name:android
09-03 11:33:59.990 D/BroadcastQueue(  647): Submitting BROADCAST_TIMEOUT_MSG [foreground] for BroadcastRecord{41c02668 u-1 android.intent.action.TIME_TICK} at 52666232
09-03 11:33:59.990 V/BatteryStatsImpl(  647): startRunningLocked(): mNesting = 1
09-03 11:33:59.990 V/BatteryStatsImpl(  647): startRunningLocked before mTimerPool.size = 0
09-03 11:33:59.990 V/BatteryStatsImpl(  647): startRunningLocked after mTimerPool.size = 1
09-03 11:33:59.990 D/PowerManagerService(  647): updateSuspendBlockerLocked goto acquire:PowerManagerService.WakeLocks: ref count=0
09-03 11:33:59.990 D/PowerManagerService(  647): Acquiring suspend blocker "PowerManagerService.WakeLocks".
09-03 11:33:59.990 D/AlarmManager(  647): set(PendingIntent{41964228: PendingIntentRecord{4196eb78 android broadcastIntent}}) : type=3 triggerAtTime=54043586 win=0 tElapsed=54043586 maxElapsed=54043586 interval=0 standalone=true
09-03 11:33:59.990 D/AlarmManager(  647): setImplLocked() Action = android.intent.action.TIME_TICK, Component = null, type = 3, when = 1788442500000, absolute triggerTime = 2026-09-03 15:35:00
09-03 11:33:59.990 E/AlarmManagerService(  647): set alarm to 54043.586000000
09-03 11:33:59.990 W/AlarmManagerHelper(  647): notifyPowerGuru() -> PowerGuruService is not running ???
09-03 11:33:59.990 D/BroadcastQueue(  647): Delivering ordered [foreground] to the last registered filter BroadcastFilter{41b0e4c0 u0 ReceiverList{41b35048 746 com.android.systemui/10033/u0 remote:41a13218}}: BroadcastRecord{41c02668 u-1 android.intent.action.TIME_TICK}
09-03 11:33:59.990 D/BroadcastQueue(  647): Cancelling BROADCAST_TIMEOUT_MSG
09-03 11:33:59.990 D/BroadcastQueue(  647): Finished with ordered broadcast BroadcastRecord{41c02668 u-1 android.intent.action.TIME_TICK}
09-03 11:33:59.990 D/BroadcastQueue(  647): Finished with ordered broadcast and remove index 0:BroadcastRecord{41c02668 u-1 android.intent.action.TIME_TICK} is: foreground remine 0
09-03 11:33:59.990 D/PowerManagerService(  647): releaseWakeLockInternal: lock=1100495272 [AlarmManager], flags=0x0 pkg name:android
09-03 11:33:59.990 D/PowerManagerService(  647): updateSuspendBlockerLocked goto release:PowerManagerService.WakeLocks: ref count=1
09-03 11:33:59.990 D/PowerManagerService(  647): Releasing suspend blocker "PowerManagerService.WakeLocks".
09-03 11:34:00.860 E/[GH_I2C_BUS]( 8987): GH end gh_dev_wait_irq 0
09-03 11:34:00.860 E/[GH_ROMAII_SENSOR_HOOK]( 8987): [gh30x_int_msg_handler] enter
09-03 11:34:00.860 E/[GH_ROMAII_SENSOR_HOOK]( 8987): [gh30x_int_msg_handler] gh30x_irq_status:2， type:INT_STATUS_FIFO_WATERMARK
09-03 11:34:00.860 E/[GH_ROMAII_SENSOR_HOOK]( 8987): [gh30x_int_msg_handler] gh30x_adt_working_flag:0
09-03 11:34:00.860 E/[GH_ROMAII_SENSOR_HOOK]( 8987): [gh30x_fifo_evt_handler] enter
09-03 11:34:00.860 E/[GH_ROMAII_SENSOR_HOOK]( 8987): got gh30x fifo evt, func[RUN_MODE_SPO2_DET]
09-03 11:34:00.860 E/[GH_I2C_BUS]( 8987): gh_dev_get_acc_buffer len 40 ret 0
09-03 11:34:00.860 E/[GH_ROMAII_SENSOR_HOOK]( 8987): gsensor_drv_get_fifo_data len 40 
09-03 11:34:00.860 E/[GH_ROMAII_SENSOR_HOOK]( 8987): [gh30x_fifo_evt_spo2_mode_calc] enter
09-03 11:34:00.880 E/[GH_ROMAII_SENSOR_HOOK]( 8987): [handle_spo2_mode_result] enter
09-03 11:34:00.880 E/[GH_ROMAII_SENSOR_HOOK]( 8987): GH_3011 spo2_result : 98 , lvl 53 , hb 53, lvl76 , wearing 1
09-03 11:34:00.900 E/[GH_I2C_BUS]( 8987): gh_dev_report_key 1, weared 1 ,ppg 53 ,spo2 98 ,ret 0
09-03 11:34:00.900 E/[GH_ROMAII_SENSOR_HOOK]( 8987): [handle_spo2_mode_result] exit
09-03 11:34:00.900 E/[GH_ROMAII_SENSOR_HOOK]( 8987): spo2 calc, gs_len=40, result=98,53,53,76,1300,0,0,0,100,1,5550,1
09-03 11:34:00.900 E/[GH_ROMAII_SENSOR_HOOK]( 8987): [gh30x_fifo_evt_spo2_mode_calc] wearing_state:1
09-03 11:34:00.900 E/[GH_ROMAII_SENSOR_HOOK]( 8987): [gh30x_fifo_evt_spo2_mode_calc] not unwear state
09-03 11:34:00.900 E/[GH_ROMAII_SENSOR_HOOK]( 8987): [gh30x_fifo_evt_spo2_mode_calc] exit
09-03 11:34:00.900 E/[GH_ROMAII_SENSOR_HOOK]( 8987): [gh30x_fifo_evt_handler] exit
09-03 11:34:00.900 E/[GH_ROMAII_SENSOR_HOOK]( 8987): [gh30x_int_msg_handler] exit
09-03 11:34:00.900 E/[GH_I2C_BUS]( 8987): start gh_dev_wait_irq
09-03 11:34:01.660 D/LIBGPS  (  647): watchdog_open PowerState:GE2 CP IDLED readcount:800841
09-03 11:34:01.660 D/LIBGPS  (  647): libgps monitor, idltime =284 second
09-03 11:34:01.660 D/LIBGPS  (  647): pid =647, ppid =231,tid =1026
09-03 11:34:01.660 D/LIBGPS  (  647): pid =647, ppid =231,tid =1026
09-03 11:34:01.660 D/LIBGPS  (  647): gps_sendHeartTest HeartCount =1
09-03 11:34:01.660 D/LIBGPS  (  647): &&& GPS_HeartCountRsp  HeartCount 0 pid =647,ppid =231
09-03 11:34:01.860 E/[GH_I2C_BUS]( 8987): GH end gh_dev_wait_irq 0
09-03 11:34:01.860 E/[GH_ROMAII_SENSOR_HOOK]( 8987): [gh30x_int_msg_handler] enter
09-03 11:34:01.860 E/[GH_ROMAII_SENSOR_HOOK]( 8987): [gh30x_int_msg_handler] gh30x_irq_status:2， type:INT_STATUS_FIFO_WATERMARK
09-03 11:34:01.860 E/[GH_ROMAII_SENSOR_HOOK]( 8987): [gh30x_int_msg_handler] gh30x_adt_working_flag:0
09-03 11:34:01.860 E/[GH_ROMAII_SENSOR_HOOK]( 8987): [gh30x_fifo_evt_handler] enter
09-03 11:34:01.860 E/[GH_ROMAII_SENSOR_HOOK]( 8987): got gh30x fifo evt, func[RUN_MODE_SPO2_DET]
09-03 11:34:01.860 E/[GH_I2C_BUS]( 8987): gh_dev_get_acc_buffer len 40 ret 0
09-03 11:34:01.860 E/[GH_ROMAII_SENSOR_HOOK]( 8987): gsensor_drv_get_fifo_data len 40 
09-03 11:34:01.860 E/[GH_ROMAII_SENSOR_HOOK]( 8987): [gh30x_fifo_evt_spo2_mode_calc] enter
09-03 11:34:01.880 E/[GH_ROMAII_SENSOR_HOOK]( 8987): [handle_spo2_mode_result] enter
09-03 11:34:01.880 E/[GH_ROMAII_SENSOR_HOOK]( 8987): GH_3011 spo2_result : 98 , lvl 63 , hb 53, lvl76 , wearing 1
09-03 11:34:01.890 W/WindowManager(  647): Focused window stay null too long, have a update!
09-03 11:34:01.890 V/WindowManager(  647): Looking for focus: 1 = Window{41b914a8 u0 KeyguardScrim} = null, flags=1116416, canReceive=false mViewVisibility=8 mHasSurface=false
09-03 11:34:01.890 V/WindowManager(  647): Looking for focus: 0 = Window{4191a5c0 u0 com.android.systemui.ImageWallpaper} = null, flags=792, canReceive=false mViewVisibility=0 mHasSurface=true
09-03 11:34:01.890 V/WindowManager(  647): findFocusedWindow: No focusable windows.
09-03 11:34:01.900 E/[GH_I2C_BUS]( 8987): gh_dev_report_key 1, weared 1 ,ppg 53 ,spo2 98 ,ret 0
09-03 11:34:01.900 E/[GH_ROMAII_SENSOR_HOOK]( 8987): [handle_spo2_mode_result] exit
09-03 11:34:01.900 E/[GH_ROMAII_SENSOR_HOOK]( 8987): spo2 calc, gs_len=40, result=98,63,53,76,582,0,0,0,40,1,5550,1
09-03 11:34:01.900 E/[GH_ROMAII_SENSOR_HOOK]( 8987): [gh30x_fifo_evt_spo2_mode_calc] wearing_state:1
09-03 11:34:01.900 E/[GH_ROMAII_SENSOR_HOOK]( 8987): [gh30x_fifo_evt_spo2_mode_calc] not unwear state
09-03 11:34:01.900 E/[GH_ROMAII_SENSOR_HOOK]( 8987): [gh30x_fifo_evt_spo2_mode_calc] exit
09-03 11:34:01.900 E/[GH_ROMAII_SENSOR_HOOK]( 8987): [gh30x_fifo_evt_handler] exit
09-03 11:34:01.900 E/[GH_ROMAII_SENSOR_HOOK]( 8987): [gh30x_int_msg_handler] exit
09-03 11:34:01.900 E/[GH_I2C_BUS]( 8987): start gh_dev_wait_irq
09-03 11:34:02.660 E/LIBGPS  (  647): read socet_client error: Try again
09-03 11:34:02.860 E/[GH_I2C_BUS]( 8987): GH end gh_dev_wait_irq 0
09-03 11:34:02.860 E/[GH_ROMAII_SENSOR_HOOK]( 8987): [gh30x_int_msg_handler] enter
09-03 11:34:02.860 E/[GH_ROMAII_SENSOR_HOOK]( 8987): [gh30x_int_msg_handler] gh30x_irq_status:2， type:INT_STATUS_FIFO_WATERMARK
09-03 11:34:02.860 E/[GH_ROMAII_SENSOR_HOOK]( 8987): [gh30x_int_msg_handler] gh30x_adt_working_flag:0
09-03 11:34:02.860 E/[GH_ROMAII_SENSOR_HOOK]( 8987): [gh30x_fifo_evt_handler] enter
09-03 11:34:02.860 E/[GH_ROMAII_SENSOR_HOOK]( 8987): got gh30x fifo evt, func[RUN_MODE_SPO2_DET]
09-03 11:34:02.860 E/[GH_I2C_BUS]( 8987): gh_dev_get_acc_buffer len 40 ret 0
09-03 11:34:02.860 E/[GH_ROMAII_SENSOR_HOOK]( 8987): gsensor_drv_get_fifo_data len 40 
09-03 11:34:02.870 E/[GH_ROMAII_SENSOR_HOOK]( 8987): [gh30x_fifo_evt_spo2_mode_calc] enter
09-03 11:34:02.890 E/[GH_ROMAII_SENSOR_HOOK]( 8987): [handle_spo2_mode_result] enter
09-03 11:34:02.890 E/[GH_ROMAII_SENSOR_HOOK]( 8987): GH_3011 spo2_result : 98 , lvl 67 , hb 54, lvl56 , wearing 1
09-03 11:34:02.910 E/[GH_I2C_BUS]( 8987): gh_dev_report_key 1, weared 1 ,ppg 54 ,spo2 98 ,ret 0
09-03 11:34:02.910 E/[GH_ROMAII_SENSOR_HOOK]( 8987): [handle_spo2_mode_result] exit
09-03 11:34:02.910 E/[GH_ROMAII_SENSOR_HOOK]( 8987): spo2 calc, gs_len=40, result=98,67,54,56,890,0,0,0,40,1,5550,1
09-03 11:34:02.910 E/[GH_ROMAII_SENSOR_HOOK]( 8987): [gh30x_fifo_evt_spo2_mode_calc] wearing_state:1
09-03 11:34:02.910 E/[GH_ROMAII_SENSOR_HOOK]( 8987): [gh30x_fifo_evt_spo2_mode_calc] not unwear state
09-03 11:34:02.910 E/[GH_ROMAII_SENSOR_HOOK]( 8987): [gh30x_fifo_evt_spo2_mode_calc] exit
09-03 11:34:02.910 E/[GH_ROMAII_SENSOR_HOOK]( 8987): [gh30x_fifo_evt_handler] exit
09-03 11:34:02.910 E/[GH_ROMAII_SENSOR_HOOK]( 8987): [gh30x_int_msg_handler] exit
09-03 11:34:02.910 E/[GH_I2C_BUS]( 8987): start gh_dev_wait_irq
09-03 11:34:03.650 D/LIBGPS  (  647): watchdog_open PowerState:GE2 CP IDLED readcount:800842
09-03 11:34:03.650 D/LIBGPS  (  647): libgps monitor, idltime =286 second
09-03 11:34:03.650 D/LIBGPS  (  647): pid =647, ppid =231,tid =1026
09-03 11:34:03.650 D/LIBGPS  (  647): pid =647, ppid =231,tid =1026
09-03 11:34:03.650 D/LIBGPS  (  647): gps_sendHeartTest HeartCount =1
09-03 11:34:03.650 D/LIBGPS  (  647): &&& GPS_HeartCountRsp  HeartCount 0 pid =647,ppid =231
09-03 11:34:03.710 D/WCND    (  217): is_cp2_alive_ok: open polling interface: /proc/mdbg/loopcheck, fd = 17
09-03 11:34:03.810 D/WCND    (  217): is_cp2_alive_ok: loop: /proc/mdbg/loopcheck is OK
09-03 11:34:03.870 E/[GH_I2C_BUS]( 8987): GH end gh_dev_wait_irq 0
09-03 11:34:03.870 E/[GH_ROMAII_SENSOR_HOOK]( 8987): [gh30x_int_msg_handler] enter
09-03 11:34:03.870 E/[GH_ROMAII_SENSOR_HOOK]( 8987): [gh30x_int_msg_handler] gh30x_irq_status:2， type:INT_STATUS_FIFO_WATERMARK
09-03 11:34:03.870 E/[GH_ROMAII_SENSOR_HOOK]( 8987): [gh30x_int_msg_handler] gh30x_adt_working_flag:0
09-03 11:34:03.870 E/[GH_ROMAII_SENSOR_HOOK]( 8987): [gh30x_fifo_evt_handler] enter
09-03 11:34:03.870 E/[GH_ROMAII_SENSOR_HOOK]( 8987): got gh30x fifo evt, func[RUN_MODE_SPO2_DET]
09-03 11:34:03.870 E/[GH_I2C_BUS]( 8987): gh_dev_get_acc_buffer len 39 ret 0
09-03 11:34:03.870 E/[GH_ROMAII_SENSOR_HOOK]( 8987): gsensor_drv_get_fifo_data len 39 
09-03 11:34:03.870 E/[GH_ROMAII_SENSOR_HOOK]( 8987): [gh30x_fifo_evt_spo2_mode_calc] enter
09-03 11:34:03.890 E/[GH_ROMAII_SENSOR_HOOK]( 8987): [handle_spo2_mode_result] enter
09-03 11:34:03.890 E/[GH_ROMAII_SENSOR_HOOK]( 8987): GH_3011 spo2_result : 98 , lvl 67 , hb 54, lvl56 , wearing 1
09-03 11:34:03.900 E/[GH_I2C_BUS]( 8987): gh_dev_report_key 1, weared 1 ,ppg 54 ,spo2 98 ,ret 0
09-03 11:34:03.900 E/[GH_ROMAII_SENSOR_HOOK]( 8987): [handle_spo2_mode_result] exit
09-03 11:34:03.900 E/[GH_ROMAII_SENSOR_HOOK]( 8987): spo2 calc, gs_len=39, result=98,67,54,56,1020,760,0,0,40,2,5550,1
09-03 11:34:03.900 E/[GH_ROMAII_SENSOR_HOOK]( 8987): [gh30x_fifo_evt_spo2_mode_calc] wearing_state:1
09-03 11:34:03.900 E/[GH_ROMAII_SENSOR_HOOK]( 8987): [gh30x_fifo_evt_spo2_mode_calc] not unwear state
09-03 11:34:03.900 E/[GH_ROMAII_SENSOR_HOOK]( 8987): [gh30x_fifo_evt_spo2_mode_calc] exit
09-03 11:34:03.900 E/[GH_ROMAII_SENSOR_HOOK]( 8987): [gh30x_fifo_evt_handler] exit
09-03 11:34:03.900 E/[GH_ROMAII_SENSOR_HOOK]( 8987): [gh30x_int_msg_handler] exit
09-03 11:34:03.900 E/[GH_I2C_BUS]( 8987): start gh_dev_wait_irq
09-03 11:34:04.870 E/[GH_I2C_BUS]( 8987): GH end gh_dev_wait_irq 0
09-03 11:34:04.870 E/[GH_ROMAII_SENSOR_HOOK]( 8987): [gh30x_int_msg_handler] enter
09-03 11:34:04.870 E/[GH_ROMAII_SENSOR_HOOK]( 8987): [gh30x_int_msg_handler] gh30x_irq_status:2， type:INT_STATUS_FIFO_WATERMARK
09-03 11:34:04.870 E/[GH_ROMAII_SENSOR_HOOK]( 8987): [gh30x_int_msg_handler] gh30x_adt_working_flag:0
09-03 11:34:04.870 E/[GH_ROMAII_SENSOR_HOOK]( 8987): [gh30x_fifo_evt_handler] enter
09-03 11:34:04.870 E/[GH_ROMAII_SENSOR_HOOK]( 8987): got gh30x fifo evt, func[RUN_MODE_SPO2_DET]
09-03 11:34:04.870 E/[GH_I2C_BUS]( 8987): gh_dev_get_acc_buffer len 40 ret 0
09-03 11:34:04.870 E/[GH_ROMAII_SENSOR_HOOK]( 8987): gsensor_drv_get_fifo_data len 40 
09-03 11:34:04.870 E/[GH_ROMAII_SENSOR_HOOK]( 8987): [gh30x_fifo_evt_spo2_mode_calc] enter
09-03 11:34:04.890 E/[GH_ROMAII_SENSOR_HOOK]( 8987): [handle_spo2_mode_result] enter
09-03 11:34:04.890 E/[GH_ROMAII_SENSOR_HOOK]( 8987): GH_3011 spo2_result : 98 , lvl 62 , hb 54, lvl56 , wearing 1
09-03 11:34:04.910 W/WindowManager(  647): Focused window stay null too long, have a update!
09-03 11:34:04.910 V/WindowManager(  647): Looking for focus: 1 = Window{41b914a8 u0 KeyguardScrim} = null, flags=1116416, canReceive=false mViewVisibility=8 mHasSurface=false
09-03 11:34:04.910 V/WindowManager(  647): Looking for focus: 0 = Window{4191a5c0 u0 com.android.systemui.ImageWallpaper} = null, flags=792, canReceive=false mViewVisibility=0 mHasSurface=true
09-03 11:34:04.910 E/[GH_I2C_BUS]( 8987): gh_dev_report_key 1, weared 1 ,ppg 54 ,spo2 98 ,ret 0
09-03 11:34:04.910 E/[GH_ROMAII_SENSOR_HOOK]( 8987): [handle_spo2_mode_result] exit
09-03 11:34:04.910 E/[GH_ROMAII_SENSOR_HOOK]( 8987): spo2 calc, gs_len=40, result=98,62,54,56,582,582,0,0,40,2,5550,1
09-03 11:34:04.910 E/[GH_ROMAII_SENSOR_HOOK]( 8987): [gh30x_fifo_evt_spo2_mode_calc] wearing_state:1
09-03 11:34:04.910 E/[GH_ROMAII_SENSOR_HOOK]( 8987): [gh30x_fifo_evt_spo2_mode_calc] not unwear state
09-03 11:34:04.910 E/[GH_ROMAII_SENSOR_HOOK]( 8987): [gh30x_fifo_evt_spo2_mode_calc] exit
09-03 11:34:04.910 E/[GH_ROMAII_SENSOR_HOOK]( 8987): [gh30x_fifo_evt_handler] exit
09-03 11:34:04.910 E/[GH_ROMAII_SENSOR_HOOK]( 8987): [gh30x_int_msg_handler] exit
09-03 11:34:04.910 E/[GH_I2C_BUS]( 8987): start gh_dev_wait_irq
09-03 11:34:04.910 V/WindowManager(  647): findFocusedWindow: No focusable windows.
09-03 11:34:05.660 D/LIBGPS  (  647): watchdog_open PowerState:GE2 CP IDLED readcount:800843
09-03 11:34:05.660 D/LIBGPS  (  647): libgps monitor, idltime =288 second
09-03 11:34:05.660 D/LIBGPS  (  647): pid =647, ppid =231,tid =1026
09-03 11:34:05.660 D/LIBGPS  (  647): pid =647, ppid =231,tid =1026
09-03 11:34:05.660 D/LIBGPS  (  647): &&& GPS_HeartCountRsp  HeartCount 0 pid =647,ppid =231
09-03 11:34:05.660 D/LIBGPS  (  647): gps_sendHeartTest HeartCount =0
09-03 11:34:05.870 E/[GH_I2C_BUS]( 8987): GH end gh_dev_wait_irq 0
09-03 11:34:05.870 E/[GH_ROMAII_SENSOR_HOOK]( 8987): [gh30x_int_msg_handler] enter
09-03 11:34:05.870 E/[GH_ROMAII_SENSOR_HOOK]( 8987): [gh30x_int_msg_handler] gh30x_irq_status:2， type:INT_STATUS_FIFO_WATERMARK
09-03 11:34:05.870 E/[GH_ROMAII_SENSOR_HOOK]( 8987): [gh30x_int_msg_handler] gh30x_adt_working_flag:0
09-03 11:34:05.870 E/[GH_ROMAII_SENSOR_HOOK]( 8987): [gh30x_fifo_evt_handler] enter
09-03 11:34:05.870 E/[GH_ROMAII_SENSOR_HOOK]( 8987): got gh30x fifo evt, func[RUN_MODE_SPO2_DET]
09-03 11:34:05.870 E/[GH_I2C_BUS]( 8987): gh_dev_get_acc_buffer len 40 ret 0
09-03 11:34:05.870 E/[GH_ROMAII_SENSOR_HOOK]( 8987): gsensor_drv_get_fifo_data len 40 
09-03 11:34:05.880 E/[GH_ROMAII_SENSOR_HOOK]( 8987): [gh30x_fifo_evt_spo2_mode_calc] enter
09-03 11:34:05.900 E/[GH_ROMAII_SENSOR_HOOK]( 8987): [handle_spo2_mode_result] enter
09-03 11:34:05.900 E/[GH_ROMAII_SENSOR_HOOK]( 8987): GH_3011 spo2_result : 98 , lvl 55 , hb 54, lvl56 , wearing 1
09-03 11:34:05.910 E/[GH_I2C_BUS]( 8987): gh_dev_report_key 1, weared 1 ,ppg 54 ,spo2 98 ,ret 0
09-03 11:34:05.910 E/[GH_ROMAII_SENSOR_HOOK]( 8987): [handle_spo2_mode_result] exit
09-03 11:34:05.910 E/[GH_ROMAII_SENSOR_HOOK]( 8987): spo2 calc, gs_len=40, result=98,55,54,56,582,582,582,0,40,3,5550,1
09-03 11:34:05.910 E/[GH_ROMAII_SENSOR_HOOK]( 8987): [gh30x_fifo_evt_spo2_mode_calc] wearing_state:1
09-03 11:34:05.910 E/[GH_ROMAII_SENSOR_HOOK]( 8987): [gh30x_fifo_evt_spo2_mode_calc] not unwear state
09-03 11:34:05.910 E/[GH_ROMAII_SENSOR_HOOK]( 8987): [gh30x_fifo_evt_spo2_mode_calc] exit
09-03 11:34:05.910 E/[GH_ROMAII_SENSOR_HOOK]( 8987): [gh30x_fifo_evt_handler] exit
09-03 11:34:05.910 E/[GH_ROMAII_SENSOR_HOOK]( 8987): [gh30x_int_msg_handler] exit
09-03 11:34:05.910 E/[GH_I2C_BUS]( 8987): start gh_dev_wait_irq
09-03 11:34:06.880 E/[GH_I2C_BUS]( 8987): GH end gh_dev_wait_irq 0
09-03 11:34:06.880 E/[GH_ROMAII_SENSOR_HOOK]( 8987): [gh30x_int_msg_handler] enter
09-03 11:34:06.880 E/[GH_ROMAII_SENSOR_HOOK]( 8987): [gh30x_int_msg_handler] gh30x_irq_status:2， type:INT_STATUS_FIFO_WATERMARK
09-03 11:34:06.880 E/[GH_ROMAII_SENSOR_HOOK]( 8987): [gh30x_int_msg_handler] gh30x_adt_working_flag:0
09-03 11:34:06.880 E/[GH_ROMAII_SENSOR_HOOK]( 8987): [gh30x_fifo_evt_handler] enter
09-03 11:34:06.880 E/[GH_ROMAII_SENSOR_HOOK]( 8987): got gh30x fifo evt, func[RUN_MODE_SPO2_DET]
09-03 11:34:06.880 E/[GH_I2C_BUS]( 8987): gh_dev_get_acc_buffer len 40 ret 0
09-03 11:34:06.880 E/[GH_ROMAII_SENSOR_HOOK]( 8987): gsensor_drv_get_fifo_data len 40 
09-03 11:34:06.880 E/[GH_ROMAII_SENSOR_HOOK]( 8987): [gh30x_fifo_evt_spo2_mode_calc] enter
09-03 11:34:06.900 E/[GH_ROMAII_SENSOR_HOOK]( 8987): [handle_spo2_mode_result] enter
09-03 11:34:06.900 E/[GH_ROMAII_SENSOR_HOOK]( 8987): GH_3011 spo2_result : 98 , lvl 53 , hb 54, lvl56 , wearing 1
09-03 11:34:06.920 E/[GH_I2C_BUS]( 8987): gh_dev_report_key 1, weared 1 ,ppg 54 ,spo2 98 ,ret 0
09-03 11:34:06.920 E/[GH_ROMAII_SENSOR_HOOK]( 8987): [handle_spo2_mode_result] exit
09-03 11:34:06.920 E/[GH_ROMAII_SENSOR_HOOK]( 8987): spo2 calc, gs_len=40, result=98,53,54,56,582,582,582,0,40,3,5550,1
09-03 11:34:06.920 E/[GH_ROMAII_SENSOR_HOOK]( 8987): [gh30x_fifo_evt_spo2_mode_calc] wearing_state:1
09-03 11:34:06.920 E/[GH_ROMAII_SENSOR_HOOK]( 8987): [gh30x_fifo_evt_spo2_mode_calc] not unwear state
09-03 11:34:06.920 E/[GH_ROMAII_SENSOR_HOOK]( 8987): [gh30x_fifo_evt_spo2_mode_calc] exit
09-03 11:34:06.920 E/[GH_ROMAII_SENSOR_HOOK]( 8987): [gh30x_fifo_evt_handler] exit
09-03 11:34:06.920 E/[GH_ROMAII_SENSOR_HOOK]( 8987): [gh30x_int_msg_handler] exit
09-03 11:34:06.920 E/[GH_I2C_BUS]( 8987): start gh_dev_wait_irq
09-03 11:34:07.660 D/LIBGPS  (  647): watchdog_open PowerState:GE2 CP IDLED readcount:800844
09-03 11:34:07.660 D/LIBGPS  (  647): libgps monitor, idltime =290 second
09-03 11:34:07.660 D/LIBGPS  (  647): pid =647, ppid =231,tid =1026
09-03 11:34:07.660 D/LIBGPS  (  647): pid =647, ppid =231,tid =1026
09-03 11:34:07.660 D/LIBGPS  (  647): gps_sendHeartTest HeartCount =1
09-03 11:34:07.660 D/LIBGPS  (  647): gnss_countdebug, type 2, cnt 0x37a7, value 0x2a, scnt 0xd21e
09-03 11:34:07.660 D/LIBGPS  (  647): gnss_countdebug, type 1, cnt 0xef2e, value 0xaaaa, scnt 0x0
09-03 11:34:07.660 D/LIBGPS  (  647): &&& GPS_HeartCountRsp  HeartCount 0 pid =647,ppid =231
09-03 11:34:07.660 E/LIBGPS  (  647): read socet_client error: Try again
09-03 11:34:07.880 E/[GH_I2C_BUS]( 8987): GH end gh_dev_wait_irq 0
09-03 11:34:07.880 E/[GH_ROMAII_SENSOR_HOOK]( 8987): [gh30x_int_msg_handler] enter
09-03 11:34:07.880 E/[GH_ROMAII_SENSOR_HOOK]( 8987): [gh30x_int_msg_handler] gh30x_irq_status:2， type:INT_STATUS_FIFO_WATERMARK
09-03 11:34:07.880 E/[GH_ROMAII_SENSOR_HOOK]( 8987): [gh30x_int_msg_handler] gh30x_adt_working_flag:0
09-03 11:34:07.880 E/[GH_ROMAII_SENSOR_HOOK]( 8987): [gh30x_fifo_evt_handler] enter
09-03 11:34:07.880 E/[GH_ROMAII_SENSOR_HOOK]( 8987): got gh30x fifo evt, func[RUN_MODE_SPO2_DET]
09-03 11:34:07.880 E/[GH_I2C_BUS]( 8987): gh_dev_get_acc_buffer len 39 ret 0
09-03 11:34:07.880 E/[GH_ROMAII_SENSOR_HOOK]( 8987): gsensor_drv_get_fifo_data len 39 
09-03 11:34:07.880 E/[GH_ROMAII_SENSOR_HOOK]( 8987): [gh30x_fifo_evt_spo2_mode_calc] enter
09-03 11:34:07.900 E/[GH_ROMAII_SENSOR_HOOK]( 8987): [handle_spo2_mode_result] enter
09-03 11:34:07.900 E/[GH_ROMAII_SENSOR_HOOK]( 8987): GH_3011 spo2_result : 98 , lvl 53 , hb 54, lvl56 , wearing 1
09-03 11:34:07.910 W/WindowManager(  647): Focused window stay null too long, have a update!
09-03 11:34:07.910 V/WindowManager(  647): Looking for focus: 1 = Window{41b914a8 u0 KeyguardScrim} = null, flags=1116416, canReceive=false mViewVisibility=8 mHasSurface=false
09-03 11:34:07.910 V/WindowManager(  647): Looking for focus: 0 = Window{4191a5c0 u0 com.android.systemui.ImageWallpaper} = null, flags=792, canReceive=false mViewVisibility=0 mHasSurface=true
09-03 11:34:07.910 V/WindowManager(  647): findFocusedWindow: No focusable windows.
09-03 11:34:07.920 E/[GH_I2C_BUS]( 8987): gh_dev_report_key 1, weared 1 ,ppg 54 ,spo2 98 ,ret 0
09-03 11:34:07.920 E/[GH_ROMAII_SENSOR_HOOK]( 8987): [handle_spo2_mode_result] exit
09-03 11:34:07.920 E/[GH_ROMAII_SENSOR_HOOK]( 8987): spo2 calc, gs_len=39, result=98,53,54,56,1130,582,0,0,40,2,5550,1
09-03 11:34:07.920 E/[GH_ROMAII_SENSOR_HOOK]( 8987): [gh30x_fifo_evt_spo2_mode_calc] wearing_state:1
09-03 11:34:07.920 E/[GH_ROMAII_SENSOR_HOOK]( 8987): [gh30x_fifo_evt_spo2_mode_calc] not unwear state
09-03 11:34:07.920 E/[GH_ROMAII_SENSOR_HOOK]( 8987): [gh30x_fifo_evt_spo2_mode_calc] exit
09-03 11:34:07.920 E/[GH_ROMAII_SENSOR_HOOK]( 8987): [gh30x_fifo_evt_handler] exit
09-03 11:34:07.920 E/[GH_ROMAII_SENSOR_HOOK]( 8987): [gh30x_int_msg_handler] exit
09-03 11:34:07.920 E/[GH_I2C_BUS]( 8987): start gh_dev_wait_irq
09-03 11:34:08.810 D/WCND    (  217): is_cp2_alive_ok: open polling interface: /proc/mdbg/loopcheck, fd = 17
09-03 11:34:08.890 E/[GH_I2C_BUS]( 8987): GH end gh_dev_wait_irq 0
09-03 11:34:08.890 E/[GH_ROMAII_SENSOR_HOOK]( 8987): [gh30x_int_msg_handler] enter
09-03 11:34:08.890 E/[GH_ROMAII_SENSOR_HOOK]( 8987): [gh30x_int_msg_handler] gh30x_irq_status:2， type:INT_STATUS_FIFO_WATERMARK
09-03 11:34:08.890 E/[GH_ROMAII_SENSOR_HOOK]( 8987): [gh30x_int_msg_handler] gh30x_adt_working_flag:0
09-03 11:34:08.890 E/[GH_ROMAII_SENSOR_HOOK]( 8987): [gh30x_fifo_evt_handler] enter
09-03 11:34:08.890 E/[GH_ROMAII_SENSOR_HOOK]( 8987): got gh30x fifo evt, func[RUN_MODE_SPO2_DET]
09-03 11:34:08.890 E/[GH_I2C_BUS]( 8987): gh_dev_get_acc_buffer len 40 ret 0
09-03 11:34:08.890 E/[GH_ROMAII_SENSOR_HOOK]( 8987): gsensor_drv_get_fifo_data len 40 
09-03 11:34:08.890 E/[GH_ROMAII_SENSOR_HOOK]( 8987): [gh30x_fifo_evt_spo2_mode_calc] enter
09-03 11:34:08.910 E/[GH_ROMAII_SENSOR_HOOK]( 8987): [handle_spo2_mode_result] enter
09-03 11:34:08.910 E/[GH_ROMAII_SENSOR_HOOK]( 8987): GH_3011 spo2_result : 98 , lvl 55 , hb 54, lvl56 , wearing 1
09-03 11:34:08.910 D/WCND    (  217): is_cp2_alive_ok: loop: /proc/mdbg/loopcheck is OK
09-03 11:34:08.920 E/[GH_I2C_BUS]( 8987): gh_dev_report_key 1, weared 1 ,ppg 54 ,spo2 98 ,ret 0
09-03 11:34:08.920 E/[GH_ROMAII_SENSOR_HOOK]( 8987): [handle_spo2_mode_result] exit
09-03 11:34:08.920 E/[GH_ROMAII_SENSOR_HOOK]( 8987): spo2 calc, gs_len=40, result=98,55,54,56,575,960,0,0,40,2,5550,1
09-03 11:34:08.920 E/[GH_ROMAII_SENSOR_HOOK]( 8987): [gh30x_fifo_evt_spo2_mode_calc] wearing_state:1
09-03 11:34:08.920 E/[GH_ROMAII_SENSOR_HOOK]( 8987): [gh30x_fifo_evt_spo2_mode_calc] not unwear state
09-03 11:34:08.920 E/[GH_ROMAII_SENSOR_HOOK]( 8987): [gh30x_fifo_evt_spo2_mode_calc] exit
09-03 11:34:08.920 E/[GH_ROMAII_SENSOR_HOOK]( 8987): [gh30x_fifo_evt_handler] exit
09-03 11:34:08.920 E/[GH_ROMAII_SENSOR_HOOK]( 8987): [gh30x_int_msg_handler] exit
09-03 11:34:08.920 E/[GH_I2C_BUS]( 8987): start gh_dev_wait_irq
09-03 11:34:09.650 D/LIBGPS  (  647): watchdog_open PowerState:GE2 CP IDLED readcount:800845
09-03 11:34:09.650 D/LIBGPS  (  647): libgps monitor, idltime =292 second
09-03 11:34:09.650 D/LIBGPS  (  647): pid =647, ppid =231,tid =1026
09-03 11:34:09.650 D/LIBGPS  (  647): pid =647, ppid =231,tid =1026
09-03 11:34:09.650 D/LIBGPS  (  647): gps_sendHeartTest HeartCount =1
09-03 11:34:09.650 D/LIBGPS  (  647): &&& GPS_HeartCountRsp  HeartCount 0 pid =647,ppid =231
09-03 11:34:09.890 E/[GH_I2C_BUS]( 8987): GH end gh_dev_wait_irq 0
09-03 11:34:09.890 E/[GH_ROMAII_SENSOR_HOOK]( 8987): [gh30x_int_msg_handler] enter
09-03 11:34:09.890 E/[GH_ROMAII_SENSOR_HOOK]( 8987): [gh30x_int_msg_handler] gh30x_irq_status:2， type:INT_STATUS_FIFO_WATERMARK
09-03 11:34:09.890 E/[GH_ROMAII_SENSOR_HOOK]( 8987): [gh30x_int_msg_handler] gh30x_adt_working_flag:0
09-03 11:34:09.890 E/[GH_ROMAII_SENSOR_HOOK]( 8987): [gh30x_fifo_evt_handler] enter
09-03 11:34:09.890 E/[GH_ROMAII_SENSOR_HOOK]( 8987): got gh30x fifo evt, func[RUN_MODE_SPO2_DET]
09-03 11:34:09.890 E/[GH_I2C_BUS]( 8987): gh_dev_get_acc_buffer len 40 ret 0
09-03 11:34:09.890 E/[GH_ROMAII_SENSOR_HOOK]( 8987): gsensor_drv_get_fifo_data len 40 
09-03 11:34:09.890 E/[GH_ROMAII_SENSOR_HOOK]( 8987): [gh30x_fifo_evt_spo2_mode_calc] enter
09-03 11:34:09.910 E/[GH_ROMAII_SENSOR_HOOK]( 8987): [handle_spo2_mode_result] enter
09-03 11:34:09.910 E/[GH_ROMAII_SENSOR_HOOK]( 8987): GH_3011 spo2_result : 98 , lvl 56 , hb 54, lvl56 , wearing 1
09-03 11:34:09.930 E/[GH_I2C_BUS]( 8987): gh_dev_report_key 1, weared 1 ,ppg 54 ,spo2 98 ,ret 0
09-03 11:34:09.930 E/[GH_ROMAII_SENSOR_HOOK]( 8987): [handle_spo2_mode_result] exit
09-03 11:34:09.930 E/[GH_ROMAII_SENSOR_HOOK]( 8987): spo2 calc, gs_len=40, result=98,56,54,56,575,0,0,0,40,1,5550,1
09-03 11:34:09.930 E/[GH_ROMAII_SENSOR_HOOK]( 8987): [gh30x_fifo_evt_spo2_mode_calc] wearing_state:1
09-03 11:34:09.930 E/[GH_ROMAII_SENSOR_HOOK]( 8987): [gh30x_fifo_evt_spo2_mode_calc] not unwear state
09-03 11:34:09.930 E/[GH_ROMAII_SENSOR_HOOK]( 8987): [gh30x_fifo_evt_spo2_mode_calc] exit
09-03 11:34:09.930 E/[GH_ROMAII_SENSOR_HOOK]( 8987): [gh30x_fifo_evt_handler] exit
09-03 11:34:09.930 E/[GH_ROMAII_SENSOR_HOOK]( 8987): [gh30x_int_msg_handler] exit
09-03 11:34:09.930 E/[GH_I2C_BUS]( 8987): start gh_dev_wait_irq
09-03 11:34:10.900 E/[GH_I2C_BUS]( 8987): GH end gh_dev_wait_irq 0
09-03 11:34:10.900 E/[GH_ROMAII_SENSOR_HOOK]( 8987): [gh30x_int_msg_handler] enter
09-03 11:34:10.900 E/[GH_ROMAII_SENSOR_HOOK]( 8987): [gh30x_int_msg_handler] gh30x_irq_status:2， type:INT_STATUS_FIFO_WATERMARK
09-03 11:34:10.900 E/[GH_ROMAII_SENSOR_HOOK]( 8987): [gh30x_int_msg_handler] gh30x_adt_working_flag:0
09-03 11:34:10.900 E/[GH_ROMAII_SENSOR_HOOK]( 8987): [gh30x_fifo_evt_handler] enter
09-03 11:34:10.900 E/[GH_ROMAII_SENSOR_HOOK]( 8987): got gh30x fifo evt, func[RUN_MODE_SPO2_DET]
09-03 11:34:10.900 E/[GH_I2C_BUS]( 8987): gh_dev_get_acc_buffer len 39 ret 0
09-03 11:34:10.900 E/[GH_ROMAII_SENSOR_HOOK]( 8987): gsensor_drv_get_fifo_data len 39 
09-03 11:34:10.900 E/[GH_ROMAII_SENSOR_HOOK]( 8987): [gh30x_fifo_evt_spo2_mode_calc] enter
09-03 11:34:10.910 W/WindowManager(  647): Focused window stay null too long, have a update!
09-03 11:34:10.910 V/WindowManager(  647): Looking for focus: 1 = Window{41b914a8 u0 KeyguardScrim} = null, flags=1116416, canReceive=false mViewVisibility=8 mHasSurface=false
09-03 11:34:10.910 V/WindowManager(  647): Looking for focus: 0 = Window{4191a5c0 u0 com.android.systemui.ImageWallpaper} = null, flags=792, canReceive=false mViewVisibility=0 mHasSurface=true
09-03 11:34:10.910 E/[GH_ROMAII_SENSOR_HOOK]( 8987): [handle_spo2_mode_result] enter
09-03 11:34:10.910 E/[GH_ROMAII_SENSOR_HOOK]( 8987): GH_3011 spo2_result : 98 , lvl 57 , hb 54, lvl56 , wearing 1
09-03 11:34:10.910 V/WindowManager(  647): findFocusedWindow: No focusable windows.
09-03 11:34:10.920 E/[GH_I2C_BUS]( 8987): gh_dev_report_key 1, weared 1 ,ppg 54 ,spo2 98 ,ret 0
09-03 11:34:10.920 E/[GH_ROMAII_SENSOR_HOOK]( 8987): [handle_spo2_mode_result] exit
09-03 11:34:10.930 E/[GH_ROMAII_SENSOR_HOOK]( 8987): spo2 calc, gs_len=39, result=98,57,54,56,1120,0,0,0,40,1,5550,1
09-03 11:34:10.930 E/[GH_ROMAII_SENSOR_HOOK]( 8987): [gh30x_fifo_evt_spo2_mode_calc] wearing_state:1
09-03 11:34:10.930 E/[GH_ROMAII_SENSOR_HOOK]( 8987): [gh30x_fifo_evt_spo2_mode_calc] not unwear state
09-03 11:34:10.930 E/[GH_ROMAII_SENSOR_HOOK]( 8987): [gh30x_fifo_evt_spo2_mode_calc] exit
09-03 11:34:10.930 E/[GH_ROMAII_SENSOR_HOOK]( 8987): [gh30x_fifo_evt_handler] exit
09-03 11:34:10.930 E/[GH_ROMAII_SENSOR_HOOK]( 8987): [gh30x_int_msg_handler] exit
09-03 11:34:10.930 E/[GH_I2C_BUS]( 8987): start gh_dev_wait_irq
09-03 11:34:11.660 D/LIBGPS  (  647): watchdog_open PowerState:GE2 CP IDLED readcount:800846
09-03 11:34:11.660 D/LIBGPS  (  647): libgps monitor, idltime =294 second
09-03 11:34:11.660 D/LIBGPS  (  647): pid =647, ppid =231,tid =1026
09-03 11:34:11.660 D/LIBGPS  (  647): pid =647, ppid =231,tid =1026
09-03 11:34:11.660 D/LIBGPS  (  647): gps_sendHeartTest HeartCount =1
09-03 11:34:11.660 D/LIBGPS  (  647): &&& GPS_HeartCountRsp  HeartCount 0 pid =647,ppid =231
09-03 11:34:11.890 E/[GH_I2C_BUS]( 8987): GH end gh_dev_wait_irq 0
09-03 11:34:11.890 E/[GH_ROMAII_SENSOR_HOOK]( 8987): [gh30x_int_msg_handler] enter
09-03 11:34:11.890 E/[GH_ROMAII_SENSOR_HOOK]( 8987): [gh30x_int_msg_handler] gh30x_irq_status:2， type:INT_STATUS_FIFO_WATERMARK
09-03 11:34:11.890 E/[GH_ROMAII_SENSOR_HOOK]( 8987): [gh30x_int_msg_handler] gh30x_adt_working_flag:0
09-03 11:34:11.890 E/[GH_ROMAII_SENSOR_HOOK]( 8987): [gh30x_fifo_evt_handler] enter
09-03 11:34:11.890 E/[GH_ROMAII_SENSOR_HOOK]( 8987): got gh30x fifo evt, func[RUN_MODE_SPO2_DET]
09-03 11:34:11.890 E/[GH_I2C_BUS]( 8987): gh_dev_get_acc_buffer len 40 ret 0
09-03 11:34:11.890 E/[GH_ROMAII_SENSOR_HOOK]( 8987): gsensor_drv_get_fifo_data len 40 
09-03 11:34:11.890 E/[GH_ROMAII_SENSOR_HOOK]( 8987): [gh30x_fifo_evt_spo2_mode_calc] enter
09-03 11:34:11.920 E/[GH_ROMAII_SENSOR_HOOK]( 8987): [handle_spo2_mode_result] enter
09-03 11:34:11.920 E/[GH_ROMAII_SENSOR_HOOK]( 8987): GH_3011 spo2_result : 98 , lvl 56 , hb 54, lvl56 , wearing 1
09-03 11:34:11.930 E/[GH_I2C_BUS]( 8987): gh_dev_report_key 1, weared 1 ,ppg 54 ,spo2 98 ,ret 0
09-03 11:34:11.930 E/[GH_ROMAII_SENSOR_HOOK]( 8987): [handle_spo2_mode_result] exit
09-03 11:34:11.930 E/[GH_ROMAII_SENSOR_HOOK]( 8987): spo2 calc, gs_len=40, result=98,56,54,56,1280,0,0,0,40,1,5550,1
09-03 11:34:11.930 E/[GH_ROMAII_SENSOR_HOOK]( 8987): [gh30x_fifo_evt_spo2_mode_calc] wearing_state:1
09-03 11:34:11.930 E/[GH_ROMAII_SENSOR_HOOK]( 8987): [gh30x_fifo_evt_spo2_mode_calc] not unwear state
09-03 11:34:11.930 E/[GH_ROMAII_SENSOR_HOOK]( 8987): [gh30x_fifo_evt_spo2_mode_calc] exit
09-03 11:34:11.930 E/[GH_ROMAII_SENSOR_HOOK]( 8987): [gh30x_fifo_evt_handler] exit
09-03 11:34:11.930 E/[GH_ROMAII_SENSOR_HOOK]( 8987): [gh30x_int_msg_handler] exit
09-03 11:34:11.930 E/[GH_I2C_BUS]( 8987): start gh_dev_wait_irq
09-03 11:34:12.660 E/LIBGPS  (  647): read socet_client error: Try again
09-03 11:34:12.900 E/[GH_I2C_BUS]( 8987): GH end gh_dev_wait_irq 0
09-03 11:34:12.900 E/[GH_ROMAII_SENSOR_HOOK]( 8987): [gh30x_int_msg_handler] enter
09-03 11:34:12.900 E/[GH_ROMAII_SENSOR_HOOK]( 8987): [gh30x_int_msg_handler] gh30x_irq_status:2， type:INT_STATUS_FIFO_WATERMARK
09-03 11:34:12.900 E/[GH_ROMAII_SENSOR_HOOK]( 8987): [gh30x_int_msg_handler] gh30x_adt_working_flag:0
09-03 11:34:12.900 E/[GH_ROMAII_SENSOR_HOOK]( 8987): [gh30x_fifo_evt_handler] enter
09-03 11:34:12.900 E/[GH_ROMAII_SENSOR_HOOK]( 8987): got gh30x fifo evt, func[RUN_MODE_SPO2_DET]
09-03 11:34:12.900 E/[GH_I2C_BUS]( 8987): gh_dev_get_acc_buffer len 39 ret 0
09-03 11:34:12.900 E/[GH_ROMAII_SENSOR_HOOK]( 8987): gsensor_drv_get_fifo_data len 39 
09-03 11:34:12.900 E/[GH_ROMAII_SENSOR_HOOK]( 8987): [gh30x_fifo_evt_spo2_mode_calc] enter
09-03 11:34:12.920 E/[GH_ROMAII_SENSOR_HOOK]( 8987): [handle_spo2_mode_result] enter
09-03 11:34:12.920 E/[GH_ROMAII_SENSOR_HOOK]( 8987): GH_3011 spo2_result : 98 , lvl 56 , hb 54, lvl56 , wearing 1
09-03 11:34:12.940 E/[GH_I2C_BUS]( 8987): gh_dev_report_key 1, weared 1 ,ppg 54 ,spo2 98 ,ret 0
09-03 11:34:12.940 E/[GH_ROMAII_SENSOR_HOOK]( 8987): [handle_spo2_mode_result] exit
09-03 11:34:12.940 E/[GH_ROMAII_SENSOR_HOOK]( 8987): spo2 calc, gs_len=39, result=98,56,54,56,700,0,0,0,40,1,5550,1
09-03 11:34:12.940 E/[GH_ROMAII_SENSOR_HOOK]( 8987): [gh30x_fifo_evt_spo2_mode_calc] wearing_state:1
09-03 11:34:12.940 E/[GH_ROMAII_SENSOR_HOOK]( 8987): [gh30x_fifo_evt_spo2_mode_calc] not unwear state
09-03 11:34:12.940 E/[GH_ROMAII_SENSOR_HOOK]( 8987): [gh30x_fifo_evt_spo2_mode_calc] exit
09-03 11:34:12.940 E/[GH_ROMAII_SENSOR_HOOK]( 8987): [gh30x_fifo_evt_handler] exit
09-03 11:34:12.940 E/[GH_ROMAII_SENSOR_HOOK]( 8987): [gh30x_int_msg_handler] exit
09-03 11:34:12.940 E/[GH_I2C_BUS]( 8987): start gh_dev_wait_irq
09-03 11:34:13.660 D/LIBGPS  (  647): watchdog_open PowerState:GE2 CP IDLED readcount:800847
09-03 11:34:13.660 D/LIBGPS  (  647): libgps monitor, idltime =296 second
09-03 11:34:13.660 D/LIBGPS  (  647): pid =647, ppid =231,tid =1026
09-03 11:34:13.660 D/LIBGPS  (  647): pid =647, ppid =231,tid =1026
09-03 11:34:13.660 D/LIBGPS  (  647): gps_sendHeartTest HeartCount =1
09-03 11:34:13.660 D/LIBGPS  (  647): &&& GPS_HeartCountRsp  HeartCount 0 pid =647,ppid =231
09-03 11:34:13.900 E/[GH_I2C_BUS]( 8987): GH end gh_dev_wait_irq 0
09-03 11:34:13.900 E/[GH_ROMAII_SENSOR_HOOK]( 8987): [gh30x_int_msg_handler] enter
09-03 11:34:13.900 E/[GH_ROMAII_SENSOR_HOOK]( 8987): [gh30x_int_msg_handler] gh30x_irq_status:2， type:INT_STATUS_FIFO_WATERMARK
09-03 11:34:13.900 E/[GH_ROMAII_SENSOR_HOOK]( 8987): [gh30x_int_msg_handler] gh30x_adt_working_flag:0
09-03 11:34:13.900 E/[GH_ROMAII_SENSOR_HOOK]( 8987): [gh30x_fifo_evt_handler] enter
09-03 11:34:13.900 E/[GH_ROMAII_SENSOR_HOOK]( 8987): got gh30x fifo evt, func[RUN_MODE_SPO2_DET]
09-03 11:34:13.900 E/[GH_I2C_BUS]( 8987): gh_dev_get_acc_buffer len 40 ret 0
09-03 11:34:13.900 E/[GH_ROMAII_SENSOR_HOOK]( 8987): gsensor_drv_get_fifo_data len 40 
09-03 11:34:13.900 E/[GH_ROMAII_SENSOR_HOOK]( 8987): [gh30x_fifo_evt_spo2_mode_calc] enter
09-03 11:34:13.920 D/WCND    (  217): is_cp2_alive_ok: open polling interface: /proc/mdbg/loopcheck, fd = 17
09-03 11:34:13.920 W/WindowManager(  647): Focused window stay null too long, have a update!
09-03 11:34:13.920 V/WindowManager(  647): Looking for focus: 1 = Window{41b914a8 u0 KeyguardScrim} = null, flags=1116416, canReceive=false mViewVisibility=8 mHasSurface=false
09-03 11:34:13.920 V/WindowManager(  647): Looking for focus: 0 = Window{4191a5c0 u0 com.android.systemui.ImageWallpaper} = null, flags=792, canReceive=false mViewVisibility=0 mHasSurface=true
09-03 11:34:13.920 V/WindowManager(  647): findFocusedWindow: No focusable windows.
09-03 11:34:13.920 E/[GH_ROMAII_SENSOR_HOOK]( 8987): [handle_spo2_mode_result] enter
09-03 11:34:13.920 E/[GH_ROMAII_SENSOR_HOOK]( 8987): GH_3011 spo2_result : 98 , lvl 55 , hb 54, lvl56 , wearing 1
09-03 11:34:13.930 E/[GH_I2C_BUS]( 8987): gh_dev_report_key 1, weared 1 ,ppg 54 ,spo2 98 ,ret 0
09-03 11:34:13.930 E/[GH_ROMAII_SENSOR_HOOK]( 8987): [handle_spo2_mode_result] exit
09-03 11:34:13.930 E/[GH_ROMAII_SENSOR_HOOK]( 8987): spo2 calc, gs_len=40, result=98,55,54,56,1020,0,0,0,40,1,5550,1
09-03 11:34:13.940 E/[GH_ROMAII_SENSOR_HOOK]( 8987): [gh30x_fifo_evt_spo2_mode_calc] wearing_state:1
09-03 11:34:13.940 E/[GH_ROMAII_SENSOR_HOOK]( 8987): [gh30x_fifo_evt_spo2_mode_calc] not unwear state
09-03 11:34:13.940 E/[GH_ROMAII_SENSOR_HOOK]( 8987): [gh30x_fifo_evt_spo2_mode_calc] exit
09-03 11:34:13.940 E/[GH_ROMAII_SENSOR_HOOK]( 8987): [gh30x_fifo_evt_handler] exit
09-03 11:34:13.940 E/[GH_ROMAII_SENSOR_HOOK]( 8987): [gh30x_int_msg_handler] exit
09-03 11:34:13.940 E/[GH_I2C_BUS]( 8987): start gh_dev_wait_irq
09-03 11:34:14.020 D/WCND    (  217): is_cp2_alive_ok: loop: /proc/mdbg/loopcheck is OK
09-03 11:34:14.900 E/[GH_I2C_BUS]( 8987): GH end gh_dev_wait_irq 0
09-03 11:34:14.900 E/[GH_ROMAII_SENSOR_HOOK]( 8987): [gh30x_int_msg_handler] enter
09-03 11:34:14.900 E/[GH_ROMAII_SENSOR_HOOK]( 8987): [gh30x_int_msg_handler] gh30x_irq_status:2， type:INT_STATUS_FIFO_WATERMARK
09-03 11:34:14.900 E/[GH_ROMAII_SENSOR_HOOK]( 8987): [gh30x_int_msg_handler] gh30x_adt_working_flag:0
09-03 11:34:14.900 E/[GH_ROMAII_SENSOR_HOOK]( 8987): [gh30x_fifo_evt_handler] enter
09-03 11:34:14.900 E/[GH_ROMAII_SENSOR_HOOK]( 8987): got gh30x fifo evt, func[RUN_MODE_SPO2_DET]
09-03 11:34:14.900 E/[GH_I2C_BUS]( 8987): gh_dev_get_acc_buffer len 40 ret 0
09-03 11:34:14.900 E/[GH_ROMAII_SENSOR_HOOK]( 8987): gsensor_drv_get_fifo_data len 40 
09-03 11:34:14.900 E/[GH_ROMAII_SENSOR_HOOK]( 8987): [gh30x_fifo_evt_spo2_mode_calc] enter
09-03 11:34:14.930 E/[GH_ROMAII_SENSOR_HOOK]( 8987): [handle_spo2_mode_result] enter
09-03 11:34:14.930 E/[GH_ROMAII_SENSOR_HOOK]( 8987): GH_3011 spo2_result : 98 , lvl 55 , hb 54, lvl56 , wearing 1
09-03 11:34:14.940 E/[GH_I2C_BUS]( 8987): gh_dev_report_key 1, weared 1 ,ppg 54 ,spo2 98 ,ret 0
09-03 11:34:14.940 E/[GH_ROMAII_SENSOR_HOOK]( 8987): [handle_spo2_mode_result] exit
09-03 11:34:14.940 E/[GH_ROMAII_SENSOR_HOOK]( 8987): spo2 calc, gs_len=40, result=98,55,54,56,940,579,0,0,40,2,5550,1
09-03 11:34:14.940 E/[GH_ROMAII_SENSOR_HOOK]( 8987): [gh30x_fifo_evt_spo2_mode_calc] wearing_state:1
09-03 11:34:14.940 E/[GH_ROMAII_SENSOR_HOOK]( 8987): [gh30x_fifo_evt_spo2_mode_calc] not unwear state
09-03 11:34:14.940 E/[GH_ROMAII_SENSOR_HOOK]( 8987): [gh30x_fifo_evt_spo2_mode_calc] exit
09-03 11:34:14.940 E/[GH_ROMAII_SENSOR_HOOK]( 8987): [gh30x_fifo_evt_handler] exit
09-03 11:34:14.940 E/[GH_ROMAII_SENSOR_HOOK]( 8987): [gh30x_int_msg_handler] exit
09-03 11:34:14.940 E/[GH_I2C_BUS]( 8987): start gh_dev_wait_irq
09-03 11:34:15.660 D/LIBGPS  (  647): watchdog_open PowerState:GE2 CP IDLED readcount:800848
09-03 11:34:15.660 D/LIBGPS  (  647): libgps monitor, idltime =298 second
09-03 11:34:15.660 D/LIBGPS  (  647): pid =647, ppid =231,tid =1026
09-03 11:34:15.660 D/LIBGPS  (  647): pid =647, ppid =231,tid =1026
09-03 11:34:15.660 D/LIBGPS  (  647): gps_sendHeartTest HeartCount =1
09-03 11:34:15.660 D/LIBGPS  (  647): &&& GPS_HeartCountRsp  HeartCount 0 pid =647,ppid =231
09-03 11:34:15.920 E/[GH_I2C_BUS]( 8987): GH end gh_dev_wait_irq 0
09-03 11:34:15.920 E/[GH_ROMAII_SENSOR_HOOK]( 8987): [gh30x_int_msg_handler] enter
09-03 11:34:15.920 E/[GH_ROMAII_SENSOR_HOOK]( 8987): [gh30x_int_msg_handler] gh30x_irq_status:2， type:INT_STATUS_FIFO_WATERMARK
09-03 11:34:15.920 E/[GH_ROMAII_SENSOR_HOOK]( 8987): [gh30x_int_msg_handler] gh30x_adt_working_flag:0
09-03 11:34:15.920 E/[GH_ROMAII_SENSOR_HOOK]( 8987): [gh30x_fifo_evt_handler] enter
09-03 11:34:15.920 E/[GH_ROMAII_SENSOR_HOOK]( 8987): got gh30x fifo evt, func[RUN_MODE_SPO2_DET]
09-03 11:34:15.920 E/[GH_I2C_BUS]( 8987): gh_dev_get_acc_buffer len 39 ret 0
09-03 11:34:15.920 E/[GH_ROMAII_SENSOR_HOOK]( 8987): gsensor_drv_get_fifo_data len 39 
09-03 11:34:15.920 E/[GH_ROMAII_SENSOR_HOOK]( 8987): [gh30x_fifo_evt_spo2_mode_calc] enter
09-03 11:34:15.930 E/[GH_ROMAII_SENSOR_HOOK]( 8987): [handle_spo2_mode_result] enter
09-03 11:34:15.930 E/[GH_ROMAII_SENSOR_HOOK]( 8987): GH_3011 spo2_result : 98 , lvl 55 , hb 54, lvl56 , wearing 1
09-03 11:34:15.950 E/[GH_I2C_BUS]( 8987): gh_dev_report_key 1, weared 1 ,ppg 54 ,spo2 98 ,ret 0
09-03 11:34:15.950 E/[GH_ROMAII_SENSOR_HOOK]( 8987): [handle_spo2_mode_result] exit
09-03 11:34:15.950 E/[GH_ROMAII_SENSOR_HOOK]( 8987): spo2 calc, gs_len=39, result=98,55,54,56,579,579,0,0,40,2,5550,1
09-03 11:34:15.950 E/[GH_ROMAII_SENSOR_HOOK]( 8987): [gh30x_fifo_evt_spo2_mode_calc] wearing_state:1
09-03 11:34:15.950 E/[GH_ROMAII_SENSOR_HOOK]( 8987): [gh30x_fifo_evt_spo2_mode_calc] not unwear state
09-03 11:34:15.950 E/[GH_ROMAII_SENSOR_HOOK]( 8987): [gh30x_fifo_evt_spo2_mode_calc] exit
09-03 11:34:15.950 E/[GH_ROMAII_SENSOR_HOOK]( 8987): [gh30x_fifo_evt_handler] exit
09-03 11:34:15.950 E/[GH_ROMAII_SENSOR_HOOK]( 8987): [gh30x_int_msg_handler] exit
09-03 11:34:15.950 E/[GH_I2C_BUS]( 8987): start gh_dev_wait_irq
09-03 11:34:16.910 E/[GH_I2C_BUS]( 8987): GH end gh_dev_wait_irq 0
09-03 11:34:16.910 E/[GH_ROMAII_SENSOR_HOOK]( 8987): [gh30x_int_msg_handler] enter
09-03 11:34:16.910 E/[GH_ROMAII_SENSOR_HOOK]( 8987): [gh30x_int_msg_handler] gh30x_irq_status:2， type:INT_STATUS_FIFO_WATERMARK
09-03 11:34:16.910 E/[GH_ROMAII_SENSOR_HOOK]( 8987): [gh30x_int_msg_handler] gh30x_adt_working_flag:0
09-03 11:34:16.910 E/[GH_ROMAII_SENSOR_HOOK]( 8987): [gh30x_fifo_evt_handler] enter
09-03 11:34:16.910 E/[GH_ROMAII_SENSOR_HOOK]( 8987): got gh30x fifo evt, func[RUN_MODE_SPO2_DET]
09-03 11:34:16.910 E/[GH_I2C_BUS]( 8987): gh_dev_get_acc_buffer len 40 ret 0
09-03 11:34:16.910 E/[GH_ROMAII_SENSOR_HOOK]( 8987): gsensor_drv_get_fifo_data len 40 
09-03 11:34:16.910 E/[GH_ROMAII_SENSOR_HOOK]( 8987): [gh30x_fifo_evt_spo2_mode_calc] enter
09-03 11:34:16.920 W/WindowManager(  647): Focused window stay null too long, have a update!
09-03 11:34:16.920 V/WindowManager(  647): Looking for focus: 1 = Window{41b914a8 u0 KeyguardScrim} = null, flags=1116416, canReceive=false mViewVisibility=8 mHasSurface=false
09-03 11:34:16.920 V/WindowManager(  647): Looking for focus: 0 = Window{4191a5c0 u0 com.android.systemui.ImageWallpaper} = null, flags=792, canReceive=false mViewVisibility=0 mHasSurface=true
09-03 11:34:16.920 V/WindowManager(  647): findFocusedWindow: No focusable windows.
09-03 11:34:16.930 E/[GH_ROMAII_SENSOR_HOOK]( 8987): [handle_spo2_mode_result] enter
09-03 11:34:16.930 E/[GH_ROMAII_SENSOR_HOOK]( 8987): GH_3011 spo2_result : 98 , lvl 54 , hb 54, lvl56 , wearing 1
09-03 11:34:16.950 E/[GH_I2C_BUS]( 8987): gh_dev_report_key 1, weared 1 ,ppg 54 ,spo2 98 ,ret 0
09-03 11:34:16.950 E/[GH_ROMAII_SENSOR_HOOK]( 8987): [handle_spo2_mode_result] exit
09-03 11:34:16.950 E/[GH_ROMAII_SENSOR_HOOK]( 8987): spo2 calc, gs_len=40, result=98,54,54,56,579,579,580,0,40,3,5550,1
09-03 11:34:16.950 E/[GH_ROMAII_SENSOR_HOOK]( 8987): [gh30x_fifo_evt_spo2_mode_calc] wearing_state:1
09-03 11:34:16.950 E/[GH_ROMAII_SENSOR_HOOK]( 8987): [gh30x_fifo_evt_spo2_mode_calc] not unwear state
09-03 11:34:16.950 E/[GH_ROMAII_SENSOR_HOOK]( 8987): [gh30x_fifo_evt_spo2_mode_calc] exit
09-03 11:34:16.950 E/[GH_ROMAII_SENSOR_HOOK]( 8987): [gh30x_fifo_evt_handler] exit
09-03 11:34:16.950 E/[GH_ROMAII_SENSOR_HOOK]( 8987): [gh30x_int_msg_handler] exit
09-03 11:34:16.950 E/[GH_I2C_BUS]( 8987): start gh_dev_wait_irq
09-03 11:34:17.030 D/Settings(  647): newValuesVersion = 2
09-03 11:34:17.030 D/Settings(  647): mValues.get(name) = null
09-03 11:34:17.030 D/Settings(  647): newValuesVersion = 2
09-03 11:34:17.030 D/Settings(  647): mValues.get(name) = null
09-03 11:34:17.030 D/DeviceStorageMonitorService(  647): freeMem = 1476980736 lastFreeMem = 1477128192
09-03 11:34:17.390 V/Watchdog(  647): **** -1-Watchdog SCHEDULE CHECK HANDLER! ****
09-03 11:34:17.390 V/Watchdog(  647): **** -0- POST CHECHER! foreground thread ****
09-03 11:34:17.390 V/Watchdog(  647): **** -0- NO MONITOR & ISIDLING (main thread) ****
09-03 11:34:17.390 V/Watchdog(  647): **** -0- NO MONITOR & ISIDLING (ui thread) ****
09-03 11:34:17.390 V/Watchdog(  647): **** -0- NO MONITOR & ISIDLING (i/o thread) ****
09-03 11:34:17.390 V/Watchdog(  647): **** -0- NO MONITOR & ISIDLING (ActivityManager) ****
09-03 11:34:17.390 V/Watchdog(  647): **** -0- NO MONITOR & ISIDLING (PackageManager) ****
09-03 11:34:17.390 V/Watchdog(  647): **** -0- NO MONITOR & ISIDLING (PowerManagerService) ****
09-03 11:34:17.390 V/Watchdog(  647): **** -0- NO MONITOR & ISIDLING (WindowManager thread) ****
09-03 11:34:17.390 V/Watchdog(  647): **** -1- CHECK MONITORS BEGIN (foreground thread)! ****
09-03 11:34:17.390 V/Watchdog(  647): **** -2- CHECK MONITORS FINISHED (foreground thread)! ****
09-03 11:34:17.390 V/Watchdog(  647): **** -3- SYNC Watchdog.THIS FINISHED (foreground thread)! ****
09-03 11:34:17.660 E/LIBGPS  (  647): read socet_client error: Try again
09-03 11:34:17.660 D/LIBGPS  (  647): watchdog_open PowerState:GE2 CP IDLED readcount:800849
09-03 11:34:17.660 D/LIBGPS  (  647): libgps monitor, idltime =300 second
09-03 11:34:17.660 D/LIBGPS  (  647): pid =647, ppid =231,tid =1026
09-03 11:34:17.660 D/LIBGPS  (  647): pid =647, ppid =231,tid =1026
09-03 11:34:17.660 D/LIBGPS  (  647): gps_sendHeartTest HeartCount =1
09-03 11:34:17.660 D/LIBGPS  (  647): &&& GPS_HeartCountRsp  HeartCount 0 pid =647,ppid =231
09-03 11:34:17.910 E/[GH_I2C_BUS]( 8987): GH end gh_dev_wait_irq 0
09-03 11:34:17.910 E/[GH_ROMAII_SENSOR_HOOK]( 8987): [gh30x_int_msg_handler] enter
09-03 11:34:17.910 E/[GH_ROMAII_SENSOR_HOOK]( 8987): [gh30x_int_msg_handler] gh30x_irq_status:2， type:INT_STATUS_FIFO_WATERMARK
09-03 11:34:17.910 E/[GH_ROMAII_SENSOR_HOOK]( 8987): [gh30x_int_msg_handler] gh30x_adt_working_flag:0
09-03 11:34:17.910 E/[GH_ROMAII_SENSOR_HOOK]( 8987): [gh30x_fifo_evt_handler] enter
09-03 11:34:17.910 E/[GH_ROMAII_SENSOR_HOOK]( 8987): got gh30x fifo evt, func[RUN_MODE_SPO2_DET]
09-03 11:34:17.910 E/[GH_I2C_BUS]( 8987): gh_dev_get_acc_buffer len 40 ret 0
09-03 11:34:17.910 E/[GH_ROMAII_SENSOR_HOOK]( 8987): gsensor_drv_get_fifo_data len 40 
09-03 11:34:17.920 E/[GH_ROMAII_SENSOR_HOOK]( 8987): [gh30x_fifo_evt_spo2_mode_calc] enter
09-03 11:34:17.940 E/[GH_ROMAII_SENSOR_HOOK]( 8987): [handle_spo2_mode_result] enter
09-03 11:34:17.940 E/[GH_ROMAII_SENSOR_HOOK]( 8987): GH_3011 spo2_result : 98 , lvl 54 , hb 54, lvl56 , wearing 1
09-03 11:34:17.960 E/[GH_I2C_BUS]( 8987): gh_dev_report_key 1, weared 1 ,ppg 54 ,spo2 98 ,ret 0
09-03 11:34:17.960 E/[GH_ROMAII_SENSOR_HOOK]( 8987): [handle_spo2_mode_result] exit
09-03 11:34:17.960 E/[GH_ROMAII_SENSOR_HOOK]( 8987): spo2 calc, gs_len=40, result=98,54,54,56,578,578,0,0,40,2,5550,1
09-03 11:34:17.960 E/[GH_ROMAII_SENSOR_HOOK]( 8987): [gh30x_fifo_evt_spo2_mode_calc] wearing_state:1
09-03 11:34:17.960 E/[GH_ROMAII_SENSOR_HOOK]( 8987): [gh30x_fifo_evt_spo2_mode_calc] not unwear state
09-03 11:34:17.960 E/[GH_ROMAII_SENSOR_HOOK]( 8987): [gh30x_fifo_evt_spo2_mode_calc] exit
09-03 11:34:17.960 E/[GH_ROMAII_SENSOR_HOOK]( 8987): [gh30x_fifo_evt_handler] exit
09-03 11:34:17.960 E/[GH_ROMAII_SENSOR_HOOK]( 8987): [gh30x_int_msg_handler] exit
09-03 11:34:17.960 E/[GH_I2C_BUS]( 8987): start gh_dev_wait_irq
09-03 11:34:18.920 E/[GH_I2C_BUS]( 8987): GH end gh_dev_wait_irq 0
09-03 11:34:18.920 E/[GH_ROMAII_SENSOR_HOOK]( 8987): [gh30x_int_msg_handler] enter
09-03 11:34:18.920 E/[GH_ROMAII_SENSOR_HOOK]( 8987): [gh30x_int_msg_handler] gh30x_irq_status:2， type:INT_STATUS_FIFO_WATERMARK
09-03 11:34:18.920 E/[GH_ROMAII_SENSOR_HOOK]( 8987): [gh30x_int_msg_handler] gh30x_adt_working_flag:0
09-03 11:34:18.920 E/[GH_ROMAII_SENSOR_HOOK]( 8987): [gh30x_fifo_evt_handler] enter
09-03 11:34:18.920 E/[GH_ROMAII_SENSOR_HOOK]( 8987): got gh30x fifo evt, func[RUN_MODE_SPO2_DET]
09-03 11:34:18.920 E/[GH_I2C_BUS]( 8987): gh_dev_get_acc_buffer len 39 ret 0
09-03 11:34:18.920 E/[GH_ROMAII_SENSOR_HOOK]( 8987): gsensor_drv_get_fifo_data len 39 
09-03 11:34:18.920 E/[GH_ROMAII_SENSOR_HOOK]( 8987): [gh30x_fifo_evt_spo2_mode_calc] enter
09-03 11:34:18.940 E/[GH_ROMAII_SENSOR_HOOK]( 8987): [handle_spo2_mode_result] enter
09-03 11:34:18.940 E/[GH_ROMAII_SENSOR_HOOK]( 8987): GH_3011 spo2_result : 98 , lvl 50 , hb 54, lvl56 , wearing 1
09-03 11:34:18.960 E/[GH_I2C_BUS]( 8987): gh_dev_report_key 1, weared 1 ,ppg 54 ,spo2 98 ,ret 0
09-03 11:34:18.960 E/[GH_ROMAII_SENSOR_HOOK]( 8987): [handle_spo2_mode_result] exit
09-03 11:34:18.960 E/[GH_ROMAII_SENSOR_HOOK]( 8987): spo2 calc, gs_len=39, result=98,50,54,56,578,578,0,0,40,2,5550,1
09-03 11:34:18.960 E/[GH_ROMAII_SENSOR_HOOK]( 8987): [gh30x_fifo_evt_spo2_mode_calc] wearing_state:1
09-03 11:34:18.960 E/[GH_ROMAII_SENSOR_HOOK]( 8987): [gh30x_fifo_evt_spo2_mode_calc] not unwear state
09-03 11:34:18.960 E/[GH_ROMAII_SENSOR_HOOK]( 8987): [gh30x_fifo_evt_spo2_mode_calc] exit
09-03 11:34:18.960 E/[GH_ROMAII_SENSOR_HOOK]( 8987): [gh30x_fifo_evt_handler] exit
09-03 11:34:18.960 E/[GH_ROMAII_SENSOR_HOOK]( 8987): [gh30x_int_msg_handler] exit
09-03 11:34:18.960 E/[GH_I2C_BUS]( 8987): start gh_dev_wait_irq
09-03 11:34:19.020 D/WCND    (  217): is_cp2_alive_ok: open polling interface: /proc/mdbg/loopcheck, fd = 17
09-03 11:34:19.120 D/WCND    (  217): is_cp2_alive_ok: loop: /proc/mdbg/loopcheck is OK
09-03 11:34:19.670 D/LIBGPS  (  647): watchdog_open PowerState:GE2 CP IDLED readcount:800850
09-03 11:34:19.670 D/LIBGPS  (  647): libgps monitor, idltime =302 second
09-03 11:34:19.670 D/LIBGPS  (  647): request type 4,subtype 1
09-03 11:34:19.670 D/LIBGPS  (  647): gps_notiySleepDevice send sleep cmd to GNSS. 0
09-03 11:34:19.670 D/LIBGPS  (  647): gps_power_Statusync enter
09-03 11:34:19.670 D/LIBGPS  (  647): gps_getNotified sleep 84 success
09-03 11:34:19.670 D/LIBGPS  (  647): GNSS STATE :GE2 CP DEVICE_SLEEPING, set power: GE2 CP SLEEP
09-03 11:34:19.670 D/LIBGPS  (  647): close_engine:114, ret:0
09-03 11:34:19.670 D/LIBGPS  (  647): SET POWER State change : GE2 CP SLEEP
09-03 11:34:19.670 D/LIBGPS  (  647): gnss_get_power_status: gnss poweron
09-03 11:34:19.670 D/LIBGPS  (  647): gnss_set_power_control: enter 
09-03 11:34:19.670 D/LIBGPS  (  647): gnss_set_power_control: enable power off: ret:1 
09-03 11:34:19.670 D/LIBGPS  (  647): GNSS STATE :GE2 CP SLEEP, set power: GE2 CP SLEEP
09-03 11:34:19.670 D/LIBGPS  (  647): SET POWER State change : GE2 CP SLEEP
09-03 11:34:19.670 D/LIBGPS  (  647): WaitEvent Read event before
09-03 11:34:19.670 D/LIBGPS  (  647): gnss_pm_thread WaitEvent Read event before
09-03 11:34:19.670 D/LIBGPS  (  647): gps_power_Statusync sleep success
09-03 11:34:19.920 E/[GH_I2C_BUS]( 8987): GH end gh_dev_wait_irq 0
09-03 11:34:19.920 E/[GH_ROMAII_SENSOR_HOOK]( 8987): [gh30x_int_msg_handler] enter
09-03 11:34:19.920 E/[GH_ROMAII_SENSOR_HOOK]( 8987): [gh30x_int_msg_handler] gh30x_irq_status:2， type:INT_STATUS_FIFO_WATERMARK
09-03 11:34:19.920 E/[GH_ROMAII_SENSOR_HOOK]( 8987): [gh30x_int_msg_handler] gh30x_adt_working_flag:0
09-03 11:34:19.920 E/[GH_ROMAII_SENSOR_HOOK]( 8987): [gh30x_fifo_evt_handler] enter
09-03 11:34:19.920 E/[GH_ROMAII_SENSOR_HOOK]( 8987): got gh30x fifo evt, func[RUN_MODE_SPO2_DET]
09-03 11:34:19.920 E/[GH_I2C_BUS]( 8987): gh_dev_get_acc_buffer len 40 ret 0
09-03 11:34:19.920 E/[GH_ROMAII_SENSOR_HOOK]( 8987): gsensor_drv_get_fifo_data len 40 
09-03 11:34:19.920 E/[GH_ROMAII_SENSOR_HOOK]( 8987): [gh30x_fifo_evt_spo2_mode_calc] enter
09-03 11:34:19.920 W/WindowManager(  647): Focused window stay null too long, have a update!
09-03 11:34:19.920 V/WindowManager(  647): Looking for focus: 1 = Window{41b914a8 u0 KeyguardScrim} = null, flags=1116416, canReceive=false mViewVisibility=8 mHasSurface=false
09-03 11:34:19.920 V/WindowManager(  647): Looking for focus: 0 = Window{4191a5c0 u0 com.android.systemui.ImageWallpaper} = null, flags=792, canReceive=false mViewVisibility=0 mHasSurface=true
09-03 11:34:19.920 V/WindowManager(  647): findFocusedWindow: No focusable windows.
09-03 11:34:19.940 E/[GH_ROMAII_SENSOR_HOOK]( 8987): [handle_spo2_mode_result] enter
09-03 11:34:19.940 E/[GH_ROMAII_SENSOR_HOOK]( 8987): GH_3011 spo2_result : 98 , lvl 46 , hb 54, lvl56 , wearing 1
09-03 11:34:19.960 E/[GH_I2C_BUS]( 8987): gh_dev_report_key 1, weared 1 ,ppg 54 ,spo2 98 ,ret 0
09-03 11:34:19.960 E/[GH_ROMAII_SENSOR_HOOK]( 8987): [handle_spo2_mode_result] exit
09-03 11:34:19.960 E/[GH_ROMAII_SENSOR_HOOK]( 8987): spo2 calc, gs_len=40, result=98,46,54,56,1100,0,0,0,40,1,5550,1
09-03 11:34:19.960 E/[GH_ROMAII_SENSOR_HOOK]( 8987): [gh30x_fifo_evt_spo2_mode_calc] wearing_state:1
09-03 11:34:19.960 E/[GH_ROMAII_SENSOR_HOOK]( 8987): [gh30x_fifo_evt_spo2_mode_calc] not unwear state
09-03 11:34:19.960 E/[GH_ROMAII_SENSOR_HOOK]( 8987): [gh30x_fifo_evt_spo2_mode_calc] exit
09-03 11:34:19.960 E/[GH_ROMAII_SENSOR_HOOK]( 8987): [gh30x_fifo_evt_handler] exit
09-03 11:34:19.960 E/[GH_ROMAII_SENSOR_HOOK]( 8987): [gh30x_int_msg_handler] exit
09-03 11:34:19.960 E/[GH_I2C_BUS]( 8987): start gh_dev_wait_irq
09-03 11:34:20.920 E/[GH_I2C_BUS]( 8987): GH end gh_dev_wait_irq 0
09-03 11:34:20.920 E/[GH_ROMAII_SENSOR_HOOK]( 8987): [gh30x_int_msg_handler] enter
09-03 11:34:20.920 E/[GH_ROMAII_SENSOR_HOOK]( 8987): [gh30x_int_msg_handler] gh30x_irq_status:2， type:INT_STATUS_FIFO_WATERMARK
09-03 11:34:20.920 E/[GH_ROMAII_SENSOR_HOOK]( 8987): [gh30x_int_msg_handler] gh30x_adt_working_flag:0
09-03 11:34:20.920 E/[GH_ROMAII_SENSOR_HOOK]( 8987): [gh30x_fifo_evt_handler] enter
09-03 11:34:20.920 E/[GH_ROMAII_SENSOR_HOOK]( 8987): got gh30x fifo evt, func[RUN_MODE_SPO2_DET]
09-03 11:34:20.920 E/[GH_I2C_BUS]( 8987): gh_dev_get_acc_buffer len 39 ret 0
09-03 11:34:20.920 E/[GH_ROMAII_SENSOR_HOOK]( 8987): gsensor_drv_get_fifo_data len 39 
09-03 11:34:20.930 E/[GH_ROMAII_SENSOR_HOOK]( 8987): [gh30x_fifo_evt_spo2_mode_calc] enter
09-03 11:34:20.950 E/[GH_ROMAII_SENSOR_HOOK]( 8987): [handle_spo2_mode_result] enter
09-03 11:34:20.950 E/[GH_ROMAII_SENSOR_HOOK]( 8987): GH_3011 spo2_result : 98 , lvl 46 , hb 54, lvl56 , wearing 1
09-03 11:34:20.970 E/[GH_I2C_BUS]( 8987): gh_dev_report_key 1, weared 1 ,ppg 54 ,spo2 98 ,ret 0
09-03 11:34:20.970 E/[GH_ROMAII_SENSOR_HOOK]( 8987): [handle_spo2_mode_result] exit
09-03 11:34:20.970 E/[GH_ROMAII_SENSOR_HOOK]( 8987): spo2 calc, gs_len=39, result=98,46,54,56,1360,0,0,0,100,1,5550,1
09-03 11:34:20.970 E/[GH_ROMAII_SENSOR_HOOK]( 8987): [gh30x_fifo_evt_spo2_mode_calc] wearing_state:1
09-03 11:34:20.970 E/[GH_ROMAII_SENSOR_HOOK]( 8987): [gh30x_fifo_evt_spo2_mode_calc] not unwear state
09-03 11:34:20.970 E/[GH_ROMAII_SENSOR_HOOK]( 8987): [gh30x_fifo_evt_spo2_mode_calc] exit
09-03 11:34:20.970 E/[GH_ROMAII_SENSOR_HOOK]( 8987): [gh30x_fifo_evt_handler] exit
09-03 11:34:20.970 E/[GH_ROMAII_SENSOR_HOOK]( 8987): [gh30x_int_msg_handler] exit
09-03 11:34:20.970 E/[GH_I2C_BUS]( 8987): start gh_dev_wait_irq
09-03 11:34:21.690 D/LIBGPS  (  647): watchdog_open PowerState:GE2 CP SLEEP readcount:800852
09-03 11:34:21.930 E/[GH_I2C_BUS]( 8987): GH end gh_dev_wait_irq 0
09-03 11:34:21.930 E/[GH_ROMAII_SENSOR_HOOK]( 8987): [gh30x_int_msg_handler] enter
09-03 11:34:21.930 E/[GH_ROMAII_SENSOR_HOOK]( 8987): [gh30x_int_msg_handler] gh30x_irq_status:2， type:INT_STATUS_FIFO_WATERMARK
09-03 11:34:21.930 E/[GH_ROMAII_SENSOR_HOOK]( 8987): [gh30x_int_msg_handler] gh30x_adt_working_flag:0
09-03 11:34:21.930 E/[GH_ROMAII_SENSOR_HOOK]( 8987): [gh30x_fifo_evt_handler] enter
09-03 11:34:21.930 E/[GH_ROMAII_SENSOR_HOOK]( 8987): got gh30x fifo evt, func[RUN_MODE_SPO2_DET]
09-03 11:34:21.930 E/[GH_I2C_BUS]( 8987): gh_dev_get_acc_buffer len 40 ret 0
09-03 11:34:21.930 E/[GH_ROMAII_SENSOR_HOOK]( 8987): gsensor_drv_get_fifo_data len 40 
09-03 11:34:21.930 E/[GH_ROMAII_SENSOR_HOOK]( 8987): [gh30x_fifo_evt_spo2_mode_calc] enter
09-03 11:34:21.950 E/[GH_ROMAII_SENSOR_HOOK]( 8987): [handle_spo2_mode_result] enter
09-03 11:34:21.950 E/[GH_ROMAII_SENSOR_HOOK]( 8987): GH_3011 spo2_result : 98 , lvl 50 , hb 54, lvl55 , wearing 1
09-03 11:34:21.970 E/[GH_I2C_BUS]( 8987): gh_dev_report_key 1, weared 1 ,ppg 54 ,spo2 98 ,ret 0
09-03 11:34:21.970 E/[GH_ROMAII_SENSOR_HOOK]( 8987): [handle_spo2_mode_result] exit
09-03 11:34:21.970 E/[GH_ROMAII_SENSOR_HOOK]( 8987): spo2 calc, gs_len=40, result=98,50,54,55,1070,0,0,0,100,1,5550,1
09-03 11:34:21.970 E/[GH_ROMAII_SENSOR_HOOK]( 8987): [gh30x_fifo_evt_spo2_mode_calc] wearing_state:1
09-03 11:34:21.970 E/[GH_ROMAII_SENSOR_HOOK]( 8987): [gh30x_fifo_evt_spo2_mode_calc] not unwear state
09-03 11:34:21.970 E/[GH_ROMAII_SENSOR_HOOK]( 8987): [gh30x_fifo_evt_spo2_mode_calc] exit
09-03 11:34:21.970 E/[GH_ROMAII_SENSOR_HOOK]( 8987): [gh30x_fifo_evt_handler] exit
09-03 11:34:21.970 E/[GH_ROMAII_SENSOR_HOOK]( 8987): [gh30x_int_msg_handler] exit
09-03 11:34:21.970 E/[GH_I2C_BUS]( 8987): start gh_dev_wait_irq
09-03 11:34:22.420 D/NVITEM  (  664): : get wake_lock 1
09-03 11:34:22.420 D/NVITEM  (  664): : channel_read success
09-03 11:34:22.420 D/NVITEM  (  664): : CLOCK_MONOTONIC begin: 52668s, 664573597ns
09-03 11:34:22.420 D/NVITEM  (  664): : packet get cost 3525838ms!
09-03 11:34:22.420 D/NVITEM  (  664): : _getPacket start read 1044 size 1024 grp 27 sub 0
09-03 11:34:22.420 D/NVITEM  (  664): : CLOCK_MONOTONIC end: 52668s, 664659250ns
09-03 11:34:22.420 D/NVITEM  (  664): : packet rsp cost 1ms!
09-03 11:34:22.420 D/NVITEM  (  664): : _getPacket
09-03 11:34:22.420 D/NVITEM  (  664): : get wake_lock 0
09-03 11:34:22.420 D/NVITEM  (  664): : channel_read success
09-03 11:34:22.420 D/NVITEM  (  664): : CLOCK_MONOTONIC begin: 52668s, 664928020ns
09-03 11:34:22.420 D/NVITEM  (  664): : packet get cost 1ms!
09-03 11:34:22.420 D/NVITEM  (  664): : _getPacket continue read 1044 size 1024 grp 27 sub 1
09-03 11:34:22.420 D/NVITEM  (  664): : CLOCK_MONOTONIC end: 52668s, 664986827ns
09-03 11:34:22.420 D/NVITEM  (  664): : packet rsp cost 1ms!
09-03 11:34:22.420 D/NVITEM  (  664): : _getPacket
09-03 11:34:22.420 D/NVITEM  (  664): : get wake_lock 0
09-03 11:34:22.420 D/NVITEM  (  664): : channel_read success
09-03 11:34:22.420 D/NVITEM  (  664): : CLOCK_MONOTONIC begin: 52668s, 665231558ns
09-03 11:34:22.420 D/NVITEM  (  664): : packet get cost 1ms!
09-03 11:34:22.420 D/NVITEM  (  664): : _getPacket continue read 1044 size 100 grp 27 sub 2
09-03 11:34:22.420 D/NVITEM  (  664): : sync _syncGetTail success
09-03 11:34:22.490 D/NVITEM  (  664): : write bakup image cost 55ms!
09-03 11:34:22.490 D/NVITEM  (  664): : read begin
09-03 11:34:22.500 D/NVITEM  (  664): : read end
09-03 11:34:22.530 D/NVITEM  (  664): : write origin image cost 28ms!
09-03 11:34:22.530 D/NVITEM  (  664): : partId2:image write finished 1!
09-03 11:34:22.530 D/NVITEM  (  664): : release wake lock
09-03 11:34:22.530 D/NVITEM  (  664): : CLOCK_MONOTONIC end: 52668s, 778074173ns
09-03 11:34:22.530 D/NVITEM  (  664): : packet rsp cost 112ms!
09-03 11:34:22.530 D/NVITEM  (  664): : _getPacket
09-03 11:34:22.530 D/NVITEM  (  664): : get wake_lock 1
09-03 11:34:22.540 D/NVITEM  (  664): : channel_read success
09-03 11:34:22.540 D/NVITEM  (  664): : CLOCK_MONOTONIC begin: 52668s, 781135943ns
09-03 11:34:22.540 D/NVITEM  (  664): : packet get cost 3ms!
09-03 11:34:22.540 D/NVITEM  (  664): : _getPacket start read 1044 size 40 grp 28 sub 0
09-03 11:34:22.540 D/NVITEM  (  664): : sync _syncGetTail success
09-03 11:34:22.540 D/NVITEM  (  664): : release wake lock
09-03 11:34:22.540 D/NVITEM  (  664): : CLOCK_MONOTONIC end: 52668s, 785908212ns
09-03 11:34:22.540 D/NVITEM  (  664): : packet rsp cost 4ms!
09-03 11:34:22.540 D/NVITEM  (  664): : _getPacket
09-03 11:34:22.540 D/NVITEM  (  664): : get wake_lock 1
09-03 11:34:22.540 D/NVITEM  (  664): : channel_read success
09-03 11:34:22.540 D/NVITEM  (  664): : CLOCK_MONOTONIC begin: 52668s, 788922058ns
09-03 11:34:22.540 D/NVITEM  (  664): : packet get cost 3ms!
09-03 11:34:22.540 D/NVITEM  (  664): : _getPacket start read 1044 size 40 grp 29 sub 0
09-03 11:34:22.540 D/NVITEM  (  664): : sync _syncGetTail success
09-03 11:34:22.610 D/NVITEM  (  664): : write bakup image cost 44ms!
09-03 11:34:22.610 D/NVITEM  (  664): : read begin
09-03 11:34:22.610 D/NVITEM  (  664): : read end
09-03 11:34:22.640 D/NVITEM  (  664): : write origin image cost 28ms!
09-03 11:34:22.640 D/NVITEM  (  664): : partId2:image write finished 1!
09-03 11:34:22.650 D/NVITEM  (  664): : release wake lock
09-03 11:34:22.650 D/NVITEM  (  664): : CLOCK_MONOTONIC end: 52668s, 892520904ns
09-03 11:34:22.650 D/NVITEM  (  664): : packet rsp cost 103ms!
09-03 11:34:22.650 D/NVITEM  (  664): : _getPacket
09-03 11:34:22.660 E/LIBGPS  (  647): read socet_client error: Try again
09-03 11:34:22.930 W/WindowManager(  647): Focused window stay null too long, have a update!
09-03 11:34:22.930 V/WindowManager(  647): Looking for focus: 1 = Window{41b914a8 u0 KeyguardScrim} = null, flags=1116416, canReceive=false mViewVisibility=8 mHasSurface=false
09-03 11:34:22.930 V/WindowManager(  647): Looking for focus: 0 = Window{4191a5c0 u0 com.android.systemui.ImageWallpaper} = null, flags=792, canReceive=false mViewVisibility=0 mHasSurface=true
09-03 11:34:22.930 V/WindowManager(  647): findFocusedWindow: No focusable windows.
09-03 11:34:22.930 E/[GH_I2C_BUS]( 8987): GH end gh_dev_wait_irq 0
09-03 11:34:22.930 E/[GH_ROMAII_SENSOR_HOOK]( 8987): [gh30x_int_msg_handler] enter
09-03 11:34:22.930 E/[GH_ROMAII_SENSOR_HOOK]( 8987): [gh30x_int_msg_handler] gh30x_irq_status:2， type:INT_STATUS_FIFO_WATERMARK
09-03 11:34:22.930 E/[GH_ROMAII_SENSOR_HOOK]( 8987): [gh30x_int_msg_handler] gh30x_adt_working_flag:0
09-03 11:34:22.930 E/[GH_ROMAII_SENSOR_HOOK]( 8987): [gh30x_fifo_evt_handler] enter
09-03 11:34:22.930 E/[GH_ROMAII_SENSOR_HOOK]( 8987): got gh30x fifo evt, func[RUN_MODE_SPO2_DET]
09-03 11:34:22.930 E/[GH_I2C_BUS]( 8987): gh_dev_get_acc_buffer len 40 ret 0
09-03 11:34:22.930 E/[GH_ROMAII_SENSOR_HOOK]( 8987): gsensor_drv_get_fifo_data len 40 
09-03 11:34:22.930 E/[GH_ROMAII_SENSOR_HOOK]( 8987): [gh30x_fifo_evt_spo2_mode_calc] enter
09-03 11:34:22.960 E/[GH_ROMAII_SENSOR_HOOK]( 8987): [handle_spo2_mode_result] enter
09-03 11:34:22.960 E/[GH_ROMAII_SENSOR_HOOK]( 8987): GH_3011 spo2_result : 98 , lvl 50 , hb 54, lvl55 , wearing 1
09-03 11:34:22.970 E/[GH_I2C_BUS]( 8987): gh_dev_report_key 1, weared 1 ,ppg 54 ,spo2 98 ,ret 0
09-03 11:34:22.970 E/[GH_ROMAII_SENSOR_HOOK]( 8987): [handle_spo2_mode_result] exit
09-03 11:34:22.970 E/[GH_ROMAII_SENSOR_HOOK]( 8987): spo2 calc, gs_len=40, result=98,50,54,55,1070,0,0,0,100,1,5550,1
09-03 11:34:22.970 E/[GH_ROMAII_SENSOR_HOOK]( 8987): [gh30x_fifo_evt_spo2_mode_calc] wearing_state:1
09-03 11:34:22.970 E/[GH_ROMAII_SENSOR_HOOK]( 8987): [gh30x_fifo_evt_spo2_mode_calc] not unwear state
09-03 11:34:22.970 E/[GH_ROMAII_SENSOR_HOOK]( 8987): [gh30x_fifo_evt_spo2_mode_calc] exit
09-03 11:34:22.970 E/[GH_ROMAII_SENSOR_HOOK]( 8987): [gh30x_fifo_evt_handler] exit
09-03 11:34:22.970 E/[GH_ROMAII_SENSOR_HOOK]( 8987): [gh30x_int_msg_handler] exit
09-03 11:34:22.970 E/[GH_I2C_BUS]( 8987): start gh_dev_wait_irq
09-03 11:34:23.680 D/LIBGPS  (  647): watchdog_open PowerState:GE2 CP SLEEP readcount:800852
09-03 11:34:23.940 E/[GH_I2C_BUS]( 8987): GH end gh_dev_wait_irq 0
09-03 11:34:23.940 E/[GH_ROMAII_SENSOR_HOOK]( 8987): [gh30x_int_msg_handler] enter
09-03 11:34:23.940 E/[GH_ROMAII_SENSOR_HOOK]( 8987): [gh30x_int_msg_handler] gh30x_irq_status:2， type:INT_STATUS_FIFO_WATERMARK
09-03 11:34:23.940 E/[GH_ROMAII_SENSOR_HOOK]( 8987): [gh30x_int_msg_handler] gh30x_adt_working_flag:0
09-03 11:34:23.940 E/[GH_ROMAII_SENSOR_HOOK]( 8987): [gh30x_fifo_evt_handler] enter
09-03 11:34:23.940 E/[GH_ROMAII_SENSOR_HOOK]( 8987): got gh30x fifo evt, func[RUN_MODE_SPO2_DET]
09-03 11:34:23.940 E/[GH_I2C_BUS]( 8987): gh_dev_get_acc_buffer len 39 ret 0
09-03 11:34:23.940 E/[GH_ROMAII_SENSOR_HOOK]( 8987): gsensor_drv_get_fifo_data len 39 
09-03 11:34:23.940 E/[GH_ROMAII_SENSOR_HOOK]( 8987): [gh30x_fifo_evt_spo2_mode_calc] enter
09-03 11:34:23.960 E/[GH_ROMAII_SENSOR_HOOK]( 8987): [handle_spo2_mode_result] enter
09-03 11:34:23.960 E/[GH_ROMAII_SENSOR_HOOK]( 8987): GH_3011 spo2_result : 98 , lvl 55 , hb 54, lvl55 , wearing 1
09-03 11:34:23.980 E/[GH_I2C_BUS]( 8987): gh_dev_report_key 1, weared 1 ,ppg 54 ,spo2 98 ,ret 0
09-03 11:34:23.980 E/[GH_ROMAII_SENSOR_HOOK]( 8987): [handle_spo2_mode_result] exit
09-03 11:34:23.980 E/[GH_ROMAII_SENSOR_HOOK]( 8987): spo2 calc, gs_len=39, result=98,55,54,55,1150,0,0,0,100,1,5550,1
09-03 11:34:23.980 E/[GH_ROMAII_SENSOR_HOOK]( 8987): [gh30x_fifo_evt_spo2_mode_calc] wearing_state:1
09-03 11:34:23.980 E/[GH_ROMAII_SENSOR_HOOK]( 8987): [gh30x_fifo_evt_spo2_mode_calc] not unwear state
09-03 11:34:23.980 E/[GH_ROMAII_SENSOR_HOOK]( 8987): [gh30x_fifo_evt_spo2_mode_calc] exit
09-03 11:34:23.980 E/[GH_ROMAII_SENSOR_HOOK]( 8987): [gh30x_fifo_evt_handler] exit
09-03 11:34:23.980 E/[GH_ROMAII_SENSOR_HOOK]( 8987): [gh30x_int_msg_handler] exit
09-03 11:34:23.980 E/[GH_I2C_BUS]( 8987): start gh_dev_wait_irq
09-03 11:34:24.140 D/WCND    (  217): is_cp2_alive_ok: open polling interface: /proc/mdbg/loopcheck, fd = 17
09-03 11:34:24.240 D/WCND    (  217): is_cp2_alive_ok: loop: /proc/mdbg/loopcheck is OK
09-03 11:34:24.940 E/[GH_I2C_BUS]( 8987): GH end gh_dev_wait_irq 0
09-03 11:34:24.940 E/[GH_ROMAII_SENSOR_HOOK]( 8987): [gh30x_int_msg_handler] enter
09-03 11:34:24.940 E/[GH_ROMAII_SENSOR_HOOK]( 8987): [gh30x_int_msg_handler] gh30x_irq_status:2， type:INT_STATUS_FIFO_WATERMARK
09-03 11:34:24.940 E/[GH_ROMAII_SENSOR_HOOK]( 8987): [gh30x_int_msg_handler] gh30x_adt_working_flag:0
09-03 11:34:24.940 E/[GH_ROMAII_SENSOR_HOOK]( 8987): [gh30x_fifo_evt_handler] enter
09-03 11:34:24.940 E/[GH_ROMAII_SENSOR_HOOK]( 8987): got gh30x fifo evt, func[RUN_MODE_SPO2_DET]
09-03 11:34:24.940 E/[GH_I2C_BUS]( 8987): gh_dev_get_acc_buffer len 40 ret 0
09-03 11:34:24.940 E/[GH_ROMAII_SENSOR_HOOK]( 8987): gsensor_drv_get_fifo_data len 40 
09-03 11:34:24.940 E/[GH_ROMAII_SENSOR_HOOK]( 8987): [gh30x_fifo_evt_spo2_mode_calc] enter
09-03 11:34:24.960 E/[GH_ROMAII_SENSOR_HOOK]( 8987): [handle_spo2_mode_result] enter
09-03 11:34:24.960 E/[GH_ROMAII_SENSOR_HOOK]( 8987): GH_3011 spo2_result : 98 , lvl 55 , hb 54, lvl53 , wearing 1
09-03 11:34:24.970 E/[GH_I2C_BUS]( 8987): gh_dev_report_key 1, weared 1 ,ppg 54 ,spo2 98 ,ret 0
09-03 11:34:24.970 E/[GH_ROMAII_SENSOR_HOOK]( 8987): [handle_spo2_mode_result] exit
09-03 11:34:24.970 E/[GH_ROMAII_SENSOR_HOOK]( 8987): spo2 calc, gs_len=40, result=98,55,54,53,1160,0,0,0,100,1,5550,1
09-03 11:34:24.970 E/[GH_ROMAII_SENSOR_HOOK]( 8987): [gh30x_fifo_evt_spo2_mode_calc] wearing_state:1
09-03 11:34:24.970 E/[GH_ROMAII_SENSOR_HOOK]( 8987): [gh30x_fifo_evt_spo2_mode_calc] not unwear state
09-03 11:34:24.970 E/[GH_ROMAII_SENSOR_HOOK]( 8987): [gh30x_fifo_evt_spo2_mode_calc] exit
09-03 11:34:24.970 E/[GH_ROMAII_SENSOR_HOOK]( 8987): [gh30x_fifo_evt_handler] exit
09-03 11:34:24.970 E/[GH_ROMAII_SENSOR_HOOK]( 8987): [gh30x_int_msg_handler] exit
09-03 11:34:24.970 E/[GH_I2C_BUS]( 8987): start gh_dev_wait_irq
09-03 11:34:25.680 D/LIBGPS  (  647): watchdog_open PowerState:GE2 CP SLEEP readcount:800852
09-03 11:34:25.940 W/WindowManager(  647): Focused window stay null too long, have a update!
09-03 11:34:25.940 V/WindowManager(  647): Looking for focus: 1 = Window{41b914a8 u0 KeyguardScrim} = null, flags=1116416, canReceive=false mViewVisibility=8 mHasSurface=false
09-03 11:34:25.940 V/WindowManager(  647): Looking for focus: 0 = Window{4191a5c0 u0 com.android.systemui.ImageWallpaper} = null, flags=792, canReceive=false mViewVisibility=0 mHasSurface=true
09-03 11:34:25.940 V/WindowManager(  647): findFocusedWindow: No focusable windows.
09-03 11:34:25.940 E/[GH_I2C_BUS]( 8987): GH end gh_dev_wait_irq 0
09-03 11:34:25.940 E/[GH_ROMAII_SENSOR_HOOK]( 8987): [gh30x_int_msg_handler] enter
09-03 11:34:25.940 E/[GH_ROMAII_SENSOR_HOOK]( 8987): [gh30x_int_msg_handler] gh30x_irq_status:2， type:INT_STATUS_FIFO_WATERMARK
09-03 11:34:25.940 E/[GH_ROMAII_SENSOR_HOOK]( 8987): [gh30x_int_msg_handler] gh30x_adt_working_flag:0
09-03 11:34:25.940 E/[GH_ROMAII_SENSOR_HOOK]( 8987): [gh30x_fifo_evt_handler] enter
09-03 11:34:25.940 E/[GH_ROMAII_SENSOR_HOOK]( 8987): got gh30x fifo evt, func[RUN_MODE_SPO2_DET]
09-03 11:34:25.940 E/[GH_I2C_BUS]( 8987): gh_dev_get_acc_buffer len 40 ret 0
09-03 11:34:25.940 E/[GH_ROMAII_SENSOR_HOOK]( 8987): gsensor_drv_get_fifo_data len 40 
09-03 11:34:25.940 E/[GH_ROMAII_SENSOR_HOOK]( 8987): [gh30x_fifo_evt_spo2_mode_calc] enter
09-03 11:34:25.970 E/[GH_ROMAII_SENSOR_HOOK]( 8987): [handle_spo2_mode_result] enter
09-03 11:34:25.970 E/[GH_ROMAII_SENSOR_HOOK]( 8987): GH_3011 spo2_result : 98 , lvl 66 , hb 54, lvl48 , wearing 1
09-03 11:34:25.980 E/[GH_I2C_BUS]( 8987): gh_dev_report_key 1, weared 1 ,ppg 54 ,spo2 98 ,ret 0
09-03 11:34:25.980 E/[GH_ROMAII_SENSOR_HOOK]( 8987): [handle_spo2_mode_result] exit
09-03 11:34:25.980 E/[GH_ROMAII_SENSOR_HOOK]( 8987): spo2 calc, gs_len=40, result=98,66,54,48,1220,0,0,0,100,1,5550,1
09-03 11:34:25.980 E/[GH_ROMAII_SENSOR_HOOK]( 8987): [gh30x_fifo_evt_spo2_mode_calc] wearing_state:1
09-03 11:34:25.980 E/[GH_ROMAII_SENSOR_HOOK]( 8987): [gh30x_fifo_evt_spo2_mode_calc] not unwear state
09-03 11:34:25.980 E/[GH_ROMAII_SENSOR_HOOK]( 8987): [gh30x_fifo_evt_spo2_mode_calc] exit
09-03 11:34:25.980 E/[GH_ROMAII_SENSOR_HOOK]( 8987): [gh30x_fifo_evt_handler] exit
09-03 11:34:25.980 E/[GH_ROMAII_SENSOR_HOOK]( 8987): [gh30x_int_msg_handler] exit
09-03 11:34:25.980 E/[GH_I2C_BUS]( 8987): start gh_dev_wait_irq
09-03 11:34:26.950 E/[GH_I2C_BUS]( 8987): GH end gh_dev_wait_irq 0
09-03 11:34:26.950 E/[GH_ROMAII_SENSOR_HOOK]( 8987): [gh30x_int_msg_handler] enter
09-03 11:34:26.950 E/[GH_ROMAII_SENSOR_HOOK]( 8987): [gh30x_int_msg_handler] gh30x_irq_status:2， type:INT_STATUS_FIFO_WATERMARK
09-03 11:34:26.950 E/[GH_ROMAII_SENSOR_HOOK]( 8987): [gh30x_int_msg_handler] gh30x_adt_working_flag:0
09-03 11:34:26.950 E/[GH_ROMAII_SENSOR_HOOK]( 8987): [gh30x_fifo_evt_handler] enter
09-03 11:34:26.950 E/[GH_ROMAII_SENSOR_HOOK]( 8987): got gh30x fifo evt, func[RUN_MODE_SPO2_DET]
09-03 11:34:26.950 E/[GH_I2C_BUS]( 8987): gh_dev_get_acc_buffer len 39 ret 0
09-03 11:34:26.950 E/[GH_ROMAII_SENSOR_HOOK]( 8987): gsensor_drv_get_fifo_data len 39 
09-03 11:34:26.950 E/[GH_ROMAII_SENSOR_HOOK]( 8987): [gh30x_fifo_evt_spo2_mode_calc] enter
09-03 11:34:26.970 E/[GH_ROMAII_SENSOR_HOOK]( 8987): [handle_spo2_mode_result] enter
09-03 11:34:26.970 E/[GH_ROMAII_SENSOR_HOOK]( 8987): GH_3011 spo2_result : 98 , lvl 76 , hb 54, lvl46 , wearing 1
09-03 11:34:26.990 E/[GH_I2C_BUS]( 8987): gh_dev_report_key 1, weared 1 ,ppg 54 ,spo2 98 ,ret 0
09-03 11:34:26.990 E/[GH_ROMAII_SENSOR_HOOK]( 8987): [handle_spo2_mode_result] exit
09-03 11:34:26.990 E/[GH_ROMAII_SENSOR_HOOK]( 8987): spo2 calc, gs_len=39, result=98,76,54,46,1240,0,0,0,100,1,5550,1
09-03 11:34:26.990 E/[GH_ROMAII_SENSOR_HOOK]( 8987): [gh30x_fifo_evt_spo2_mode_calc] wearing_state:1
09-03 11:34:26.990 E/[GH_ROMAII_SENSOR_HOOK]( 8987): [gh30x_fifo_evt_spo2_mode_calc] not unwear state
09-03 11:34:26.990 E/[GH_ROMAII_SENSOR_HOOK]( 8987): [gh30x_fifo_evt_spo2_mode_calc] exit
09-03 11:34:26.990 E/[GH_ROMAII_SENSOR_HOOK]( 8987): [gh30x_fifo_evt_handler] exit
09-03 11:34:26.990 E/[GH_ROMAII_SENSOR_HOOK]( 8987): [gh30x_int_msg_handler] exit
09-03 11:34:26.990 E/[GH_I2C_BUS]( 8987): start gh_dev_wait_irq
09-03 11:34:27.660 E/LIBGPS  (  647): read socet_client error: Try again
09-03 11:34:27.690 D/LIBGPS  (  647): watchdog_open PowerState:GE2 CP SLEEP readcount:800852
09-03 11:34:27.950 E/[GH_I2C_BUS]( 8987): GH end gh_dev_wait_irq 0
09-03 11:34:27.950 E/[GH_ROMAII_SENSOR_HOOK]( 8987): [gh30x_int_msg_handler] enter
09-03 11:34:27.950 E/[GH_ROMAII_SENSOR_HOOK]( 8987): [gh30x_int_msg_handler] gh30x_irq_status:2， type:INT_STATUS_FIFO_WATERMARK
09-03 11:34:27.950 E/[GH_ROMAII_SENSOR_HOOK]( 8987): [gh30x_int_msg_handler] gh30x_adt_working_flag:0
09-03 11:34:27.950 E/[GH_ROMAII_SENSOR_HOOK]( 8987): [gh30x_fifo_evt_handler] enter
09-03 11:34:27.950 E/[GH_ROMAII_SENSOR_HOOK]( 8987): got gh30x fifo evt, func[RUN_MODE_SPO2_DET]
09-03 11:34:27.950 E/[GH_I2C_BUS]( 8987): gh_dev_get_acc_buffer len 40 ret 0
09-03 11:34:27.950 E/[GH_ROMAII_SENSOR_HOOK]( 8987): gsensor_drv_get_fifo_data len 40 
09-03 11:34:27.950 E/[GH_ROMAII_SENSOR_HOOK]( 8987): [gh30x_fifo_evt_spo2_mode_calc] enter
09-03 11:34:27.970 E/[GH_ROMAII_SENSOR_HOOK]( 8987): [handle_spo2_mode_result] enter
09-03 11:34:27.970 E/[GH_ROMAII_SENSOR_HOOK]( 8987): GH_3011 spo2_result : 98 , lvl 76 , hb 53, lvl44 , wearing 1
09-03 11:34:27.990 E/[GH_I2C_BUS]( 8987): gh_dev_report_key 1, weared 1 ,ppg 53 ,spo2 98 ,ret 0
09-03 11:34:27.990 E/[GH_ROMAII_SENSOR_HOOK]( 8987): [handle_spo2_mode_result] exit
09-03 11:34:27.990 E/[GH_ROMAII_SENSOR_HOOK]( 8987): spo2 calc, gs_len=40, result=98,76,53,44,1240,0,0,0,100,1,5550,1
09-03 11:34:27.990 E/[GH_ROMAII_SENSOR_HOOK]( 8987): [gh30x_fifo_evt_spo2_mode_calc] wearing_state:1
09-03 11:34:27.990 E/[GH_ROMAII_SENSOR_HOOK]( 8987): [gh30x_fifo_evt_spo2_mode_calc] not unwear state
09-03 11:34:27.990 E/[GH_ROMAII_SENSOR_HOOK]( 8987): [gh30x_fifo_evt_spo2_mode_calc] exit
09-03 11:34:27.990 E/[GH_ROMAII_SENSOR_HOOK]( 8987): [gh30x_fifo_evt_handler] exit
09-03 11:34:27.990 E/[GH_ROMAII_SENSOR_HOOK]( 8987): [gh30x_int_msg_handler] exit
09-03 11:34:27.990 E/[GH_I2C_BUS]( 8987): start gh_dev_wait_irq
09-03 11:34:28.930 W/WindowManager(  647): Focused window stay null too long, have a update!
09-03 11:34:28.930 V/WindowManager(  647): Looking for focus: 1 = Window{41b914a8 u0 KeyguardScrim} = null, flags=1116416, canReceive=false mViewVisibility=8 mHasSurface=false
09-03 11:34:28.930 V/WindowManager(  647): Looking for focus: 0 = Window{4191a5c0 u0 com.android.systemui.ImageWallpaper} = null, flags=792, canReceive=false mViewVisibility=0 mHasSurface=true
09-03 11:34:28.930 V/WindowManager(  647): findFocusedWindow: No focusable windows.
09-03 11:34:28.950 E/[GH_I2C_BUS]( 8987): GH end gh_dev_wait_irq 0
09-03 11:34:28.950 E/[GH_ROMAII_SENSOR_HOOK]( 8987): [gh30x_int_msg_handler] enter
09-03 11:34:28.950 E/[GH_ROMAII_SENSOR_HOOK]( 8987): [gh30x_int_msg_handler] gh30x_irq_status:2， type:INT_STATUS_FIFO_WATERMARK
09-03 11:34:28.950 E/[GH_ROMAII_SENSOR_HOOK]( 8987): [gh30x_int_msg_handler] gh30x_adt_working_flag:0
09-03 11:34:28.950 E/[GH_ROMAII_SENSOR_HOOK]( 8987): [gh30x_fifo_evt_handler] enter
09-03 11:34:28.950 E/[GH_ROMAII_SENSOR_HOOK]( 8987): got gh30x fifo evt, func[RUN_MODE_SPO2_DET]
09-03 11:34:28.950 E/[GH_I2C_BUS]( 8987): gh_dev_get_acc_buffer len 40 ret 0
09-03 11:34:28.950 E/[GH_ROMAII_SENSOR_HOOK]( 8987): gsensor_drv_get_fifo_data len 40 
09-03 11:34:28.950 E/[GH_ROMAII_SENSOR_HOOK]( 8987): [gh30x_fifo_evt_spo2_mode_calc] enter
09-03 11:34:28.980 E/[GH_ROMAII_SENSOR_HOOK]( 8987): [handle_spo2_mode_result] enter
09-03 11:34:28.980 E/[GH_ROMAII_SENSOR_HOOK]( 8987): GH_3011 spo2_result : 98 , lvl 76 , hb 53, lvl44 , wearing 1
09-03 11:34:28.990 E/[GH_I2C_BUS]( 8987): gh_dev_report_key 1, weared 1 ,ppg 53 ,spo2 98 ,ret 0
09-03 11:34:28.990 E/[GH_ROMAII_SENSOR_HOOK]( 8987): [handle_spo2_mode_result] exit
09-03 11:34:28.990 E/[GH_ROMAII_SENSOR_HOOK]( 8987): spo2 calc, gs_len=40, result=98,76,53,44,1280,0,0,0,100,1,5550,1
09-03 11:34:28.990 E/[GH_ROMAII_SENSOR_HOOK]( 8987): [gh30x_fifo_evt_spo2_mode_calc] wearing_state:1
09-03 11:34:28.990 E/[GH_ROMAII_SENSOR_HOOK]( 8987): [gh30x_fifo_evt_spo2_mode_calc] not unwear state
09-03 11:34:28.990 E/[GH_ROMAII_SENSOR_HOOK]( 8987): [gh30x_fifo_evt_spo2_mode_calc] exit
09-03 11:34:28.990 E/[GH_ROMAII_SENSOR_HOOK]( 8987): [gh30x_fifo_evt_handler] exit
09-03 11:34:28.990 E/[GH_ROMAII_SENSOR_HOOK]( 8987): [gh30x_int_msg_handler] exit
09-03 11:34:28.990 E/[GH_I2C_BUS]( 8987): start gh_dev_wait_irq
09-03 11:34:29.240 D/WCND    (  217): is_cp2_alive_ok: open polling interface: /proc/mdbg/loopcheck, fd = 17
09-03 11:34:29.340 D/WCND    (  217): is_cp2_alive_ok: loop: /proc/mdbg/loopcheck is OK
09-03 11:34:29.680 D/LIBGPS  (  647): watchdog_open PowerState:GE2 CP SLEEP readcount:800852
09-03 11:34:29.960 E/[GH_I2C_BUS]( 8987): GH end gh_dev_wait_irq 0
09-03 11:34:29.960 E/[GH_ROMAII_SENSOR_HOOK]( 8987): [gh30x_int_msg_handler] enter
09-03 11:34:29.960 E/[GH_ROMAII_SENSOR_HOOK]( 8987): [gh30x_int_msg_handler] gh30x_irq_status:2， type:INT_STATUS_FIFO_WATERMARK
09-03 11:34:29.960 E/[GH_ROMAII_SENSOR_HOOK]( 8987): [gh30x_int_msg_handler] gh30x_adt_working_flag:0
09-03 11:34:29.960 E/[GH_ROMAII_SENSOR_HOOK]( 8987): [gh30x_fifo_evt_handler] enter
09-03 11:34:29.960 E/[GH_ROMAII_SENSOR_HOOK]( 8987): got gh30x fifo evt, func[RUN_MODE_SPO2_DET]
09-03 11:34:29.960 E/[GH_I2C_BUS]( 8987): gh_dev_get_acc_buffer len 39 ret 0
09-03 11:34:29.960 E/[GH_ROMAII_SENSOR_HOOK]( 8987): gsensor_drv_get_fifo_data len 39 
09-03 11:34:29.960 E/[GH_ROMAII_SENSOR_HOOK]( 8987): [gh30x_fifo_evt_spo2_mode_calc] enter
09-03 11:34:29.980 E/[GH_ROMAII_SENSOR_HOOK]( 8987): [handle_spo2_mode_result] enter
09-03 11:34:29.980 E/[GH_ROMAII_SENSOR_HOOK]( 8987): GH_3011 spo2_result : 98 , lvl 76 , hb 53, lvl44 , wearing 1
09-03 11:34:29.990 E/[GH_I2C_BUS]( 8987): gh_dev_report_key 1, weared 1 ,ppg 53 ,spo2 98 ,ret 0
09-03 11:34:29.990 E/[GH_ROMAII_SENSOR_HOOK]( 8987): [handle_spo2_mode_result] exit
09-03 11:34:29.990 E/[GH_ROMAII_SENSOR_HOOK]( 8987): spo2 calc, gs_len=39, result=98,76,53,44,1200,0,0,0,100,1,5550,1
09-03 11:34:29.990 E/[GH_ROMAII_SENSOR_HOOK]( 8987): [gh30x_fifo_evt_spo2_mode_calc] wearing_state:1
09-03 11:34:29.990 E/[GH_ROMAII_SENSOR_HOOK]( 8987): [gh30x_fifo_evt_spo2_mode_calc] not unwear state
09-03 11:34:29.990 E/[GH_ROMAII_SENSOR_HOOK]( 8987): [gh30x_fifo_evt_spo2_mode_calc] exit
09-03 11:34:29.990 E/[GH_ROMAII_SENSOR_HOOK]( 8987): [gh30x_fifo_evt_handler] exit
09-03 11:34:29.990 E/[GH_ROMAII_SENSOR_HOOK]( 8987): [gh30x_int_msg_handler] exit
09-03 11:34:29.990 E/[GH_I2C_BUS]( 8987): start gh_dev_wait_irq
09-03 11:34:30.960 E/[GH_I2C_BUS]( 8987): GH end gh_dev_wait_irq 0
09-03 11:34:30.960 E/[GH_ROMAII_SENSOR_HOOK]( 8987): [gh30x_int_msg_handler] enter
09-03 11:34:30.960 E/[GH_ROMAII_SENSOR_HOOK]( 8987): [gh30x_int_msg_handler] gh30x_irq_status:2， type:INT_STATUS_FIFO_WATERMARK
09-03 11:34:30.960 E/[GH_ROMAII_SENSOR_HOOK]( 8987): [gh30x_int_msg_handler] gh30x_adt_working_flag:0
09-03 11:34:30.960 E/[GH_ROMAII_SENSOR_HOOK]( 8987): [gh30x_fifo_evt_handler] enter
09-03 11:34:30.960 E/[GH_ROMAII_SENSOR_HOOK]( 8987): got gh30x fifo evt, func[RUN_MODE_SPO2_DET]
09-03 11:34:30.960 E/[GH_I2C_BUS]( 8987): gh_dev_get_acc_buffer len 40 ret 0
09-03 11:34:30.960 E/[GH_ROMAII_SENSOR_HOOK]( 8987): gsensor_drv_get_fifo_data len 40 
09-03 11:34:30.960 E/[GH_ROMAII_SENSOR_HOOK]( 8987): [gh30x_fifo_evt_spo2_mode_calc] enter
09-03 11:34:30.980 E/[GH_ROMAII_SENSOR_HOOK]( 8987): [handle_spo2_mode_result] enter
09-03 11:34:30.980 E/[GH_ROMAII_SENSOR_HOOK]( 8987): GH_3011 spo2_result : 98 , lvl 76 , hb 53, lvl44 , wearing 1
09-03 11:34:31.000 E/[GH_I2C_BUS]( 8987): gh_dev_report_key 1, weared 1 ,ppg 53 ,spo2 98 ,ret 0
09-03 11:34:31.000 E/[GH_ROMAII_SENSOR_HOOK]( 8987): [handle_spo2_mode_result] exit
09-03 11:34:31.000 E/[GH_ROMAII_SENSOR_HOOK]( 8987): spo2 calc, gs_len=40, result=98,76,53,44,1160,0,0,0,40,1,5550,1
09-03 11:34:31.000 E/[GH_ROMAII_SENSOR_HOOK]( 8987): [gh30x_fifo_evt_spo2_mode_calc] wearing_state:1
09-03 11:34:31.000 E/[GH_ROMAII_SENSOR_HOOK]( 8987): [gh30x_fifo_evt_spo2_mode_calc] not unwear state
09-03 11:34:31.000 E/[GH_ROMAII_SENSOR_HOOK]( 8987): [gh30x_fifo_evt_spo2_mode_calc] exit
09-03 11:34:31.000 E/[GH_ROMAII_SENSOR_HOOK]( 8987): [gh30x_fifo_evt_handler] exit
09-03 11:34:31.000 E/[GH_ROMAII_SENSOR_HOOK]( 8987): [gh30x_int_msg_handler] exit
09-03 11:34:31.000 E/[GH_I2C_BUS]( 8987): start gh_dev_wait_irq
09-03 11:34:31.680 D/LIBGPS  (  647): watchdog_open PowerState:GE2 CP SLEEP readcount:800852
09-03 11:34:31.940 W/WindowManager(  647): Focused window stay null too long, have a update!
09-03 11:34:31.940 V/WindowManager(  647): Looking for focus: 1 = Window{41b914a8 u0 KeyguardScrim} = null, flags=1116416, canReceive=false mViewVisibility=8 mHasSurface=false
09-03 11:34:31.940 V/WindowManager(  647): Looking for focus: 0 = Window{4191a5c0 u0 com.android.systemui.ImageWallpaper} = null, flags=792, canReceive=false mViewVisibility=0 mHasSurface=true
09-03 11:34:31.940 V/WindowManager(  647): findFocusedWindow: No focusable windows.
09-03 11:34:31.960 E/[GH_I2C_BUS]( 8987): GH end gh_dev_wait_irq 0
09-03 11:34:31.960 E/[GH_ROMAII_SENSOR_HOOK]( 8987): [gh30x_int_msg_handler] enter
09-03 11:34:31.960 E/[GH_ROMAII_SENSOR_HOOK]( 8987): [gh30x_int_msg_handler] gh30x_irq_status:2， type:INT_STATUS_FIFO_WATERMARK
09-03 11:34:31.960 E/[GH_ROMAII_SENSOR_HOOK]( 8987): [gh30x_int_msg_handler] gh30x_adt_working_flag:0
09-03 11:34:31.960 E/[GH_ROMAII_SENSOR_HOOK]( 8987): [gh30x_fifo_evt_handler] enter
09-03 11:34:31.960 E/[GH_ROMAII_SENSOR_HOOK]( 8987): got gh30x fifo evt, func[RUN_MODE_SPO2_DET]
09-03 11:34:31.960 E/[GH_I2C_BUS]( 8987): gh_dev_get_acc_buffer len 40 ret 0
09-03 11:34:31.960 E/[GH_ROMAII_SENSOR_HOOK]( 8987): gsensor_drv_get_fifo_data len 40 
09-03 11:34:31.960 E/[GH_ROMAII_SENSOR_HOOK]( 8987): [gh30x_fifo_evt_spo2_mode_calc] enter
09-03 11:34:31.990 E/[GH_ROMAII_SENSOR_HOOK]( 8987): [handle_spo2_mode_result] enter
09-03 11:34:31.990 E/[GH_ROMAII_SENSOR_HOOK]( 8987): GH_3011 spo2_result : 98 , lvl 70 , hb 53, lvl44 , wearing 1
09-03 11:34:32.000 E/[GH_I2C_BUS]( 8987): gh_dev_report_key 1, weared 1 ,ppg 53 ,spo2 98 ,ret 0
09-03 11:34:32.000 E/[GH_ROMAII_SENSOR_HOOK]( 8987): [handle_spo2_mode_result] exit
09-03 11:34:32.000 E/[GH_ROMAII_SENSOR_HOOK]( 8987): spo2 calc, gs_len=40, result=98,70,53,44,1210,0,0,0,40,1,5550,1
09-03 11:34:32.000 E/[GH_ROMAII_SENSOR_HOOK]( 8987): [gh30x_fifo_evt_spo2_mode_calc] wearing_state:1
09-03 11:34:32.000 E/[GH_ROMAII_SENSOR_HOOK]( 8987): [gh30x_fifo_evt_spo2_mode_calc] not unwear state
09-03 11:34:32.000 E/[GH_ROMAII_SENSOR_HOOK]( 8987): [gh30x_fifo_evt_spo2_mode_calc] exit
09-03 11:34:32.000 E/[GH_ROMAII_SENSOR_HOOK]( 8987): [gh30x_fifo_evt_handler] exit
09-03 11:34:32.000 E/[GH_ROMAII_SENSOR_HOOK]( 8987): [gh30x_int_msg_handler] exit
09-03 11:34:32.000 E/[GH_I2C_BUS]( 8987): start gh_dev_wait_irq
09-03 11:34:32.660 E/LIBGPS  (  647): read socet_client error: Try again
09-03 11:34:32.970 E/[GH_I2C_BUS]( 8987): GH end gh_dev_wait_irq 0
09-03 11:34:32.970 E/[GH_ROMAII_SENSOR_HOOK]( 8987): [gh30x_int_msg_handler] enter
09-03 11:34:32.970 E/[GH_ROMAII_SENSOR_HOOK]( 8987): [gh30x_int_msg_handler] gh30x_irq_status:2， type:INT_STATUS_FIFO_WATERMARK
09-03 11:34:32.970 E/[GH_ROMAII_SENSOR_HOOK]( 8987): [gh30x_int_msg_handler] gh30x_adt_working_flag:0
09-03 11:34:32.970 E/[GH_ROMAII_SENSOR_HOOK]( 8987): [gh30x_fifo_evt_handler] enter
09-03 11:34:32.970 E/[GH_ROMAII_SENSOR_HOOK]( 8987): got gh30x fifo evt, func[RUN_MODE_SPO2_DET]
09-03 11:34:32.970 E/[GH_I2C_BUS]( 8987): gh_dev_get_acc_buffer len 39 ret 0
09-03 11:34:32.970 E/[GH_ROMAII_SENSOR_HOOK]( 8987): gsensor_drv_get_fifo_data len 39 
09-03 11:34:32.970 E/[GH_ROMAII_SENSOR_HOOK]( 8987): [gh30x_fifo_evt_spo2_mode_calc] enter
09-03 11:34:32.990 E/[GH_ROMAII_SENSOR_HOOK]( 8987): [handle_spo2_mode_result] enter
09-03 11:34:32.990 E/[GH_ROMAII_SENSOR_HOOK]( 8987): GH_3011 spo2_result : 98 , lvl 61 , hb 53, lvl44 , wearing 1
09-03 11:34:33.000 E/[GH_I2C_BUS]( 8987): gh_dev_report_key 1, weared 1 ,ppg 53 ,spo2 98 ,ret 0
09-03 11:34:33.000 E/[GH_ROMAII_SENSOR_HOOK]( 8987): [handle_spo2_mode_result] exit
09-03 11:34:33.000 E/[GH_ROMAII_SENSOR_HOOK]( 8987): spo2 calc, gs_len=39, result=98,61,53,44,860,588,0,0,40,2,5550,1
09-03 11:34:33.000 E/[GH_ROMAII_SENSOR_HOOK]( 8987): [gh30x_fifo_evt_spo2_mode_calc] wearing_state:1
09-03 11:34:33.000 E/[GH_ROMAII_SENSOR_HOOK]( 8987): [gh30x_fifo_evt_spo2_mode_calc] not unwear state
09-03 11:34:33.000 E/[GH_ROMAII_SENSOR_HOOK]( 8987): [gh30x_fifo_evt_spo2_mode_calc] exit
09-03 11:34:33.000 E/[GH_ROMAII_SENSOR_HOOK]( 8987): [gh30x_fifo_evt_handler] exit
09-03 11:34:33.000 E/[GH_ROMAII_SENSOR_HOOK]( 8987): [gh30x_int_msg_handler] exit
09-03 11:34:33.000 E/[GH_I2C_BUS]( 8987): start gh_dev_wait_irq
09-03 11:34:33.690 D/LIBGPS  (  647): watchdog_open PowerState:GE2 CP SLEEP readcount:800852
09-03 11:34:33.970 E/[GH_I2C_BUS]( 8987): GH end gh_dev_wait_irq 0
09-03 11:34:33.970 E/[GH_ROMAII_SENSOR_HOOK]( 8987): [gh30x_int_msg_handler] enter
09-03 11:34:33.970 E/[GH_ROMAII_SENSOR_HOOK]( 8987): [gh30x_int_msg_handler] gh30x_irq_status:2， type:INT_STATUS_FIFO_WATERMARK
09-03 11:34:33.970 E/[GH_ROMAII_SENSOR_HOOK]( 8987): [gh30x_int_msg_handler] gh30x_adt_working_flag:0
09-03 11:34:33.970 E/[GH_ROMAII_SENSOR_HOOK]( 8987): [gh30x_fifo_evt_handler] enter
09-03 11:34:33.970 E/[GH_ROMAII_SENSOR_HOOK]( 8987): got gh30x fifo evt, func[RUN_MODE_SPO2_DET]
09-03 11:34:33.970 E/[GH_I2C_BUS]( 8987): gh_dev_get_acc_buffer len 40 ret 0
09-03 11:34:33.970 E/[GH_ROMAII_SENSOR_HOOK]( 8987): gsensor_drv_get_fifo_data len 40 
09-03 11:34:33.970 E/[GH_ROMAII_SENSOR_HOOK]( 8987): [gh30x_fifo_evt_spo2_mode_calc] enter
09-03 11:34:33.990 E/[GH_ROMAII_SENSOR_HOOK]( 8987): [handle_spo2_mode_result] enter
09-03 11:34:33.990 E/[GH_ROMAII_SENSOR_HOOK]( 8987): GH_3011 spo2_result : 98 , lvl 59 , hb 53, lvl44 , wearing 1
09-03 11:34:34.010 E/[GH_I2C_BUS]( 8987): gh_dev_report_key 1, weared 1 ,ppg 53 ,spo2 98 ,ret 0
09-03 11:34:34.010 E/[GH_ROMAII_SENSOR_HOOK]( 8987): [handle_spo2_mode_result] exit
09-03 11:34:34.010 E/[GH_ROMAII_SENSOR_HOOK]( 8987): spo2 calc, gs_len=40, result=98,59,53,44,588,620,0,0,40,2,5550,1
09-03 11:34:34.010 E/[GH_ROMAII_SENSOR_HOOK]( 8987): [gh30x_fifo_evt_spo2_mode_calc] wearing_state:1
09-03 11:34:34.010 E/[GH_ROMAII_SENSOR_HOOK]( 8987): [gh30x_fifo_evt_spo2_mode_calc] not unwear state
09-03 11:34:34.010 E/[GH_ROMAII_SENSOR_HOOK]( 8987): [gh30x_fifo_evt_spo2_mode_calc] exit
09-03 11:34:34.010 E/[GH_ROMAII_SENSOR_HOOK]( 8987): [gh30x_fifo_evt_handler] exit
09-03 11:34:34.010 E/[GH_ROMAII_SENSOR_HOOK]( 8987): [gh30x_int_msg_handler] exit
09-03 11:34:34.010 E/[GH_I2C_BUS]( 8987): start gh_dev_wait_irq
09-03 11:34:34.350 D/WCND    (  217): is_cp2_alive_ok: open polling interface: /proc/mdbg/loopcheck, fd = 17
09-03 11:34:34.450 D/WCND    (  217): is_cp2_alive_ok: loop: /proc/mdbg/loopcheck is OK
09-03 11:34:34.950 W/WindowManager(  647): Focused window stay null too long, have a update!
09-03 11:34:34.950 V/WindowManager(  647): Looking for focus: 1 = Window{41b914a8 u0 KeyguardScrim} = null, flags=1116416, canReceive=false mViewVisibility=8 mHasSurface=false
09-03 11:34:34.950 V/WindowManager(  647): Looking for focus: 0 = Window{4191a5c0 u0 com.android.systemui.ImageWallpaper} = null, flags=792, canReceive=false mViewVisibility=0 mHasSurface=true
09-03 11:34:34.950 V/WindowManager(  647): findFocusedWindow: No focusable windows.
09-03 11:34:34.970 E/[GH_I2C_BUS]( 8987): GH end gh_dev_wait_irq 0
09-03 11:34:34.970 E/[GH_ROMAII_SENSOR_HOOK]( 8987): [gh30x_int_msg_handler] enter
09-03 11:34:34.970 E/[GH_ROMAII_SENSOR_HOOK]( 8987): [gh30x_int_msg_handler] gh30x_irq_status:2， type:INT_STATUS_FIFO_WATERMARK
09-03 11:34:34.970 E/[GH_ROMAII_SENSOR_HOOK]( 8987): [gh30x_int_msg_handler] gh30x_adt_working_flag:0
09-03 11:34:34.970 E/[GH_ROMAII_SENSOR_HOOK]( 8987): [gh30x_fifo_evt_handler] enter
09-03 11:34:34.970 E/[GH_ROMAII_SENSOR_HOOK]( 8987): got gh30x fifo evt, func[RUN_MODE_SPO2_DET]
09-03 11:34:34.970 E/[GH_I2C_BUS]( 8987): gh_dev_get_acc_buffer len 39 ret 0
09-03 11:34:34.970 E/[GH_ROMAII_SENSOR_HOOK]( 8987): gsensor_drv_get_fifo_data len 39 
09-03 11:34:34.970 E/[GH_ROMAII_SENSOR_HOOK]( 8987): [gh30x_fifo_evt_spo2_mode_calc] enter
09-03 11:34:35.000 E/[GH_ROMAII_SENSOR_HOOK]( 8987): [handle_spo2_mode_result] enter
09-03 11:34:35.000 E/[GH_ROMAII_SENSOR_HOOK]( 8987): GH_3011 spo2_result : 98 , lvl 59 , hb 54, lvl45 , wearing 1
09-03 11:34:35.010 E/[GH_I2C_BUS]( 8987): gh_dev_report_key 1, weared 1 ,ppg 54 ,spo2 98 ,ret 0
09-03 11:34:35.010 E/[GH_ROMAII_SENSOR_HOOK]( 8987): [handle_spo2_mode_result] exit
09-03 11:34:35.010 E/[GH_ROMAII_SENSOR_HOOK]( 8987): spo2 calc, gs_len=39, result=98,59,54,45,588,588,588,0,40,3,5550,1
09-03 11:34:35.010 E/[GH_ROMAII_SENSOR_HOOK]( 8987): [gh30x_fifo_evt_spo2_mode_calc] wearing_state:1
09-03 11:34:35.010 E/[GH_ROMAII_SENSOR_HOOK]( 8987): [gh30x_fifo_evt_spo2_mode_calc] not unwear state
09-03 11:34:35.010 E/[GH_ROMAII_SENSOR_HOOK]( 8987): [gh30x_fifo_evt_spo2_mode_calc] exit
09-03 11:34:35.010 E/[GH_ROMAII_SENSOR_HOOK]( 8987): [gh30x_fifo_evt_handler] exit
09-03 11:34:35.010 E/[GH_ROMAII_SENSOR_HOOK]( 8987): [gh30x_int_msg_handler] exit
09-03 11:34:35.010 E/[GH_I2C_BUS]( 8987): start gh_dev_wait_irq
09-03 11:34:35.690 D/LIBGPS  (  647): watchdog_open PowerState:GE2 CP SLEEP readcount:800852
09-03 11:34:35.980 E/[GH_I2C_BUS]( 8987): GH end gh_dev_wait_irq 0
09-03 11:34:35.980 E/[GH_ROMAII_SENSOR_HOOK]( 8987): [gh30x_int_msg_handler] enter
09-03 11:34:35.980 E/[GH_ROMAII_SENSOR_HOOK]( 8987): [gh30x_int_msg_handler] gh30x_irq_status:2， type:INT_STATUS_FIFO_WATERMARK
09-03 11:34:35.980 E/[GH_ROMAII_SENSOR_HOOK]( 8987): [gh30x_int_msg_handler] gh30x_adt_working_flag:0
09-03 11:34:35.980 E/[GH_ROMAII_SENSOR_HOOK]( 8987): [gh30x_fifo_evt_handler] enter
09-03 11:34:35.980 E/[GH_ROMAII_SENSOR_HOOK]( 8987): got gh30x fifo evt, func[RUN_MODE_SPO2_DET]
09-03 11:34:35.980 E/[GH_I2C_BUS]( 8987): gh_dev_get_acc_buffer len 39 ret 0
09-03 11:34:35.980 E/[GH_ROMAII_SENSOR_HOOK]( 8987): gsensor_drv_get_fifo_data len 39 
09-03 11:34:35.980 E/[GH_ROMAII_SENSOR_HOOK]( 8987): [gh30x_fifo_evt_spo2_mode_calc] enter
09-03 11:34:36.000 E/[GH_ROMAII_SENSOR_HOOK]( 8987): [handle_spo2_mode_result] enter
09-03 11:34:36.000 E/[GH_ROMAII_SENSOR_HOOK]( 8987): GH_3011 spo2_result : 98 , lvl 58 , hb 54, lvl45 , wearing 1
09-03 11:34:36.010 E/[GH_I2C_BUS]( 8987): gh_dev_report_key 1, weared 1 ,ppg 54 ,spo2 98 ,ret 0
09-03 11:34:36.010 E/[GH_ROMAII_SENSOR_HOOK]( 8987): [handle_spo2_mode_result] exit
09-03 11:34:36.010 E/[GH_ROMAII_SENSOR_HOOK]( 8987): spo2 calc, gs_len=39, result=98,58,54,45,588,588,0,0,40,2,5550,1
09-03 11:34:36.010 E/[GH_ROMAII_SENSOR_HOOK]( 8987): [gh30x_fifo_evt_spo2_mode_calc] wearing_state:1
09-03 11:34:36.010 E/[GH_ROMAII_SENSOR_HOOK]( 8987): [gh30x_fifo_evt_spo2_mode_calc] not unwear state
09-03 11:34:36.010 E/[GH_ROMAII_SENSOR_HOOK]( 8987): [gh30x_fifo_evt_spo2_mode_calc] exit
09-03 11:34:36.010 E/[GH_ROMAII_SENSOR_HOOK]( 8987): [gh30x_fifo_evt_handler] exit
09-03 11:34:36.010 E/[GH_ROMAII_SENSOR_HOOK]( 8987): [gh30x_int_msg_handler] exit
09-03 11:34:36.010 E/[GH_I2C_BUS]( 8987): start gh_dev_wait_irq
09-03 11:34:36.980 E/[GH_I2C_BUS]( 8987): GH end gh_dev_wait_irq 0
09-03 11:34:36.980 E/[GH_ROMAII_SENSOR_HOOK]( 8987): [gh30x_int_msg_handler] enter
09-03 11:34:36.980 E/[GH_ROMAII_SENSOR_HOOK]( 8987): [gh30x_int_msg_handler] gh30x_irq_status:2， type:INT_STATUS_FIFO_WATERMARK
09-03 11:34:36.980 E/[GH_ROMAII_SENSOR_HOOK]( 8987): [gh30x_int_msg_handler] gh30x_adt_working_flag:0
09-03 11:34:36.980 E/[GH_ROMAII_SENSOR_HOOK]( 8987): [gh30x_fifo_evt_handler] enter
09-03 11:34:36.980 E/[GH_ROMAII_SENSOR_HOOK]( 8987): got gh30x fifo evt, func[RUN_MODE_SPO2_DET]
09-03 11:34:36.980 E/[GH_I2C_BUS]( 8987): gh_dev_get_acc_buffer len 40 ret 0
09-03 11:34:36.980 E/[GH_ROMAII_SENSOR_HOOK]( 8987): gsensor_drv_get_fifo_data len 40 
09-03 11:34:36.980 E/[GH_ROMAII_SENSOR_HOOK]( 8987): [gh30x_fifo_evt_spo2_mode_calc] enter
09-03 11:34:37.000 E/[GH_ROMAII_SENSOR_HOOK]( 8987): [handle_spo2_mode_result] enter
09-03 11:34:37.000 E/[GH_ROMAII_SENSOR_HOOK]( 8987): GH_3011 spo2_result : 98 , lvl 56 , hb 54, lvl45 , wearing 1
09-03 11:34:37.020 E/[GH_I2C_BUS]( 8987): gh_dev_report_key 1, weared 1 ,ppg 54 ,spo2 98 ,ret 0
09-03 11:34:37.020 E/[GH_ROMAII_SENSOR_HOOK]( 8987): [handle_spo2_mode_result] exit
09-03 11:34:37.020 E/[GH_ROMAII_SENSOR_HOOK]( 8987): spo2 calc, gs_len=40, result=98,56,54,45,820,0,0,0,40,1,5550,1
09-03 11:34:37.020 E/[GH_ROMAII_SENSOR_HOOK]( 8987): [gh30x_fifo_evt_spo2_mode_calc] wearing_state:1
09-03 11:34:37.020 E/[GH_ROMAII_SENSOR_HOOK]( 8987): [gh30x_fifo_evt_spo2_mode_calc] not unwear state
09-03 11:34:37.020 E/[GH_ROMAII_SENSOR_HOOK]( 8987): [gh30x_fifo_evt_spo2_mode_calc] exit
09-03 11:34:37.020 E/[GH_ROMAII_SENSOR_HOOK]( 8987): [gh30x_fifo_evt_handler] exit
09-03 11:34:37.020 E/[GH_ROMAII_SENSOR_HOOK]( 8987): [gh30x_int_msg_handler] exit
09-03 11:34:37.020 E/[GH_I2C_BUS]( 8987): start gh_dev_wait_irq
09-03 11:34:37.660 E/LIBGPS  (  647): read socet_client error: Try again
09-03 11:34:37.690 D/LIBGPS  (  647): watchdog_open PowerState:GE2 CP SLEEP readcount:800852
09-03 11:34:37.940 W/WindowManager(  647): Focused window stay null too long, have a update!
09-03 11:34:37.940 V/WindowManager(  647): Looking for focus: 1 = Window{41b914a8 u0 KeyguardScrim} = null, flags=1116416, canReceive=false mViewVisibility=8 mHasSurface=false
09-03 11:34:37.940 V/WindowManager(  647): Looking for focus: 0 = Window{4191a5c0 u0 com.android.systemui.ImageWallpaper} = null, flags=792, canReceive=false mViewVisibility=0 mHasSurface=true
09-03 11:34:37.940 V/WindowManager(  647): findFocusedWindow: No focusable windows.
09-03 11:34:37.980 E/[GH_I2C_BUS]( 8987): GH end gh_dev_wait_irq 0
09-03 11:34:37.980 E/[GH_ROMAII_SENSOR_HOOK]( 8987): [gh30x_int_msg_handler] enter
09-03 11:34:37.980 E/[GH_ROMAII_SENSOR_HOOK]( 8987): [gh30x_int_msg_handler] gh30x_irq_status:2， type:INT_STATUS_FIFO_WATERMARK
09-03 11:34:37.980 E/[GH_ROMAII_SENSOR_HOOK]( 8987): [gh30x_int_msg_handler] gh30x_adt_working_flag:0
09-03 11:34:37.980 E/[GH_ROMAII_SENSOR_HOOK]( 8987): [gh30x_fifo_evt_handler] enter
09-03 11:34:37.980 E/[GH_ROMAII_SENSOR_HOOK]( 8987): got gh30x fifo evt, func[RUN_MODE_SPO2_DET]
09-03 11:34:37.980 E/[GH_I2C_BUS]( 8987): gh_dev_get_acc_buffer len 40 ret 0
09-03 11:34:37.980 E/[GH_ROMAII_SENSOR_HOOK]( 8987): gsensor_drv_get_fifo_data len 40 
09-03 11:34:37.980 E/[GH_ROMAII_SENSOR_HOOK]( 8987): [gh30x_fifo_evt_spo2_mode_calc] enter
09-03 11:34:38.010 E/[GH_ROMAII_SENSOR_HOOK]( 8987): [handle_spo2_mode_result] enter
09-03 11:34:38.010 E/[GH_ROMAII_SENSOR_HOOK]( 8987): GH_3011 spo2_result : 98 , lvl 54 , hb 54, lvl45 , wearing 1
09-03 11:34:38.030 E/[GH_I2C_BUS]( 8987): gh_dev_report_key 1, weared 1 ,ppg 54 ,spo2 98 ,ret 0
09-03 11:34:38.030 E/[GH_ROMAII_SENSOR_HOOK]( 8987): [handle_spo2_mode_result] exit
09-03 11:34:38.030 E/[GH_ROMAII_SENSOR_HOOK]( 8987): spo2 calc, gs_len=40, result=98,54,54,45,588,588,0,0,40,2,5550,1
09-03 11:34:38.030 E/[GH_ROMAII_SENSOR_HOOK]( 8987): [gh30x_fifo_evt_spo2_mode_calc] wearing_state:1
09-03 11:34:38.030 E/[GH_ROMAII_SENSOR_HOOK]( 8987): [gh30x_fifo_evt_spo2_mode_calc] not unwear state
09-03 11:34:38.030 E/[GH_ROMAII_SENSOR_HOOK]( 8987): [gh30x_fifo_evt_spo2_mode_calc] exit
09-03 11:34:38.030 E/[GH_ROMAII_SENSOR_HOOK]( 8987): [gh30x_fifo_evt_handler] exit
09-03 11:34:38.030 E/[GH_ROMAII_SENSOR_HOOK]( 8987): [gh30x_int_msg_handler] exit
09-03 11:34:38.030 E/[GH_I2C_BUS]( 8987): start gh_dev_wait_irq
09-03 11:34:38.990 E/[GH_I2C_BUS]( 8987): GH end gh_dev_wait_irq 0
09-03 11:34:38.990 E/[GH_ROMAII_SENSOR_HOOK]( 8987): [gh30x_int_msg_handler] enter
09-03 11:34:38.990 E/[GH_ROMAII_SENSOR_HOOK]( 8987): [gh30x_int_msg_handler] gh30x_irq_status:2， type:INT_STATUS_FIFO_WATERMARK
09-03 11:34:38.990 E/[GH_ROMAII_SENSOR_HOOK]( 8987): [gh30x_int_msg_handler] gh30x_adt_working_flag:0
09-03 11:34:38.990 E/[GH_ROMAII_SENSOR_HOOK]( 8987): [gh30x_fifo_evt_handler] enter
09-03 11:34:38.990 E/[GH_ROMAII_SENSOR_HOOK]( 8987): got gh30x fifo evt, func[RUN_MODE_SPO2_DET]
09-03 11:34:38.990 E/[GH_I2C_BUS]( 8987): gh_dev_get_acc_buffer len 40 ret 0
09-03 11:34:38.990 E/[GH_ROMAII_SENSOR_HOOK]( 8987): gsensor_drv_get_fifo_data len 40 
09-03 11:34:38.990 E/[GH_ROMAII_SENSOR_HOOK]( 8987): [gh30x_fifo_evt_spo2_mode_calc] enter
09-03 11:34:39.010 E/[GH_ROMAII_SENSOR_HOOK]( 8987): [handle_spo2_mode_result] enter
09-03 11:34:39.010 E/[GH_ROMAII_SENSOR_HOOK]( 8987): GH_3011 spo2_result : 98 , lvl 54 , hb 54, lvl45 , wearing 1
09-03 11:34:39.020 E/[GH_I2C_BUS]( 8987): gh_dev_report_key 1, weared 1 ,ppg 54 ,spo2 98 ,ret 0
09-03 11:34:39.020 E/[GH_ROMAII_SENSOR_HOOK]( 8987): [handle_spo2_mode_result] exit
09-03 11:34:39.020 E/[GH_ROMAII_SENSOR_HOOK]( 8987): spo2 calc, gs_len=40, result=98,54,54,45,760,588,0,0,40,2,5550,1
09-03 11:34:39.020 E/[GH_ROMAII_SENSOR_HOOK]( 8987): [gh30x_fifo_evt_spo2_mode_calc] wearing_state:1
09-03 11:34:39.020 E/[GH_ROMAII_SENSOR_HOOK]( 8987): [gh30x_fifo_evt_spo2_mode_calc] not unwear state
09-03 11:34:39.020 E/[GH_ROMAII_SENSOR_HOOK]( 8987): [gh30x_fifo_evt_spo2_mode_calc] exit
09-03 11:34:39.020 E/[GH_ROMAII_SENSOR_HOOK]( 8987): [gh30x_fifo_evt_handler] exit
09-03 11:34:39.020 E/[GH_ROMAII_SENSOR_HOOK]( 8987): [gh30x_int_msg_handler] exit
09-03 11:34:39.020 E/[GH_I2C_BUS]( 8987): start gh_dev_wait_irq
09-03 11:34:39.440 D/WCND    (  217): is_cp2_alive_ok: open polling interface: /proc/mdbg/loopcheck, fd = 17
09-03 11:34:39.550 D/WCND    (  217): is_cp2_alive_ok: loop: /proc/mdbg/loopcheck is OK
09-03 11:34:39.690 D/LIBGPS  (  647): watchdog_open PowerState:GE2 CP SLEEP readcount:800852
09-03 11:34:39.990 E/[GH_I2C_BUS]( 8987): GH end gh_dev_wait_irq 0
09-03 11:34:39.990 E/[GH_ROMAII_SENSOR_HOOK]( 8987): [gh30x_int_msg_handler] enter
09-03 11:34:39.990 E/[GH_ROMAII_SENSOR_HOOK]( 8987): [gh30x_int_msg_handler] gh30x_irq_status:2， type:INT_STATUS_FIFO_WATERMARK
09-03 11:34:39.990 E/[GH_ROMAII_SENSOR_HOOK]( 8987): [gh30x_int_msg_handler] gh30x_adt_working_flag:0
09-03 11:34:39.990 E/[GH_ROMAII_SENSOR_HOOK]( 8987): [gh30x_fifo_evt_handler] enter
09-03 11:34:39.990 E/[GH_ROMAII_SENSOR_HOOK]( 8987): got gh30x fifo evt, func[RUN_MODE_SPO2_DET]
09-03 11:34:39.990 E/[GH_I2C_BUS]( 8987): gh_dev_get_acc_buffer len 39 ret 0
09-03 11:34:39.990 E/[GH_ROMAII_SENSOR_HOOK]( 8987): gsensor_drv_get_fifo_data len 39 
09-03 11:34:39.990 E/[GH_ROMAII_SENSOR_HOOK]( 8987): [gh30x_fifo_evt_spo2_mode_calc] enter
09-03 11:34:40.010 E/[GH_ROMAII_SENSOR_HOOK]( 8987): [handle_spo2_mode_result] enter
09-03 11:34:40.010 E/[GH_ROMAII_SENSOR_HOOK]( 8987): GH_3011 spo2_result : 98 , lvl 54 , hb 54, lvl45 , wearing 1
09-03 11:34:40.030 E/[GH_I2C_BUS]( 8987): gh_dev_report_key 1, weared 1 ,ppg 54 ,spo2 98 ,ret 0
09-03 11:34:40.030 E/[GH_ROMAII_SENSOR_HOOK]( 8987): [handle_spo2_mode_result] exit
09-03 11:34:40.030 E/[GH_ROMAII_SENSOR_HOOK]( 8987): spo2 calc, gs_len=39, result=98,54,54,45,588,588,0,0,40,2,5550,1
09-03 11:34:40.030 E/[GH_ROMAII_SENSOR_HOOK]( 8987): [gh30x_fifo_evt_spo2_mode_calc] wearing_state:1
09-03 11:34:40.030 E/[GH_ROMAII_SENSOR_HOOK]( 8987): [gh30x_fifo_evt_spo2_mode_calc] not unwear state
09-03 11:34:40.030 E/[GH_ROMAII_SENSOR_HOOK]( 8987): [gh30x_fifo_evt_spo2_mode_calc] exit
09-03 11:34:40.030 E/[GH_ROMAII_SENSOR_HOOK]( 8987): [gh30x_fifo_evt_handler] exit
09-03 11:34:40.030 E/[GH_ROMAII_SENSOR_HOOK]( 8987): [gh30x_int_msg_handler] exit
09-03 11:34:40.030 E/[GH_I2C_BUS]( 8987): start gh_dev_wait_irq
09-03 11:34:40.950 W/WindowManager(  647): Focused window stay null too long, have a update!
09-03 11:34:40.950 V/WindowManager(  647): Looking for focus: 1 = Window{41b914a8 u0 KeyguardScrim} = null, flags=1116416, canReceive=false mViewVisibility=8 mHasSurface=false
09-03 11:34:40.950 V/WindowManager(  647): Looking for focus: 0 = Window{4191a5c0 u0 com.android.systemui.ImageWallpaper} = null, flags=792, canReceive=false mViewVisibility=0 mHasSurface=true
09-03 11:34:40.950 V/WindowManager(  647): findFocusedWindow: No focusable windows.
09-03 11:34:40.990 E/[GH_I2C_BUS]( 8987): GH end gh_dev_wait_irq 0
09-03 11:34:40.990 E/[GH_ROMAII_SENSOR_HOOK]( 8987): [gh30x_int_msg_handler] enter
09-03 11:34:40.990 E/[GH_ROMAII_SENSOR_HOOK]( 8987): [gh30x_int_msg_handler] gh30x_irq_status:2， type:INT_STATUS_FIFO_WATERMARK
09-03 11:34:40.990 E/[GH_ROMAII_SENSOR_HOOK]( 8987): [gh30x_int_msg_handler] gh30x_adt_working_flag:0
09-03 11:34:40.990 E/[GH_ROMAII_SENSOR_HOOK]( 8987): [gh30x_fifo_evt_handler] enter
09-03 11:34:40.990 E/[GH_ROMAII_SENSOR_HOOK]( 8987): got gh30x fifo evt, func[RUN_MODE_SPO2_DET]
09-03 11:34:40.990 E/[GH_I2C_BUS]( 8987): gh_dev_get_acc_buffer len 40 ret 0
09-03 11:34:40.990 E/[GH_ROMAII_SENSOR_HOOK]( 8987): gsensor_drv_get_fifo_data len 40 
09-03 11:34:40.990 E/[GH_ROMAII_SENSOR_HOOK]( 8987): [gh30x_fifo_evt_spo2_mode_calc] enter
09-03 11:34:41.020 E/[GH_ROMAII_SENSOR_HOOK]( 8987): [handle_spo2_mode_result] enter
09-03 11:34:41.020 E/[GH_ROMAII_SENSOR_HOOK]( 8987): GH_3011 spo2_result : 98 , lvl 52 , hb 54, lvl45 , wearing 1
09-03 11:34:41.030 E/[GH_I2C_BUS]( 8987): gh_dev_report_key 1, weared 1 ,ppg 54 ,spo2 98 ,ret 0
09-03 11:34:41.030 E/[GH_ROMAII_SENSOR_HOOK]( 8987): [handle_spo2_mode_result] exit
09-03 11:34:41.030 E/[GH_ROMAII_SENSOR_HOOK]( 8987): spo2 calc, gs_len=40, result=98,52,54,45,760,600,0,0,40,2,5550,1
09-03 11:34:41.030 E/[GH_ROMAII_SENSOR_HOOK]( 8987): [gh30x_fifo_evt_spo2_mode_calc] wearing_state:1
09-03 11:34:41.030 E/[GH_ROMAII_SENSOR_HOOK]( 8987): [gh30x_fifo_evt_spo2_mode_calc] not unwear state
09-03 11:34:41.030 E/[GH_ROMAII_SENSOR_HOOK]( 8987): [gh30x_fifo_evt_spo2_mode_calc] exit
09-03 11:34:41.030 E/[GH_ROMAII_SENSOR_HOOK]( 8987): [gh30x_fifo_evt_handler] exit
09-03 11:34:41.030 E/[GH_ROMAII_SENSOR_HOOK]( 8987): [gh30x_int_msg_handler] exit
09-03 11:34:41.030 E/[GH_I2C_BUS]( 8987): start gh_dev_wait_irq
09-03 11:34:41.690 D/LIBGPS  (  647): watchdog_open PowerState:GE2 CP SLEEP readcount:800852
09-03 11:34:42.000 E/[GH_I2C_BUS]( 8987): GH end gh_dev_wait_irq 0
09-03 11:34:42.000 E/[GH_ROMAII_SENSOR_HOOK]( 8987): [gh30x_int_msg_handler] enter
09-03 11:34:42.000 E/[GH_ROMAII_SENSOR_HOOK]( 8987): [gh30x_int_msg_handler] gh30x_irq_status:2， type:INT_STATUS_FIFO_WATERMARK
09-03 11:34:42.000 E/[GH_ROMAII_SENSOR_HOOK]( 8987): [gh30x_int_msg_handler] gh30x_adt_working_flag:0
09-03 11:34:42.000 E/[GH_ROMAII_SENSOR_HOOK]( 8987): [gh30x_fifo_evt_handler] enter
09-03 11:34:42.000 E/[GH_ROMAII_SENSOR_HOOK]( 8987): got gh30x fifo evt, func[RUN_MODE_SPO2_DET]
09-03 11:34:42.000 E/[GH_I2C_BUS]( 8987): gh_dev_get_acc_buffer len 40 ret 0
09-03 11:34:42.000 E/[GH_ROMAII_SENSOR_HOOK]( 8987): gsensor_drv_get_fifo_data len 40 
09-03 11:34:42.000 E/[GH_ROMAII_SENSOR_HOOK]( 8987): [gh30x_fifo_evt_spo2_mode_calc] enter
09-03 11:34:42.020 E/[GH_ROMAII_SENSOR_HOOK]( 8987): [handle_spo2_mode_result] enter
09-03 11:34:42.020 E/[GH_ROMAII_SENSOR_HOOK]( 8987): GH_3011 spo2_result : 98 , lvl 52 , hb 54, lvl45 , wearing 1
09-03 11:34:42.030 E/[GH_I2C_BUS]( 8987): gh_dev_report_key 1, weared 1 ,ppg 54 ,spo2 98 ,ret 0
09-03 11:34:42.030 E/[GH_ROMAII_SENSOR_HOOK]( 8987): [handle_spo2_mode_result] exit
09-03 11:34:42.030 E/[GH_ROMAII_SENSOR_HOOK]( 8987): spo2 calc, gs_len=40, result=98,52,54,45,588,588,0,0,40,2,5550,1
09-03 11:34:42.030 E/[GH_ROMAII_SENSOR_HOOK]( 8987): [gh30x_fifo_evt_spo2_mode_calc] wearing_state:1
09-03 11:34:42.030 E/[GH_ROMAII_SENSOR_HOOK]( 8987): [gh30x_fifo_evt_spo2_mode_calc] not unwear state
09-03 11:34:42.030 E/[GH_ROMAII_SENSOR_HOOK]( 8987): [gh30x_fifo_evt_spo2_mode_calc] exit
09-03 11:34:42.030 E/[GH_ROMAII_SENSOR_HOOK]( 8987): [gh30x_fifo_evt_handler] exit
09-03 11:34:42.030 E/[GH_ROMAII_SENSOR_HOOK]( 8987): [gh30x_int_msg_handler] exit
09-03 11:34:42.030 E/[GH_I2C_BUS]( 8987): start gh_dev_wait_irq
09-03 11:34:42.660 E/LIBGPS  (  647): read socet_client error: Try again
09-03 11:34:43.000 E/[GH_I2C_BUS]( 8987): GH end gh_dev_wait_irq 0
09-03 11:34:43.000 E/[GH_ROMAII_SENSOR_HOOK]( 8987): [gh30x_int_msg_handler] enter
09-03 11:34:43.000 E/[GH_ROMAII_SENSOR_HOOK]( 8987): [gh30x_int_msg_handler] gh30x_irq_status:2， type:INT_STATUS_FIFO_WATERMARK
09-03 11:34:43.000 E/[GH_ROMAII_SENSOR_HOOK]( 8987): [gh30x_int_msg_handler] gh30x_adt_working_flag:0
09-03 11:34:43.000 E/[GH_ROMAII_SENSOR_HOOK]( 8987): [gh30x_fifo_evt_handler] enter
09-03 11:34:43.000 E/[GH_ROMAII_SENSOR_HOOK]( 8987): got gh30x fifo evt, func[RUN_MODE_SPO2_DET]
09-03 11:34:43.000 E/[GH_I2C_BUS]( 8987): gh_dev_get_acc_buffer len 39 ret 0
09-03 11:34:43.000 E/[GH_ROMAII_SENSOR_HOOK]( 8987): gsensor_drv_get_fifo_data len 39 
09-03 11:34:43.000 E/[GH_ROMAII_SENSOR_HOOK]( 8987): [gh30x_fifo_evt_spo2_mode_calc] enter
09-03 11:34:43.020 E/[GH_ROMAII_SENSOR_HOOK]( 8987): [handle_spo2_mode_result] enter
09-03 11:34:43.020 E/[GH_ROMAII_SENSOR_HOOK]( 8987): GH_3011 spo2_result : 98 , lvl 52 , hb 54, lvl45 , wearing 1
09-03 11:34:43.030 E/[GH_I2C_BUS]( 8987): gh_dev_report_key 1, weared 1 ,ppg 54 ,spo2 98 ,ret 0
09-03 11:34:43.030 E/[GH_ROMAII_SENSOR_HOOK]( 8987): [handle_spo2_mode_result] exit
09-03 11:34:43.030 E/[GH_ROMAII_SENSOR_HOOK]( 8987): spo2 calc, gs_len=39, result=98,52,54,45,700,680,0,0,40,2,5550,1
09-03 11:34:43.030 E/[GH_ROMAII_SENSOR_HOOK]( 8987): [gh30x_fifo_evt_spo2_mode_calc] wearing_state:1
09-03 11:34:43.030 E/[GH_ROMAII_SENSOR_HOOK]( 8987): [gh30x_fifo_evt_spo2_mode_calc] not unwear state
09-03 11:34:43.030 E/[GH_ROMAII_SENSOR_HOOK]( 8987): [gh30x_fifo_evt_spo2_mode_calc] exit
09-03 11:34:43.030 E/[GH_ROMAII_SENSOR_HOOK]( 8987): [gh30x_fifo_evt_handler] exit
09-03 11:34:43.030 E/[GH_ROMAII_SENSOR_HOOK]( 8987): [gh30x_int_msg_handler] exit
09-03 11:34:43.030 E/[GH_I2C_BUS]( 8987): start gh_dev_wait_irq
09-03 11:34:43.690 D/LIBGPS  (  647): watchdog_open PowerState:GE2 CP SLEEP readcount:800852
09-03 11:34:43.960 W/WindowManager(  647): Focused window stay null too long, have a update!
09-03 11:34:43.960 V/WindowManager(  647): Looking for focus: 1 = Window{41b914a8 u0 KeyguardScrim} = null, flags=1116416, canReceive=false mViewVisibility=8 mHasSurface=false
09-03 11:34:43.960 V/WindowManager(  647): Looking for focus: 0 = Window{4191a5c0 u0 com.android.systemui.ImageWallpaper} = null, flags=792, canReceive=false mViewVisibility=0 mHasSurface=true
09-03 11:34:43.960 V/WindowManager(  647): findFocusedWindow: No focusable windows.
09-03 11:34:44.000 E/[GH_I2C_BUS]( 8987): GH end gh_dev_wait_irq 0
09-03 11:34:44.000 E/[GH_ROMAII_SENSOR_HOOK]( 8987): [gh30x_int_msg_handler] enter
09-03 11:34:44.000 E/[GH_ROMAII_SENSOR_HOOK]( 8987): [gh30x_int_msg_handler] gh30x_irq_status:2， type:INT_STATUS_FIFO_WATERMARK
09-03 11:34:44.000 E/[GH_ROMAII_SENSOR_HOOK]( 8987): [gh30x_int_msg_handler] gh30x_adt_working_flag:0
09-03 11:34:44.000 E/[GH_ROMAII_SENSOR_HOOK]( 8987): [gh30x_fifo_evt_handler] enter
09-03 11:34:44.000 E/[GH_ROMAII_SENSOR_HOOK]( 8987): got gh30x fifo evt, func[RUN_MODE_SPO2_DET]
09-03 11:34:44.000 E/[GH_I2C_BUS]( 8987): gh_dev_get_acc_buffer len 40 ret 0
09-03 11:34:44.000 E/[GH_ROMAII_SENSOR_HOOK]( 8987): gsensor_drv_get_fifo_data len 40 
09-03 11:34:44.000 E/[GH_ROMAII_SENSOR_HOOK]( 8987): [gh30x_fifo_evt_spo2_mode_calc] enter
09-03 11:34:44.030 E/[GH_ROMAII_SENSOR_HOOK]( 8987): [handle_spo2_mode_result] enter
09-03 11:34:44.030 E/[GH_ROMAII_SENSOR_HOOK]( 8987): GH_3011 spo2_result : 98 , lvl 48 , hb 54, lvl45 , wearing 1
09-03 11:34:44.040 E/[GH_I2C_BUS]( 8987): gh_dev_report_key 1, weared 1 ,ppg 54 ,spo2 98 ,ret 0
09-03 11:34:44.040 E/[GH_ROMAII_SENSOR_HOOK]( 8987): [handle_spo2_mode_result] exit
09-03 11:34:44.040 E/[GH_ROMAII_SENSOR_HOOK]( 8987): spo2 calc, gs_len=40, result=98,48,54,45,910,588,0,0,40,2,5550,1
09-03 11:34:44.040 E/[GH_ROMAII_SENSOR_HOOK]( 8987): [gh30x_fifo_evt_spo2_mode_calc] wearing_state:1
09-03 11:34:44.040 E/[GH_ROMAII_SENSOR_HOOK]( 8987): [gh30x_fifo_evt_spo2_mode_calc] not unwear state
09-03 11:34:44.040 E/[GH_ROMAII_SENSOR_HOOK]( 8987): [gh30x_fifo_evt_spo2_mode_calc] exit
09-03 11:34:44.040 E/[GH_ROMAII_SENSOR_HOOK]( 8987): [gh30x_fifo_evt_handler] exit
09-03 11:34:44.040 E/[GH_ROMAII_SENSOR_HOOK]( 8987): [gh30x_int_msg_handler] exit
09-03 11:34:44.040 E/[GH_I2C_BUS]( 8987): start gh_dev_wait_irq
09-03 11:34:44.550 D/WCND    (  217): is_cp2_alive_ok: open polling interface: /proc/mdbg/loopcheck, fd = 17
09-03 11:34:44.650 D/WCND    (  217): is_cp2_alive_ok: loop: /proc/mdbg/loopcheck is OK
09-03 11:34:45.010 E/[GH_I2C_BUS]( 8987): GH end gh_dev_wait_irq 0
09-03 11:34:45.010 E/[GH_ROMAII_SENSOR_HOOK]( 8987): [gh30x_int_msg_handler] enter
09-03 11:34:45.010 E/[GH_ROMAII_SENSOR_HOOK]( 8987): [gh30x_int_msg_handler] gh30x_irq_status:2， type:INT_STATUS_FIFO_WATERMARK
09-03 11:34:45.010 E/[GH_ROMAII_SENSOR_HOOK]( 8987): [gh30x_int_msg_handler] gh30x_adt_working_flag:0
09-03 11:34:45.010 E/[GH_ROMAII_SENSOR_HOOK]( 8987): [gh30x_fifo_evt_handler] enter
09-03 11:34:45.010 E/[GH_ROMAII_SENSOR_HOOK]( 8987): got gh30x fifo evt, func[RUN_MODE_SPO2_DET]
09-03 11:34:45.010 E/[GH_I2C_BUS]( 8987): gh_dev_get_acc_buffer len 40 ret 0
09-03 11:34:45.010 E/[GH_ROMAII_SENSOR_HOOK]( 8987): gsensor_drv_get_fifo_data len 40 
09-03 11:34:45.010 E/[GH_ROMAII_SENSOR_HOOK]( 8987): [gh30x_fifo_evt_spo2_mode_calc] enter
09-03 11:34:45.030 E/[GH_ROMAII_SENSOR_HOOK]( 8987): [handle_spo2_mode_result] enter
09-03 11:34:45.030 E/[GH_ROMAII_SENSOR_HOOK]( 8987): GH_3011 spo2_result : 98 , lvl 48 , hb 54, lvl45 , wearing 1
09-03 11:34:45.050 E/[GH_I2C_BUS]( 8987): gh_dev_report_key 1, weared 1 ,ppg 54 ,spo2 98 ,ret 0
09-03 11:34:45.050 E/[GH_ROMAII_SENSOR_HOOK]( 8987): [handle_spo2_mode_result] exit
09-03 11:34:45.050 E/[GH_ROMAII_SENSOR_HOOK]( 8987): spo2 calc, gs_len=40, result=98,48,54,45,790,0,0,0,40,1,5550,1
09-03 11:34:45.050 E/[GH_ROMAII_SENSOR_HOOK]( 8987): [gh30x_fifo_evt_spo2_mode_calc] wearing_state:1
09-03 11:34:45.050 E/[GH_ROMAII_SENSOR_HOOK]( 8987): [gh30x_fifo_evt_spo2_mode_calc] not unwear state
09-03 11:34:45.050 E/[GH_ROMAII_SENSOR_HOOK]( 8987): [gh30x_fifo_evt_spo2_mode_calc] exit
09-03 11:34:45.050 E/[GH_ROMAII_SENSOR_HOOK]( 8987): [gh30x_fifo_evt_handler] exit
09-03 11:34:45.050 E/[GH_ROMAII_SENSOR_HOOK]( 8987): [gh30x_int_msg_handler] exit
09-03 11:34:45.050 E/[GH_I2C_BUS]( 8987): start gh_dev_wait_irq
09-03 11:34:45.690 D/LIBGPS  (  647): watchdog_open PowerState:GE2 CP SLEEP readcount:800852
09-03 11:34:46.010 E/[GH_I2C_BUS]( 8987): GH end gh_dev_wait_irq 0
09-03 11:34:46.010 E/[GH_ROMAII_SENSOR_HOOK]( 8987): [gh30x_int_msg_handler] enter
09-03 11:34:46.010 E/[GH_ROMAII_SENSOR_HOOK]( 8987): [gh30x_int_msg_handler] gh30x_irq_status:2， type:INT_STATUS_FIFO_WATERMARK
09-03 11:34:46.010 E/[GH_ROMAII_SENSOR_HOOK]( 8987): [gh30x_int_msg_handler] gh30x_adt_working_flag:0
09-03 11:34:46.010 E/[GH_ROMAII_SENSOR_HOOK]( 8987): [gh30x_fifo_evt_handler] enter
09-03 11:34:46.010 E/[GH_ROMAII_SENSOR_HOOK]( 8987): got gh30x fifo evt, func[RUN_MODE_SPO2_DET]
09-03 11:34:46.010 E/[GH_I2C_BUS]( 8987): gh_dev_get_acc_buffer len 39 ret 0
09-03 11:34:46.010 E/[GH_ROMAII_SENSOR_HOOK]( 8987): gsensor_drv_get_fifo_data len 39 
09-03 11:34:46.010 E/[GH_ROMAII_SENSOR_HOOK]( 8987): [gh30x_fifo_evt_spo2_mode_calc] enter
09-03 11:34:46.030 E/[GH_ROMAII_SENSOR_HOOK]( 8987): [handle_spo2_mode_result] enter
09-03 11:34:46.030 E/[GH_ROMAII_SENSOR_HOOK]( 8987): GH_3011 spo2_result : 98 , lvl 54 , hb 54, lvl45 , wearing 1
09-03 11:34:46.050 E/[GH_I2C_BUS]( 8987): gh_dev_report_key 1, weared 1 ,ppg 54 ,spo2 98 ,ret 0
09-03 11:34:46.050 E/[GH_ROMAII_SENSOR_HOOK]( 8987): [handle_spo2_mode_result] exit
09-03 11:34:46.050 E/[GH_ROMAII_SENSOR_HOOK]( 8987): spo2 calc, gs_len=39, result=98,54,54,45,588,0,0,0,40,1,5550,1
09-03 11:34:46.050 E/[GH_ROMAII_SENSOR_HOOK]( 8987): [gh30x_fifo_evt_spo2_mode_calc] wearing_state:1
09-03 11:34:46.050 E/[GH_ROMAII_SENSOR_HOOK]( 8987): [gh30x_fifo_evt_spo2_mode_calc] not unwear state
09-03 11:34:46.050 E/[GH_ROMAII_SENSOR_HOOK]( 8987): [gh30x_fifo_evt_spo2_mode_calc] exit
09-03 11:34:46.050 E/[GH_ROMAII_SENSOR_HOOK]( 8987): [gh30x_fifo_evt_handler] exit
09-03 11:34:46.050 E/[GH_ROMAII_SENSOR_HOOK]( 8987): [gh30x_int_msg_handler] exit
09-03 11:34:46.050 E/[GH_I2C_BUS]( 8987): start gh_dev_wait_irq
09-03 11:34:46.950 W/WindowManager(  647): Focused window stay null too long, have a update!
09-03 11:34:46.950 V/WindowManager(  647): Looking for focus: 1 = Window{41b914a8 u0 KeyguardScrim} = null, flags=1116416, canReceive=false mViewVisibility=8 mHasSurface=false
09-03 11:34:46.950 V/WindowManager(  647): Looking for focus: 0 = Window{4191a5c0 u0 com.android.systemui.ImageWallpaper} = null, flags=792, canReceive=false mViewVisibility=0 mHasSurface=true
09-03 11:34:46.950 V/WindowManager(  647): findFocusedWindow: No focusable windows.
09-03 11:34:47.010 E/[GH_I2C_BUS]( 8987): GH end gh_dev_wait_irq 0
09-03 11:34:47.010 E/[GH_ROMAII_SENSOR_HOOK]( 8987): [gh30x_int_msg_handler] enter
09-03 11:34:47.010 E/[GH_ROMAII_SENSOR_HOOK]( 8987): [gh30x_int_msg_handler] gh30x_irq_status:2， type:INT_STATUS_FIFO_WATERMARK
09-03 11:34:47.010 E/[GH_ROMAII_SENSOR_HOOK]( 8987): [gh30x_int_msg_handler] gh30x_adt_working_flag:0
09-03 11:34:47.010 E/[GH_ROMAII_SENSOR_HOOK]( 8987): [gh30x_fifo_evt_handler] enter
09-03 11:34:47.010 E/[GH_ROMAII_SENSOR_HOOK]( 8987): got gh30x fifo evt, func[RUN_MODE_SPO2_DET]
09-03 11:34:47.010 E/[GH_I2C_BUS]( 8987): gh_dev_get_acc_buffer len 40 ret 0
09-03 11:34:47.010 E/[GH_ROMAII_SENSOR_HOOK]( 8987): gsensor_drv_get_fifo_data len 40 
09-03 11:34:47.010 E/[GH_ROMAII_SENSOR_HOOK]( 8987): [gh30x_fifo_evt_spo2_mode_calc] enter
09-03 11:34:47.040 E/[GH_ROMAII_SENSOR_HOOK]( 8987): [handle_spo2_mode_result] enter
09-03 11:34:47.040 E/[GH_ROMAII_SENSOR_HOOK]( 8987): GH_3011 spo2_result : 98 , lvl 54 , hb 54, lvl45 , wearing 1
09-03 11:34:47.050 E/[GH_I2C_BUS]( 8987): gh_dev_report_key 1, weared 1 ,ppg 54 ,spo2 98 ,ret 0
09-03 11:34:47.050 E/[GH_ROMAII_SENSOR_HOOK]( 8987): [handle_spo2_mode_result] exit
09-03 11:34:47.050 E/[GH_ROMAII_SENSOR_HOOK]( 8987): spo2 calc, gs_len=40, result=98,54,54,45,1110,588,0,0,40,2,5550,1
09-03 11:34:47.050 E/[GH_ROMAII_SENSOR_HOOK]( 8987): [gh30x_fifo_evt_spo2_mode_calc] wearing_state:1
09-03 11:34:47.050 E/[GH_ROMAII_SENSOR_HOOK]( 8987): [gh30x_fifo_evt_spo2_mode_calc] not unwear state
09-03 11:34:47.050 E/[GH_ROMAII_SENSOR_HOOK]( 8987): [gh30x_fifo_evt_spo2_mode_calc] exit
09-03 11:34:47.050 E/[GH_ROMAII_SENSOR_HOOK]( 8987): [gh30x_fifo_evt_handler] exit
09-03 11:34:47.050 E/[GH_ROMAII_SENSOR_HOOK]( 8987): [gh30x_int_msg_handler] exit
09-03 11:34:47.050 E/[GH_I2C_BUS]( 8987): start gh_dev_wait_irq
09-03 11:34:47.400 V/Watchdog(  647): **** -1-Watchdog SCHEDULE CHECK HANDLER! ****
09-03 11:34:47.400 V/Watchdog(  647): **** -0- POST CHECHER! foreground thread ****
09-03 11:34:47.400 V/Watchdog(  647): **** -0- NO MONITOR & ISIDLING (main thread) ****
09-03 11:34:47.400 V/Watchdog(  647): **** -0- NO MONITOR & ISIDLING (ui thread) ****
09-03 11:34:47.400 V/Watchdog(  647): **** -0- NO MONITOR & ISIDLING (i/o thread) ****
09-03 11:34:47.400 V/Watchdog(  647): **** -0- NO MONITOR & ISIDLING (ActivityManager) ****
09-03 11:34:47.400 V/Watchdog(  647): **** -0- NO MONITOR & ISIDLING (PackageManager) ****
09-03 11:34:47.400 V/Watchdog(  647): **** -0- NO MONITOR & ISIDLING (PowerManagerService) ****
09-03 11:34:47.400 V/Watchdog(  647): **** -0- NO MONITOR & ISIDLING (WindowManager thread) ****
09-03 11:34:47.400 V/Watchdog(  647): **** -1- CHECK MONITORS BEGIN (foreground thread)! ****
09-03 11:34:47.400 V/Watchdog(  647): **** -2- CHECK MONITORS FINISHED (foreground thread)! ****
09-03 11:34:47.400 V/Watchdog(  647): **** -3- SYNC Watchdog.THIS FINISHED (foreground thread)! ****
09-03 11:34:47.660 E/LIBGPS  (  647): read socet_client error: Try again
09-03 11:34:47.690 D/LIBGPS  (  647): watchdog_open PowerState:GE2 CP SLEEP readcount:800852
09-03 11:34:48.020 E/[GH_I2C_BUS]( 8987): GH end gh_dev_wait_irq 0
09-03 11:34:48.020 E/[GH_ROMAII_SENSOR_HOOK]( 8987): [gh30x_int_msg_handler] enter
09-03 11:34:48.020 E/[GH_ROMAII_SENSOR_HOOK]( 8987): [gh30x_int_msg_handler] gh30x_irq_status:2， type:INT_STATUS_FIFO_WATERMARK
09-03 11:34:48.020 E/[GH_ROMAII_SENSOR_HOOK]( 8987): [gh30x_int_msg_handler] gh30x_adt_working_flag:0
09-03 11:34:48.020 E/[GH_ROMAII_SENSOR_HOOK]( 8987): [gh30x_fifo_evt_handler] enter
09-03 11:34:48.020 E/[GH_ROMAII_SENSOR_HOOK]( 8987): got gh30x fifo evt, func[RUN_MODE_SPO2_DET]
09-03 11:34:48.020 E/[GH_I2C_BUS]( 8987): gh_dev_get_acc_buffer len 40 ret 0
09-03 11:34:48.020 E/[GH_ROMAII_SENSOR_HOOK]( 8987): gsensor_drv_get_fifo_data len 40 
09-03 11:34:48.020 E/[GH_ROMAII_SENSOR_HOOK]( 8987): [gh30x_fifo_evt_spo2_mode_calc] enter
09-03 11:34:48.040 E/[GH_ROMAII_SENSOR_HOOK]( 8987): [handle_spo2_mode_result] enter
09-03 11:34:48.040 E/[GH_ROMAII_SENSOR_HOOK]( 8987): GH_3011 spo2_result : 98 , lvl 52 , hb 54, lvl45 , wearing 1
09-03 11:34:48.060 E/[GH_I2C_BUS]( 8987): gh_dev_report_key 1, weared 1 ,ppg 54 ,spo2 98 ,ret 0
09-03 11:34:48.060 E/[GH_ROMAII_SENSOR_HOOK]( 8987): [handle_spo2_mode_result] exit
09-03 11:34:48.060 E/[GH_ROMAII_SENSOR_HOOK]( 8987): spo2 calc, gs_len=40, result=98,52,54,45,588,650,0,0,40,2,5550,1
09-03 11:34:48.060 E/[GH_ROMAII_SENSOR_HOOK]( 8987): [gh30x_fifo_evt_spo2_mode_calc] wearing_state:1
09-03 11:34:48.060 E/[GH_ROMAII_SENSOR_HOOK]( 8987): [gh30x_fifo_evt_spo2_mode_calc] not unwear state
09-03 11:34:48.060 E/[GH_ROMAII_SENSOR_HOOK]( 8987): [gh30x_fifo_evt_spo2_mode_calc] exit
09-03 11:34:48.060 E/[GH_ROMAII_SENSOR_HOOK]( 8987): [gh30x_fifo_evt_handler] exit
09-03 11:34:48.060 E/[GH_ROMAII_SENSOR_HOOK]( 8987): [gh30x_int_msg_handler] exit
09-03 11:34:48.060 E/[GH_I2C_BUS]( 8987): start gh_dev_wait_irq
09-03 11:34:49.020 E/[GH_I2C_BUS]( 8987): GH end gh_dev_wait_irq 0
09-03 11:34:49.020 E/[GH_ROMAII_SENSOR_HOOK]( 8987): [gh30x_int_msg_handler] enter
09-03 11:34:49.020 E/[GH_ROMAII_SENSOR_HOOK]( 8987): [gh30x_int_msg_handler] gh30x_irq_status:2， type:INT_STATUS_FIFO_WATERMARK
09-03 11:34:49.020 E/[GH_ROMAII_SENSOR_HOOK]( 8987): [gh30x_int_msg_handler] gh30x_adt_working_flag:0
09-03 11:34:49.020 E/[GH_ROMAII_SENSOR_HOOK]( 8987): [gh30x_fifo_evt_handler] enter
09-03 11:34:49.020 E/[GH_ROMAII_SENSOR_HOOK]( 8987): got gh30x fifo evt, func[RUN_MODE_SPO2_DET]
09-03 11:34:49.020 E/[GH_I2C_BUS]( 8987): gh_dev_get_acc_buffer len 39 ret 0
09-03 11:34:49.020 E/[GH_ROMAII_SENSOR_HOOK]( 8987): gsensor_drv_get_fifo_data len 39 
09-03 11:34:49.020 E/[GH_ROMAII_SENSOR_HOOK]( 8987): [gh30x_fifo_evt_spo2_mode_calc] enter
09-03 11:34:49.040 E/[GH_ROMAII_SENSOR_HOOK]( 8987): [handle_spo2_mode_result] enter
09-03 11:34:49.040 E/[GH_ROMAII_SENSOR_HOOK]( 8987): GH_3011 spo2_result : 98 , lvl 51 , hb 54, lvl45 , wearing 1
09-03 11:34:49.060 E/[GH_I2C_BUS]( 8987): gh_dev_report_key 1, weared 1 ,ppg 54 ,spo2 98 ,ret 0
09-03 11:34:49.060 E/[GH_ROMAII_SENSOR_HOOK]( 8987): [handle_spo2_mode_result] exit
09-03 11:34:49.060 E/[GH_ROMAII_SENSOR_HOOK]( 8987): spo2 calc, gs_len=39, result=98,51,54,45,588,790,0,0,40,2,5550,1
09-03 11:34:49.060 E/[GH_ROMAII_SENSOR_HOOK]( 8987): [gh30x_fifo_evt_spo2_mode_calc] wearing_state:1
09-03 11:34:49.060 E/[GH_ROMAII_SENSOR_HOOK]( 8987): [gh30x_fifo_evt_spo2_mode_calc] not unwear state
09-03 11:34:49.060 E/[GH_ROMAII_SENSOR_HOOK]( 8987): [gh30x_fifo_evt_spo2_mode_calc] exit
09-03 11:34:49.060 E/[GH_ROMAII_SENSOR_HOOK]( 8987): [gh30x_fifo_evt_handler] exit
09-03 11:34:49.060 E/[GH_ROMAII_SENSOR_HOOK]( 8987): [gh30x_int_msg_handler] exit
09-03 11:34:49.060 E/[GH_I2C_BUS]( 8987): start gh_dev_wait_irq
09-03 11:34:49.660 D/WCND    (  217): is_cp2_alive_ok: open polling interface: /proc/mdbg/loopcheck, fd = 17
09-03 11:34:49.690 D/LIBGPS  (  647): watchdog_open PowerState:GE2 CP SLEEP readcount:800852
09-03 11:34:49.750 D/WCND    (  217): is_cp2_alive_ok: loop: /proc/mdbg/loopcheck is OK
09-03 11:34:49.960 W/WindowManager(  647): Focused window stay null too long, have a update!
09-03 11:34:49.960 V/WindowManager(  647): Looking for focus: 1 = Window{41b914a8 u0 KeyguardScrim} = null, flags=1116416, canReceive=false mViewVisibility=8 mHasSurface=false
09-03 11:34:49.960 V/WindowManager(  647): Looking for focus: 0 = Window{4191a5c0 u0 com.android.systemui.ImageWallpaper} = null, flags=792, canReceive=false mViewVisibility=0 mHasSurface=true
09-03 11:34:49.960 V/WindowManager(  647): findFocusedWindow: No focusable windows.
09-03 11:34:50.020 E/[GH_I2C_BUS]( 8987): GH end gh_dev_wait_irq 0
09-03 11:34:50.020 E/[GH_ROMAII_SENSOR_HOOK]( 8987): [gh30x_int_msg_handler] enter
09-03 11:34:50.020 E/[GH_ROMAII_SENSOR_HOOK]( 8987): [gh30x_int_msg_handler] gh30x_irq_status:2， type:INT_STATUS_FIFO_WATERMARK
09-03 11:34:50.020 E/[GH_ROMAII_SENSOR_HOOK]( 8987): [gh30x_int_msg_handler] gh30x_adt_working_flag:0
09-03 11:34:50.020 E/[GH_ROMAII_SENSOR_HOOK]( 8987): [gh30x_fifo_evt_handler] enter
09-03 11:34:50.020 E/[GH_ROMAII_SENSOR_HOOK]( 8987): got gh30x fifo evt, func[RUN_MODE_SPO2_DET]
09-03 11:34:50.020 E/[GH_I2C_BUS]( 8987): gh_dev_get_acc_buffer len 40 ret 0
09-03 11:34:50.020 E/[GH_ROMAII_SENSOR_HOOK]( 8987): gsensor_drv_get_fifo_data len 40 
09-03 11:34:50.020 E/[GH_ROMAII_SENSOR_HOOK]( 8987): [gh30x_fifo_evt_spo2_mode_calc] enter
09-03 11:34:50.050 E/[GH_ROMAII_SENSOR_HOOK]( 8987): [handle_spo2_mode_result] enter
09-03 11:34:50.050 E/[GH_ROMAII_SENSOR_HOOK]( 8987): GH_3011 spo2_result : 98 , lvl 51 , hb 54, lvl45 , wearing 1
09-03 11:34:50.060 E/[GH_I2C_BUS]( 8987): gh_dev_report_key 1, weared 1 ,ppg 54 ,spo2 98 ,ret 0
09-03 11:34:50.060 E/[GH_ROMAII_SENSOR_HOOK]( 8987): [handle_spo2_mode_result] exit
09-03 11:34:50.060 E/[GH_ROMAII_SENSOR_HOOK]( 8987): spo2 calc, gs_len=40, result=98,51,54,45,588,0,0,0,40,1,5550,1
09-03 11:34:50.060 E/[GH_ROMAII_SENSOR_HOOK]( 8987): [gh30x_fifo_evt_spo2_mode_calc] wearing_state:1
09-03 11:34:50.060 E/[GH_ROMAII_SENSOR_HOOK]( 8987): [gh30x_fifo_evt_spo2_mode_calc] not unwear state
09-03 11:34:50.060 E/[GH_ROMAII_SENSOR_HOOK]( 8987): [gh30x_fifo_evt_spo2_mode_calc] exit
09-03 11:34:50.060 E/[GH_ROMAII_SENSOR_HOOK]( 8987): [gh30x_fifo_evt_handler] exit
09-03 11:34:50.060 E/[GH_ROMAII_SENSOR_HOOK]( 8987): [gh30x_int_msg_handler] exit
09-03 11:34:50.060 E/[GH_I2C_BUS]( 8987): start gh_dev_wait_irq
09-03 11:34:51.030 E/[GH_I2C_BUS]( 8987): GH end gh_dev_wait_irq 0
09-03 11:34:51.030 E/[GH_ROMAII_SENSOR_HOOK]( 8987): [gh30x_int_msg_handler] enter
09-03 11:34:51.030 E/[GH_ROMAII_SENSOR_HOOK]( 8987): [gh30x_int_msg_handler] gh30x_irq_status:2， type:INT_STATUS_FIFO_WATERMARK
09-03 11:34:51.030 E/[GH_ROMAII_SENSOR_HOOK]( 8987): [gh30x_int_msg_handler] gh30x_adt_working_flag:0
09-03 11:34:51.030 E/[GH_ROMAII_SENSOR_HOOK]( 8987): [gh30x_fifo_evt_handler] enter
09-03 11:34:51.030 E/[GH_ROMAII_SENSOR_HOOK]( 8987): got gh30x fifo evt, func[RUN_MODE_SPO2_DET]
09-03 11:34:51.030 E/[GH_I2C_BUS]( 8987): gh_dev_get_acc_buffer len 39 ret 0
09-03 11:34:51.030 E/[GH_ROMAII_SENSOR_HOOK]( 8987): gsensor_drv_get_fifo_data len 39 
09-03 11:34:51.030 E/[GH_ROMAII_SENSOR_HOOK]( 8987): [gh30x_fifo_evt_spo2_mode_calc] enter
09-03 11:34:51.050 E/[GH_ROMAII_SENSOR_HOOK]( 8987): [handle_spo2_mode_result] enter
09-03 11:34:51.050 E/[GH_ROMAII_SENSOR_HOOK]( 8987): GH_3011 spo2_result : 98 , lvl 51 , hb 54, lvl45 , wearing 1
09-03 11:34:51.070 E/[GH_I2C_BUS]( 8987): gh_dev_report_key 1, weared 1 ,ppg 54 ,spo2 98 ,ret 0
09-03 11:34:51.070 E/[GH_ROMAII_SENSOR_HOOK]( 8987): [handle_spo2_mode_result] exit
09-03 11:34:51.070 E/[GH_ROMAII_SENSOR_HOOK]( 8987): spo2 calc, gs_len=39, result=98,51,54,45,1050,588,0,0,40,2,5550,1
09-03 11:34:51.070 E/[GH_ROMAII_SENSOR_HOOK]( 8987): [gh30x_fifo_evt_spo2_mode_calc] wearing_state:1
09-03 11:34:51.070 E/[GH_ROMAII_SENSOR_HOOK]( 8987): [gh30x_fifo_evt_spo2_mode_calc] not unwear state
09-03 11:34:51.070 E/[GH_ROMAII_SENSOR_HOOK]( 8987): [gh30x_fifo_evt_spo2_mode_calc] exit
09-03 11:34:51.070 E/[GH_ROMAII_SENSOR_HOOK]( 8987): [gh30x_fifo_evt_handler] exit
09-03 11:34:51.070 E/[GH_ROMAII_SENSOR_HOOK]( 8987): [gh30x_int_msg_handler] exit
09-03 11:34:51.070 E/[GH_I2C_BUS]( 8987): start gh_dev_wait_irq
09-03 11:34:51.690 D/LIBGPS  (  647): watchdog_open PowerState:GE2 CP SLEEP readcount:800852
09-03 11:34:52.030 E/[GH_I2C_BUS]( 8987): GH end gh_dev_wait_irq 0
09-03 11:34:52.030 E/[GH_ROMAII_SENSOR_HOOK]( 8987): [gh30x_int_msg_handler] enter
09-03 11:34:52.030 E/[GH_ROMAII_SENSOR_HOOK]( 8987): [gh30x_int_msg_handler] gh30x_irq_status:2， type:INT_STATUS_FIFO_WATERMARK
09-03 11:34:52.030 E/[GH_ROMAII_SENSOR_HOOK]( 8987): [gh30x_int_msg_handler] gh30x_adt_working_flag:0
09-03 11:34:52.030 E/[GH_ROMAII_SENSOR_HOOK]( 8987): [gh30x_fifo_evt_handler] enter
09-03 11:34:52.030 E/[GH_ROMAII_SENSOR_HOOK]( 8987): got gh30x fifo evt, func[RUN_MODE_SPO2_DET]
09-03 11:34:52.030 E/[GH_I2C_BUS]( 8987): gh_dev_get_acc_buffer len 40 ret 0
09-03 11:34:52.030 E/[GH_ROMAII_SENSOR_HOOK]( 8987): gsensor_drv_get_fifo_data len 40 
09-03 11:34:52.030 E/[GH_ROMAII_SENSOR_HOOK]( 8987): [gh30x_fifo_evt_spo2_mode_calc] enter
09-03 11:34:52.050 E/[GH_ROMAII_SENSOR_HOOK]( 8987): [handle_spo2_mode_result] enter
09-03 11:34:52.050 E/[GH_ROMAII_SENSOR_HOOK]( 8987): GH_3011 spo2_result : 98 , lvl 50 , hb 54, lvl45 , wearing 1
09-03 11:34:52.070 E/[GH_I2C_BUS]( 8987): gh_dev_report_key 1, weared 1 ,ppg 54 ,spo2 98 ,ret 0
09-03 11:34:52.070 E/[GH_ROMAII_SENSOR_HOOK]( 8987): [handle_spo2_mode_result] exit
09-03 11:34:52.070 E/[GH_ROMAII_SENSOR_HOOK]( 8987): spo2 calc, gs_len=40, result=98,50,54,45,593,680,0,0,40,2,5550,1
09-03 11:34:52.070 E/[GH_ROMAII_SENSOR_HOOK]( 8987): [gh30x_fifo_evt_spo2_mode_calc] wearing_state:1
09-03 11:34:52.070 E/[GH_ROMAII_SENSOR_HOOK]( 8987): [gh30x_fifo_evt_spo2_mode_calc] not unwear state
09-03 11:34:52.070 E/[GH_ROMAII_SENSOR_HOOK]( 8987): [gh30x_fifo_evt_spo2_mode_calc] exit
09-03 11:34:52.070 E/[GH_ROMAII_SENSOR_HOOK]( 8987): [gh30x_fifo_evt_handler] exit
09-03 11:34:52.070 E/[GH_ROMAII_SENSOR_HOOK]( 8987): [gh30x_int_msg_handler] exit
09-03 11:34:52.070 E/[GH_I2C_BUS]( 8987): start gh_dev_wait_irq
09-03 11:34:52.660 E/LIBGPS  (  647): read socet_client error: Try again
09-03 11:34:52.970 W/WindowManager(  647): Focused window stay null too long, have a update!
09-03 11:34:52.970 V/WindowManager(  647): Looking for focus: 1 = Window{41b914a8 u0 KeyguardScrim} = null, flags=1116416, canReceive=false mViewVisibility=8 mHasSurface=false
09-03 11:34:52.970 V/WindowManager(  647): Looking for focus: 0 = Window{4191a5c0 u0 com.android.systemui.ImageWallpaper} = null, flags=792, canReceive=false mViewVisibility=0 mHasSurface=true
09-03 11:34:52.970 V/WindowManager(  647): findFocusedWindow: No focusable windows.
09-03 11:34:53.030 E/[GH_I2C_BUS]( 8987): GH end gh_dev_wait_irq 0
09-03 11:34:53.030 E/[GH_ROMAII_SENSOR_HOOK]( 8987): [gh30x_int_msg_handler] enter
09-03 11:34:53.030 E/[GH_ROMAII_SENSOR_HOOK]( 8987): [gh30x_int_msg_handler] gh30x_irq_status:2， type:INT_STATUS_FIFO_WATERMARK
09-03 11:34:53.030 E/[GH_ROMAII_SENSOR_HOOK]( 8987): [gh30x_int_msg_handler] gh30x_adt_working_flag:0
09-03 11:34:53.030 E/[GH_ROMAII_SENSOR_HOOK]( 8987): [gh30x_fifo_evt_handler] enter
09-03 11:34:53.030 E/[GH_ROMAII_SENSOR_HOOK]( 8987): got gh30x fifo evt, func[RUN_MODE_SPO2_DET]
09-03 11:34:53.030 E/[GH_I2C_BUS]( 8987): gh_dev_get_acc_buffer len 40 ret 0
09-03 11:34:53.030 E/[GH_ROMAII_SENSOR_HOOK]( 8987): gsensor_drv_get_fifo_data len 40 
09-03 11:34:53.030 E/[GH_ROMAII_SENSOR_HOOK]( 8987): [gh30x_fifo_evt_spo2_mode_calc] enter
09-03 11:34:53.060 E/[GH_ROMAII_SENSOR_HOOK]( 8987): [handle_spo2_mode_result] enter
09-03 11:34:53.060 E/[GH_ROMAII_SENSOR_HOOK]( 8987): GH_3011 spo2_result : 98 , lvl 50 , hb 54, lvl45 , wearing 1
09-03 11:34:53.080 E/[GH_I2C_BUS]( 8987): gh_dev_report_key 1, weared 1 ,ppg 54 ,spo2 98 ,ret 0
09-03 11:34:53.080 E/[GH_ROMAII_SENSOR_HOOK]( 8987): [handle_spo2_mode_result] exit
09-03 11:34:53.080 E/[GH_ROMAII_SENSOR_HOOK]( 8987): spo2 calc, gs_len=40, result=98,50,54,45,593,680,0,0,40,2,5550,1
09-03 11:34:53.080 E/[GH_ROMAII_SENSOR_HOOK]( 8987): [gh30x_fifo_evt_spo2_mode_calc] wearing_state:1
09-03 11:34:53.080 E/[GH_ROMAII_SENSOR_HOOK]( 8987): [gh30x_fifo_evt_spo2_mode_calc] not unwear state
09-03 11:34:53.080 E/[GH_ROMAII_SENSOR_HOOK]( 8987): [gh30x_fifo_evt_spo2_mode_calc] exit
09-03 11:34:53.080 E/[GH_ROMAII_SENSOR_HOOK]( 8987): [gh30x_fifo_evt_handler] exit
09-03 11:34:53.080 E/[GH_ROMAII_SENSOR_HOOK]( 8987): [gh30x_int_msg_handler] exit
09-03 11:34:53.080 E/[GH_I2C_BUS]( 8987): start gh_dev_wait_irq
09-03 11:34:53.690 D/LIBGPS  (  647): watchdog_open PowerState:GE2 CP SLEEP readcount:800852
09-03 11:34:54.040 E/[GH_I2C_BUS]( 8987): GH end gh_dev_wait_irq 0
09-03 11:34:54.040 E/[GH_ROMAII_SENSOR_HOOK]( 8987): [gh30x_int_msg_handler] enter
09-03 11:34:54.040 E/[GH_ROMAII_SENSOR_HOOK]( 8987): [gh30x_int_msg_handler] gh30x_irq_status:2， type:INT_STATUS_FIFO_WATERMARK
09-03 11:34:54.040 E/[GH_ROMAII_SENSOR_HOOK]( 8987): [gh30x_int_msg_handler] gh30x_adt_working_flag:0
09-03 11:34:54.040 E/[GH_ROMAII_SENSOR_HOOK]( 8987): [gh30x_fifo_evt_handler] enter
09-03 11:34:54.040 E/[GH_ROMAII_SENSOR_HOOK]( 8987): got gh30x fifo evt, func[RUN_MODE_SPO2_DET]
09-03 11:34:54.040 E/[GH_I2C_BUS]( 8987): gh_dev_get_acc_buffer len 40 ret 0
09-03 11:34:54.040 E/[GH_ROMAII_SENSOR_HOOK]( 8987): gsensor_drv_get_fifo_data len 40 
09-03 11:34:54.040 E/[GH_ROMAII_SENSOR_HOOK]( 8987): [gh30x_fifo_evt_spo2_mode_calc] enter
09-03 11:34:54.060 E/[GH_ROMAII_SENSOR_HOOK]( 8987): [handle_spo2_mode_result] enter
09-03 11:34:54.060 E/[GH_ROMAII_SENSOR_HOOK]( 8987): GH_3011 spo2_result : 98 , lvl 51 , hb 54, lvl45 , wearing 1
09-03 11:34:54.070 E/[GH_I2C_BUS]( 8987): gh_dev_report_key 1, weared 1 ,ppg 54 ,spo2 98 ,ret 0
09-03 11:34:54.070 E/[GH_ROMAII_SENSOR_HOOK]( 8987): [handle_spo2_mode_result] exit
09-03 11:34:54.070 E/[GH_ROMAII_SENSOR_HOOK]( 8987): spo2 calc, gs_len=40, result=98,51,54,45,1320,0,0,0,40,1,5550,1
09-03 11:34:54.070 E/[GH_ROMAII_SENSOR_HOOK]( 8987): [gh30x_fifo_evt_spo2_mode_calc] wearing_state:1
09-03 11:34:54.070 E/[GH_ROMAII_SENSOR_HOOK]( 8987): [gh30x_fifo_evt_spo2_mode_calc] not unwear state
09-03 11:34:54.070 E/[GH_ROMAII_SENSOR_HOOK]( 8987): [gh30x_fifo_evt_spo2_mode_calc] exit
09-03 11:34:54.070 E/[GH_ROMAII_SENSOR_HOOK]( 8987): [gh30x_fifo_evt_handler] exit
09-03 11:34:54.070 E/[GH_ROMAII_SENSOR_HOOK]( 8987): [gh30x_int_msg_handler] exit
09-03 11:34:54.070 E/[GH_I2C_BUS]( 8987): start gh_dev_wait_irq
09-03 11:34:54.760 D/WCND    (  217): is_cp2_alive_ok: open polling interface: /proc/mdbg/loopcheck, fd = 17
09-03 11:34:54.860 D/WCND    (  217): is_cp2_alive_ok: loop: /proc/mdbg/loopcheck is OK
09-03 11:34:55.040 E/[GH_I2C_BUS]( 8987): GH end gh_dev_wait_irq 0
09-03 11:34:55.040 E/[GH_ROMAII_SENSOR_HOOK]( 8987): [gh30x_int_msg_handler] enter
09-03 11:34:55.040 E/[GH_ROMAII_SENSOR_HOOK]( 8987): [gh30x_int_msg_handler] gh30x_irq_status:2， type:INT_STATUS_FIFO_WATERMARK
09-03 11:34:55.040 E/[GH_ROMAII_SENSOR_HOOK]( 8987): [gh30x_int_msg_handler] gh30x_adt_working_flag:0
09-03 11:34:55.040 E/[GH_ROMAII_SENSOR_HOOK]( 8987): [gh30x_fifo_evt_handler] enter
09-03 11:34:55.040 E/[GH_ROMAII_SENSOR_HOOK]( 8987): got gh30x fifo evt, func[RUN_MODE_SPO2_DET]
09-03 11:34:55.040 E/[GH_I2C_BUS]( 8987): gh_dev_get_acc_buffer len 39 ret 0
09-03 11:34:55.040 E/[GH_ROMAII_SENSOR_HOOK]( 8987): gsensor_drv_get_fifo_data len 39 
09-03 11:34:55.040 E/[GH_ROMAII_SENSOR_HOOK]( 8987): [gh30x_fifo_evt_spo2_mode_calc] enter
09-03 11:34:55.060 E/[GH_ROMAII_SENSOR_HOOK]( 8987): [handle_spo2_mode_result] enter
09-03 11:34:55.060 E/[GH_ROMAII_SENSOR_HOOK]( 8987): GH_3011 spo2_result : 98 , lvl 51 , hb 54, lvl45 , wearing 1
09-03 11:34:55.080 E/[GH_I2C_BUS]( 8987): gh_dev_report_key 1, weared 1 ,ppg 54 ,spo2 98 ,ret 0
09-03 11:34:55.080 E/[GH_ROMAII_SENSOR_HOOK]( 8987): [handle_spo2_mode_result] exit
09-03 11:34:55.080 E/[GH_ROMAII_SENSOR_HOOK]( 8987): spo2 calc, gs_len=39, result=98,51,54,45,960,0,0,0,40,1,5550,1
09-03 11:34:55.080 E/[GH_ROMAII_SENSOR_HOOK]( 8987): [gh30x_fifo_evt_spo2_mode_calc] wearing_state:1
09-03 11:34:55.080 E/[GH_ROMAII_SENSOR_HOOK]( 8987): [gh30x_fifo_evt_spo2_mode_calc] not unwear state
09-03 11:34:55.080 E/[GH_ROMAII_SENSOR_HOOK]( 8987): [gh30x_fifo_evt_spo2_mode_calc] exit
09-03 11:34:55.080 E/[GH_ROMAII_SENSOR_HOOK]( 8987): [gh30x_fifo_evt_handler] exit
09-03 11:34:55.080 E/[GH_ROMAII_SENSOR_HOOK]( 8987): [gh30x_int_msg_handler] exit
09-03 11:34:55.080 E/[GH_I2C_BUS]( 8987): start gh_dev_wait_irq
09-03 11:34:55.690 D/LIBGPS  (  647): watchdog_open PowerState:GE2 CP SLEEP readcount:800852
09-03 11:34:55.960 W/WindowManager(  647): Focused window stay null too long, have a update!
09-03 11:34:55.960 V/WindowManager(  647): Looking for focus: 1 = Window{41b914a8 u0 KeyguardScrim} = null, flags=1116416, canReceive=false mViewVisibility=8 mHasSurface=false
09-03 11:34:55.960 V/WindowManager(  647): Looking for focus: 0 = Window{4191a5c0 u0 com.android.systemui.ImageWallpaper} = null, flags=792, canReceive=false mViewVisibility=0 mHasSurface=true
09-03 11:34:55.960 V/WindowManager(  647): findFocusedWindow: No focusable windows.
09-03 11:34:56.040 E/[GH_I2C_BUS]( 8987): GH end gh_dev_wait_irq 0
09-03 11:34:56.040 E/[GH_ROMAII_SENSOR_HOOK]( 8987): [gh30x_int_msg_handler] enter
09-03 11:34:56.040 E/[GH_ROMAII_SENSOR_HOOK]( 8987): [gh30x_int_msg_handler] gh30x_irq_status:2， type:INT_STATUS_FIFO_WATERMARK
09-03 11:34:56.040 E/[GH_ROMAII_SENSOR_HOOK]( 8987): [gh30x_int_msg_handler] gh30x_adt_working_flag:0
09-03 11:34:56.040 E/[GH_ROMAII_SENSOR_HOOK]( 8987): [gh30x_fifo_evt_handler] enter
09-03 11:34:56.040 E/[GH_ROMAII_SENSOR_HOOK]( 8987): got gh30x fifo evt, func[RUN_MODE_SPO2_DET]
09-03 11:34:56.040 E/[GH_I2C_BUS]( 8987): gh_dev_get_acc_buffer len 40 ret 0
09-03 11:34:56.040 E/[GH_ROMAII_SENSOR_HOOK]( 8987): gsensor_drv_get_fifo_data len 40 
09-03 11:34:56.040 E/[GH_ROMAII_SENSOR_HOOK]( 8987): [gh30x_fifo_evt_spo2_mode_calc] enter
09-03 11:34:56.070 E/[GH_ROMAII_SENSOR_HOOK]( 8987): [handle_spo2_mode_result] enter
09-03 11:34:56.070 E/[GH_ROMAII_SENSOR_HOOK]( 8987): GH_3011 spo2_result : 98 , lvl 51 , hb 54, lvl45 , wearing 1
09-03 11:34:56.080 E/[GH_I2C_BUS]( 8987): gh_dev_report_key 1, weared 1 ,ppg 54 ,spo2 98 ,ret 0
09-03 11:34:56.080 E/[GH_ROMAII_SENSOR_HOOK]( 8987): [handle_spo2_mode_result] exit
09-03 11:34:56.080 E/[GH_ROMAII_SENSOR_HOOK]( 8987): spo2 calc, gs_len=40, result=98,51,54,45,1040,593,0,0,40,2,5550,1
09-03 11:34:56.080 E/[GH_ROMAII_SENSOR_HOOK]( 8987): [gh30x_fifo_evt_spo2_mode_calc] wearing_state:1
09-03 11:34:56.080 E/[GH_ROMAII_SENSOR_HOOK]( 8987): [gh30x_fifo_evt_spo2_mode_calc] not unwear state
09-03 11:34:56.080 E/[GH_ROMAII_SENSOR_HOOK]( 8987): [gh30x_fifo_evt_spo2_mode_calc] exit
09-03 11:34:56.080 E/[GH_ROMAII_SENSOR_HOOK]( 8987): [gh30x_fifo_evt_handler] exit
09-03 11:34:56.080 E/[GH_ROMAII_SENSOR_HOOK]( 8987): [gh30x_int_msg_handler] exit
09-03 11:34:56.080 E/[GH_I2C_BUS]( 8987): start gh_dev_wait_irq
09-03 11:34:57.050 E/[GH_I2C_BUS]( 8987): GH end gh_dev_wait_irq 0
09-03 11:34:57.050 E/[GH_ROMAII_SENSOR_HOOK]( 8987): [gh30x_int_msg_handler] enter
09-03 11:34:57.050 E/[GH_ROMAII_SENSOR_HOOK]( 8987): [gh30x_int_msg_handler] gh30x_irq_status:2， type:INT_STATUS_FIFO_WATERMARK
09-03 11:34:57.050 E/[GH_ROMAII_SENSOR_HOOK]( 8987): [gh30x_int_msg_handler] gh30x_adt_working_flag:0
09-03 11:34:57.050 E/[GH_ROMAII_SENSOR_HOOK]( 8987): [gh30x_fifo_evt_handler] enter
09-03 11:34:57.050 E/[GH_ROMAII_SENSOR_HOOK]( 8987): got gh30x fifo evt, func[RUN_MODE_SPO2_DET]
09-03 11:34:57.050 E/[GH_I2C_BUS]( 8987): gh_dev_get_acc_buffer len 40 ret 0
09-03 11:34:57.050 E/[GH_ROMAII_SENSOR_HOOK]( 8987): gsensor_drv_get_fifo_data len 40 
09-03 11:34:57.050 E/[GH_ROMAII_SENSOR_HOOK]( 8987): [gh30x_fifo_evt_spo2_mode_calc] enter
09-03 11:34:57.070 E/[GH_ROMAII_SENSOR_HOOK]( 8987): [handle_spo2_mode_result] enter
09-03 11:34:57.070 E/[GH_ROMAII_SENSOR_HOOK]( 8987): GH_3011 spo2_result : 98 , lvl 50 , hb 54, lvl45 , wearing 1
09-03 11:34:57.080 E/[GH_I2C_BUS]( 8987): gh_dev_report_key 1, weared 1 ,ppg 54 ,spo2 98 ,ret 0
09-03 11:34:57.080 E/[GH_ROMAII_SENSOR_HOOK]( 8987): [handle_spo2_mode_result] exit
09-03 11:34:57.080 E/[GH_ROMAII_SENSOR_HOOK]( 8987): spo2 calc, gs_len=40, result=98,50,54,45,920,593,0,0,40,2,5550,1
09-03 11:34:57.080 E/[GH_ROMAII_SENSOR_HOOK]( 8987): [gh30x_fifo_evt_spo2_mode_calc] wearing_state:1
09-03 11:34:57.080 E/[GH_ROMAII_SENSOR_HOOK]( 8987): [gh30x_fifo_evt_spo2_mode_calc] not unwear state
09-03 11:34:57.080 E/[GH_ROMAII_SENSOR_HOOK]( 8987): [gh30x_fifo_evt_spo2_mode_calc] exit
09-03 11:34:57.080 E/[GH_ROMAII_SENSOR_HOOK]( 8987): [gh30x_fifo_evt_handler] exit
09-03 11:34:57.080 E/[GH_ROMAII_SENSOR_HOOK]( 8987): [gh30x_int_msg_handler] exit
09-03 11:34:57.080 E/[GH_I2C_BUS]( 8987): start gh_dev_wait_irq
09-03 11:34:57.660 E/LIBGPS  (  647): read socet_client error: Try again
09-03 11:34:57.690 D/LIBGPS  (  647): watchdog_open PowerState:GE2 CP SLEEP readcount:800852
09-03 11:34:58.050 E/[GH_I2C_BUS]( 8987): GH end gh_dev_wait_irq 0
09-03 11:34:58.050 E/[GH_ROMAII_SENSOR_HOOK]( 8987): [gh30x_int_msg_handler] enter
09-03 11:34:58.050 E/[GH_ROMAII_SENSOR_HOOK]( 8987): [gh30x_int_msg_handler] gh30x_irq_status:2， type:INT_STATUS_FIFO_WATERMARK
09-03 11:34:58.050 E/[GH_ROMAII_SENSOR_HOOK]( 8987): [gh30x_int_msg_handler] gh30x_adt_working_flag:0
09-03 11:34:58.050 E/[GH_ROMAII_SENSOR_HOOK]( 8987): [gh30x_fifo_evt_handler] enter
09-03 11:34:58.050 E/[GH_ROMAII_SENSOR_HOOK]( 8987): got gh30x fifo evt, func[RUN_MODE_SPO2_DET]
09-03 11:34:58.050 E/[GH_I2C_BUS]( 8987): gh_dev_get_acc_buffer len 39 ret 0
09-03 11:34:58.050 E/[GH_ROMAII_SENSOR_HOOK]( 8987): gsensor_drv_get_fifo_data len 39 
09-03 11:34:58.050 E/[GH_ROMAII_SENSOR_HOOK]( 8987): [gh30x_fifo_evt_spo2_mode_calc] enter
09-03 11:34:58.070 E/[GH_ROMAII_SENSOR_HOOK]( 8987): [handle_spo2_mode_result] enter
09-03 11:34:58.070 E/[GH_ROMAII_SENSOR_HOOK]( 8987): GH_3011 spo2_result : 98 , lvl 49 , hb 54, lvl45 , wearing 1
09-03 11:34:58.080 E/[GH_I2C_BUS]( 8987): gh_dev_report_key 1, weared 1 ,ppg 54 ,spo2 98 ,ret 0
09-03 11:34:58.080 E/[GH_ROMAII_SENSOR_HOOK]( 8987): [handle_spo2_mode_result] exit
09-03 11:34:58.080 E/[GH_ROMAII_SENSOR_HOOK]( 8987): spo2 calc, gs_len=39, result=98,49,54,45,593,0,0,0,40,1,5550,1
09-03 11:34:58.080 E/[GH_ROMAII_SENSOR_HOOK]( 8987): [gh30x_fifo_evt_spo2_mode_calc] wearing_state:1
09-03 11:34:58.080 E/[GH_ROMAII_SENSOR_HOOK]( 8987): [gh30x_fifo_evt_spo2_mode_calc] not unwear state
09-03 11:34:58.080 E/[GH_ROMAII_SENSOR_HOOK]( 8987): [gh30x_fifo_evt_spo2_mode_calc] exit
09-03 11:34:58.080 E/[GH_ROMAII_SENSOR_HOOK]( 8987): [gh30x_fifo_evt_handler] exit
09-03 11:34:58.080 E/[GH_ROMAII_SENSOR_HOOK]( 8987): [gh30x_int_msg_handler] exit
09-03 11:34:58.080 E/[GH_I2C_BUS]( 8987): start gh_dev_wait_irq
09-03 11:34:58.970 W/WindowManager(  647): Focused window stay null too long, have a update!
09-03 11:34:58.970 V/WindowManager(  647): Looking for focus: 1 = Window{41b914a8 u0 KeyguardScrim} = null, flags=1116416, canReceive=false mViewVisibility=8 mHasSurface=false
09-03 11:34:58.970 V/WindowManager(  647): Looking for focus: 0 = Window{4191a5c0 u0 com.android.systemui.ImageWallpaper} = null, flags=792, canReceive=false mViewVisibility=0 mHasSurface=true
09-03 11:34:58.970 V/WindowManager(  647): findFocusedWindow: No focusable windows.
09-03 11:34:59.050 E/[GH_I2C_BUS]( 8987): GH end gh_dev_wait_irq 0
09-03 11:34:59.050 E/[GH_ROMAII_SENSOR_HOOK]( 8987): [gh30x_int_msg_handler] enter
09-03 11:34:59.050 E/[GH_ROMAII_SENSOR_HOOK]( 8987): [gh30x_int_msg_handler] gh30x_irq_status:2， type:INT_STATUS_FIFO_WATERMARK
09-03 11:34:59.050 E/[GH_ROMAII_SENSOR_HOOK]( 8987): [gh30x_int_msg_handler] gh30x_adt_working_flag:0
09-03 11:34:59.050 E/[GH_ROMAII_SENSOR_HOOK]( 8987): [gh30x_fifo_evt_handler] enter
09-03 11:34:59.050 E/[GH_ROMAII_SENSOR_HOOK]( 8987): got gh30x fifo evt, func[RUN_MODE_SPO2_DET]
09-03 11:34:59.050 E/[GH_I2C_BUS]( 8987): gh_dev_get_acc_buffer len 40 ret 0
09-03 11:34:59.050 E/[GH_ROMAII_SENSOR_HOOK]( 8987): gsensor_drv_get_fifo_data len 40 
09-03 11:34:59.050 E/[GH_ROMAII_SENSOR_HOOK]( 8987): [gh30x_fifo_evt_spo2_mode_calc] enter
09-03 11:34:59.080 E/[GH_ROMAII_SENSOR_HOOK]( 8987): [handle_spo2_mode_result] enter
09-03 11:34:59.080 E/[GH_ROMAII_SENSOR_HOOK]( 8987): GH_3011 spo2_result : 98 , lvl 49 , hb 54, lvl45 , wearing 1
09-03 11:34:59.090 E/[GH_I2C_BUS]( 8987): gh_dev_report_key 1, weared 1 ,ppg 54 ,spo2 98 ,ret 0
09-03 11:34:59.090 E/[GH_ROMAII_SENSOR_HOOK]( 8987): [handle_spo2_mode_result] exit
09-03 11:34:59.090 E/[GH_ROMAII_SENSOR_HOOK]( 8987): spo2 calc, gs_len=40, result=98,49,54,45,870,593,0,0,40,2,5550,1
09-03 11:34:59.090 E/[GH_ROMAII_SENSOR_HOOK]( 8987): [gh30x_fifo_evt_spo2_mode_calc] wearing_state:1
09-03 11:34:59.090 E/[GH_ROMAII_SENSOR_HOOK]( 8987): [gh30x_fifo_evt_spo2_mode_calc] not unwear state
09-03 11:34:59.090 E/[GH_ROMAII_SENSOR_HOOK]( 8987): [gh30x_fifo_evt_spo2_mode_calc] exit
09-03 11:34:59.090 E/[GH_ROMAII_SENSOR_HOOK]( 8987): [gh30x_fifo_evt_handler] exit
09-03 11:34:59.090 E/[GH_ROMAII_SENSOR_HOOK]( 8987): [gh30x_int_msg_handler] exit
09-03 11:34:59.090 E/[GH_I2C_BUS]( 8987): start gh_dev_wait_irq
09-03 11:34:59.690 D/LIBGPS  (  647): watchdog_open PowerState:GE2 CP SLEEP readcount:800852
09-03 11:34:59.860 D/WCND    (  217): is_cp2_alive_ok: open polling interface: /proc/mdbg/loopcheck, fd = 17
09-03 11:34:59.960 D/WCND    (  217): is_cp2_alive_ok: loop: /proc/mdbg/loopcheck is OK
09-03 11:34:59.990 D/AlarmManager(  647): waitForAlarm result:8, nowELAPSED:54043586, nowRTC:1788442499999
09-03 11:34:59.990 D/AlarmManager(  647): triggerList.add i = 0
09-03 11:34:59.990 D/AlarmManager(  647): break
09-03 11:34:59.990 D/AlarmManager(  647): sending alarm type:3 operation:PendingIntent{41964228: PendingIntentRecord{4196eb78 android broadcastIntent}}
09-03 11:34:59.990 D/BroadcastQueue(  647): enqueueOrderedBroadcastLocked after add: BroadcastRecord{41cec088 u-1 android.intent.action.TIME_TICK} , the first order broadcast is:BroadcastRecord{41cec088 u-1 android.intent.action.TIME_TICK} size:1 is: foreground
09-03 11:34:59.990 D/BroadcastQueue(  647): Schedule broadcasts [foreground]: current=false
09-03 11:34:59.990 D/BroadcastQueue(  647): Received BROADCAST_INTENT_MSG
09-03 11:34:59.990 D/BroadcastQueue(  647): Processing ordered broadcast [foreground] BroadcastRecord{41cec088 u-1 android.intent.action.TIME_TICK}
09-03 11:34:59.990 D/PowerManagerService(  647): acquireWakeLockInternal: lock=1100495272, flags=0x1, tag="AlarmManager", ws=WorkSource{1000}, uid=1000, pid=647 pkg name:android
09-03 11:34:59.990 D/BroadcastQueue(  647): Submitting BROADCAST_TIMEOUT_MSG [foreground] for BroadcastRecord{41cec088 u-1 android.intent.action.TIME_TICK} at 52726232
09-03 11:34:59.990 V/BatteryStatsImpl(  647): startRunningLocked(): mNesting = 1
09-03 11:34:59.990 V/BatteryStatsImpl(  647): startRunningLocked before mTimerPool.size = 0
09-03 11:34:59.990 V/BatteryStatsImpl(  647): startRunningLocked after mTimerPool.size = 1
09-03 11:34:59.990 D/PowerManagerService(  647): updateSuspendBlockerLocked goto acquire:PowerManagerService.WakeLocks: ref count=0
09-03 11:34:59.990 D/PowerManagerService(  647): Acquiring suspend blocker "PowerManagerService.WakeLocks".
09-03 11:34:59.990 D/AlarmManager(  647): set(PendingIntent{41964228: PendingIntentRecord{4196eb78 android broadcastIntent}}) : type=3 triggerAtTime=54103586 win=0 tElapsed=54103586 maxElapsed=54103586 interval=0 standalone=true
09-03 11:34:59.990 D/AlarmManager(  647): setImplLocked() Action = android.intent.action.TIME_TICK, Component = null, type = 3, when = 1788442559999, absolute triggerTime = 2026-09-03 15:35:59
09-03 11:34:59.990 E/AlarmManagerService(  647): set alarm to 54103.586000000
09-03 11:34:59.990 W/AlarmManagerHelper(  647): notifyPowerGuru() -> PowerGuruService is not running ???
09-03 11:34:59.990 D/BroadcastQueue(  647): Delivering ordered [foreground] to the last registered filter BroadcastFilter{41b0e4c0 u0 ReceiverList{41b35048 746 com.android.systemui/10033/u0 remote:41a13218}}: BroadcastRecord{41cec088 u-1 android.intent.action.TIME_TICK}
09-03 11:34:59.990 D/BroadcastQueue(  647): Cancelling BROADCAST_TIMEOUT_MSG
09-03 11:34:59.990 D/BroadcastQueue(  647): Finished with ordered broadcast BroadcastRecord{41cec088 u-1 android.intent.action.TIME_TICK}
09-03 11:34:59.990 D/BroadcastQueue(  647): Finished with ordered broadcast and remove index 0:BroadcastRecord{41cec088 u-1 android.intent.action.TIME_TICK} is: foreground remine 0
09-03 11:34:59.990 D/PowerManagerService(  647): releaseWakeLockInternal: lock=1100495272 [AlarmManager], flags=0x0 pkg name:android
09-03 11:34:59.990 D/PowerManagerService(  647): updateSuspendBlockerLocked goto release:PowerManagerService.WakeLocks: ref count=1
09-03 11:34:59.990 D/PowerManagerService(  647): Releasing suspend blocker "PowerManagerService.WakeLocks".
09-03 11:35:00.060 E/[GH_I2C_BUS]( 8987): GH end gh_dev_wait_irq 0
09-03 11:35:00.060 E/[GH_ROMAII_SENSOR_HOOK]( 8987): [gh30x_int_msg_handler] enter
09-03 11:35:00.060 E/[GH_ROMAII_SENSOR_HOOK]( 8987): [gh30x_int_msg_handler] gh30x_irq_status:2， type:INT_STATUS_FIFO_WATERMARK
09-03 11:35:00.060 E/[GH_ROMAII_SENSOR_HOOK]( 8987): [gh30x_int_msg_handler] gh30x_adt_working_flag:0
09-03 11:35:00.060 E/[GH_ROMAII_SENSOR_HOOK]( 8987): [gh30x_fifo_evt_handler] enter
09-03 11:35:00.060 E/[GH_ROMAII_SENSOR_HOOK]( 8987): got gh30x fifo evt, func[RUN_MODE_SPO2_DET]
09-03 11:35:00.060 E/[GH_I2C_BUS]( 8987): gh_dev_get_acc_buffer len 40 ret 0
09-03 11:35:00.060 E/[GH_ROMAII_SENSOR_HOOK]( 8987): gsensor_drv_get_fifo_data len 40 
09-03 11:35:00.060 E/[GH_ROMAII_SENSOR_HOOK]( 8987): [gh30x_fifo_evt_spo2_mode_calc] enter
09-03 11:35:00.080 E/[GH_ROMAII_SENSOR_HOOK]( 8987): [handle_spo2_mode_result] enter
09-03 11:35:00.080 E/[GH_ROMAII_SENSOR_HOOK]( 8987): GH_3011 spo2_result : 98 , lvl 53 , hb 54, lvl45 , wearing 1
09-03 11:35:00.100 E/[GH_I2C_BUS]( 8987): gh_dev_report_key 1, weared 1 ,ppg 54 ,spo2 98 ,ret 0
09-03 11:35:00.100 E/[GH_ROMAII_SENSOR_HOOK]( 8987): [handle_spo2_mode_result] exit
09-03 11:35:00.100 E/[GH_ROMAII_SENSOR_HOOK]( 8987): spo2 calc, gs_len=40, result=98,53,54,45,1510,0,0,0,40,1,5550,1
09-03 11:35:00.100 E/[GH_ROMAII_SENSOR_HOOK]( 8987): [gh30x_fifo_evt_spo2_mode_calc] wearing_state:1
09-03 11:35:00.100 E/[GH_ROMAII_SENSOR_HOOK]( 8987): [gh30x_fifo_evt_spo2_mode_calc] not unwear state
09-03 11:35:00.100 E/[GH_ROMAII_SENSOR_HOOK]( 8987): [gh30x_fifo_evt_spo2_mode_calc] exit
09-03 11:35:00.100 E/[GH_ROMAII_SENSOR_HOOK]( 8987): [gh30x_fifo_evt_handler] exit
09-03 11:35:00.100 E/[GH_ROMAII_SENSOR_HOOK]( 8987): [gh30x_int_msg_handler] exit
09-03 11:35:00.100 E/[GH_I2C_BUS]( 8987): start gh_dev_wait_irq
09-03 11:35:01.060 E/[GH_I2C_BUS]( 8987): GH end gh_dev_wait_irq 0
09-03 11:35:01.060 E/[GH_ROMAII_SENSOR_HOOK]( 8987): [gh30x_int_msg_handler] enter
09-03 11:35:01.060 E/[GH_ROMAII_SENSOR_HOOK]( 8987): [gh30x_int_msg_handler] gh30x_irq_status:2， type:INT_STATUS_FIFO_WATERMARK
09-03 11:35:01.060 E/[GH_ROMAII_SENSOR_HOOK]( 8987): [gh30x_int_msg_handler] gh30x_adt_working_flag:0
09-03 11:35:01.060 E/[GH_ROMAII_SENSOR_HOOK]( 8987): [gh30x_fifo_evt_handler] enter
09-03 11:35:01.060 E/[GH_ROMAII_SENSOR_HOOK]( 8987): got gh30x fifo evt, func[RUN_MODE_SPO2_DET]
09-03 11:35:01.060 E/[GH_I2C_BUS]( 8987): gh_dev_get_acc_buffer len 40 ret 0
09-03 11:35:01.060 E/[GH_ROMAII_SENSOR_HOOK]( 8987): gsensor_drv_get_fifo_data len 40 
09-03 11:35:01.060 E/[GH_ROMAII_SENSOR_HOOK]( 8987): [gh30x_fifo_evt_spo2_mode_calc] enter
09-03 11:35:01.080 E/[GH_ROMAII_SENSOR_HOOK]( 8987): [handle_spo2_mode_result] enter
09-03 11:35:01.080 E/[GH_ROMAII_SENSOR_HOOK]( 8987): GH_3011 spo2_result : 98 , lvl 57 , hb 54, lvl45 , wearing 1
09-03 11:35:01.100 E/[GH_I2C_BUS]( 8987): gh_dev_report_key 1, weared 1 ,ppg 54 ,spo2 98 ,ret 0
09-03 11:35:01.100 E/[GH_ROMAII_SENSOR_HOOK]( 8987): [handle_spo2_mode_result] exit
09-03 11:35:01.100 E/[GH_ROMAII_SENSOR_HOOK]( 8987): spo2 calc, gs_len=40, result=98,57,54,45,900,0,0,0,40,1,5550,1
09-03 11:35:01.100 E/[GH_ROMAII_SENSOR_HOOK]( 8987): [gh30x_fifo_evt_spo2_mode_calc] wearing_state:1
09-03 11:35:01.100 E/[GH_ROMAII_SENSOR_HOOK]( 8987): [gh30x_fifo_evt_spo2_mode_calc] not unwear state
09-03 11:35:01.100 E/[GH_ROMAII_SENSOR_HOOK]( 8987): [gh30x_fifo_evt_spo2_mode_calc] exit
09-03 11:35:01.100 E/[GH_ROMAII_SENSOR_HOOK]( 8987): [gh30x_fifo_evt_handler] exit
09-03 11:35:01.100 E/[GH_ROMAII_SENSOR_HOOK]( 8987): [gh30x_int_msg_handler] exit
09-03 11:35:01.100 E/[GH_I2C_BUS]( 8987): start gh_dev_wait_irq
09-03 11:35:01.690 D/LIBGPS  (  647): watchdog_open PowerState:GE2 CP SLEEP readcount:800852
09-03 11:35:01.980 W/WindowManager(  647): Focused window stay null too long, have a update!
09-03 11:35:01.980 V/WindowManager(  647): Looking for focus: 1 = Window{41b914a8 u0 KeyguardScrim} = null, flags=1116416, canReceive=false mViewVisibility=8 mHasSurface=false
09-03 11:35:01.980 V/WindowManager(  647): Looking for focus: 0 = Window{4191a5c0 u0 com.android.systemui.ImageWallpaper} = null, flags=792, canReceive=false mViewVisibility=0 mHasSurface=true
09-03 11:35:01.980 V/WindowManager(  647): findFocusedWindow: No focusable windows.
09-03 11:35:02.060 E/[GH_I2C_BUS]( 8987): GH end gh_dev_wait_irq 0
09-03 11:35:02.060 E/[GH_ROMAII_SENSOR_HOOK]( 8987): [gh30x_int_msg_handler] enter
09-03 11:35:02.060 E/[GH_ROMAII_SENSOR_HOOK]( 8987): [gh30x_int_msg_handler] gh30x_irq_status:2， type:INT_STATUS_FIFO_WATERMARK
09-03 11:35:02.060 E/[GH_ROMAII_SENSOR_HOOK]( 8987): [gh30x_int_msg_handler] gh30x_adt_working_flag:0
09-03 11:35:02.060 E/[GH_ROMAII_SENSOR_HOOK]( 8987): [gh30x_fifo_evt_handler] enter
09-03 11:35:02.060 E/[GH_ROMAII_SENSOR_HOOK]( 8987): got gh30x fifo evt, func[RUN_MODE_SPO2_DET]
09-03 11:35:02.060 E/[GH_I2C_BUS]( 8987): gh_dev_get_acc_buffer len 39 ret 0
09-03 11:35:02.060 E/[GH_ROMAII_SENSOR_HOOK]( 8987): gsensor_drv_get_fifo_data len 39 
09-03 11:35:02.060 E/[GH_ROMAII_SENSOR_HOOK]( 8987): [gh30x_fifo_evt_spo2_mode_calc] enter
09-03 11:35:02.090 E/[GH_ROMAII_SENSOR_HOOK]( 8987): [handle_spo2_mode_result] enter
09-03 11:35:02.090 E/[GH_ROMAII_SENSOR_HOOK]( 8987): GH_3011 spo2_result : 98 , lvl 58 , hb 54, lvl45 , wearing 1
09-03 11:35:02.100 E/[GH_I2C_BUS]( 8987): gh_dev_report_key 1, weared 1 ,ppg 54 ,spo2 98 ,ret 0
09-03 11:35:02.100 E/[GH_ROMAII_SENSOR_HOOK]( 8987): [handle_spo2_mode_result] exit
09-03 11:35:02.100 E/[GH_ROMAII_SENSOR_HOOK]( 8987): spo2 calc, gs_len=39, result=98,58,54,45,960,0,0,0,40,1,5550,1
09-03 11:35:02.100 E/[GH_ROMAII_SENSOR_HOOK]( 8987): [gh30x_fifo_evt_spo2_mode_calc] wearing_state:1
09-03 11:35:02.100 E/[GH_ROMAII_SENSOR_HOOK]( 8987): [gh30x_fifo_evt_spo2_mode_calc] not unwear state
09-03 11:35:02.100 E/[GH_ROMAII_SENSOR_HOOK]( 8987): [gh30x_fifo_evt_spo2_mode_calc] exit
09-03 11:35:02.100 E/[GH_ROMAII_SENSOR_HOOK]( 8987): [gh30x_fifo_evt_handler] exit
09-03 11:35:02.100 E/[GH_ROMAII_SENSOR_HOOK]( 8987): [gh30x_int_msg_handler] exit
09-03 11:35:02.100 E/[GH_I2C_BUS]( 8987): start gh_dev_wait_irq
09-03 11:35:02.660 E/LIBGPS  (  647): read socet_client error: Try again
09-03 11:35:03.070 E/[GH_I2C_BUS]( 8987): GH end gh_dev_wait_irq 0
09-03 11:35:03.070 E/[GH_ROMAII_SENSOR_HOOK]( 8987): [gh30x_int_msg_handler] enter
09-03 11:35:03.070 E/[GH_ROMAII_SENSOR_HOOK]( 8987): [gh30x_int_msg_handler] gh30x_irq_status:2， type:INT_STATUS_FIFO_WATERMARK
09-03 11:35:03.070 E/[GH_ROMAII_SENSOR_HOOK]( 8987): [gh30x_int_msg_handler] gh30x_adt_working_flag:0
09-03 11:35:03.070 E/[GH_ROMAII_SENSOR_HOOK]( 8987): [gh30x_fifo_evt_handler] enter
09-03 11:35:03.070 E/[GH_ROMAII_SENSOR_HOOK]( 8987): got gh30x fifo evt, func[RUN_MODE_SPO2_DET]
09-03 11:35:03.070 E/[GH_I2C_BUS]( 8987): gh_dev_get_acc_buffer len 40 ret 0
09-03 11:35:03.070 E/[GH_ROMAII_SENSOR_HOOK]( 8987): gsensor_drv_get_fifo_data len 40 
09-03 11:35:03.070 E/[GH_ROMAII_SENSOR_HOOK]( 8987): [gh30x_fifo_evt_spo2_mode_calc] enter
09-03 11:35:03.090 E/[GH_ROMAII_SENSOR_HOOK]( 8987): [handle_spo2_mode_result] enter
09-03 11:35:03.090 E/[GH_ROMAII_SENSOR_HOOK]( 8987): GH_3011 spo2_result : 98 , lvl 59 , hb 54, lvl45 , wearing 1
09-03 11:35:03.110 E/[GH_I2C_BUS]( 8987): gh_dev_report_key 1, weared 1 ,ppg 54 ,spo2 98 ,ret 0
09-03 11:35:03.110 E/[GH_ROMAII_SENSOR_HOOK]( 8987): [handle_spo2_mode_result] exit
09-03 11:35:03.110 E/[GH_ROMAII_SENSOR_HOOK]( 8987): spo2 calc, gs_len=40, result=98,59,54,45,1090,0,0,0,100,1,5550,1
09-03 11:35:03.110 E/[GH_ROMAII_SENSOR_HOOK]( 8987): [gh30x_fifo_evt_spo2_mode_calc] wearing_state:1
09-03 11:35:03.110 E/[GH_ROMAII_SENSOR_HOOK]( 8987): [gh30x_fifo_evt_spo2_mode_calc] not unwear state
09-03 11:35:03.110 E/[GH_ROMAII_SENSOR_HOOK]( 8987): [gh30x_fifo_evt_spo2_mode_calc] exit
09-03 11:35:03.110 E/[GH_ROMAII_SENSOR_HOOK]( 8987): [gh30x_fifo_evt_handler] exit
09-03 11:35:03.110 E/[GH_ROMAII_SENSOR_HOOK]( 8987): [gh30x_int_msg_handler] exit
09-03 11:35:03.110 E/[GH_I2C_BUS]( 8987): start gh_dev_wait_irq
09-03 11:35:03.690 D/LIBGPS  (  647): watchdog_open PowerState:GE2 CP SLEEP readcount:800852
09-03 11:35:04.070 E/[GH_I2C_BUS]( 8987): GH end gh_dev_wait_irq 0
09-03 11:35:04.070 E/[GH_ROMAII_SENSOR_HOOK]( 8987): [gh30x_int_msg_handler] enter
09-03 11:35:04.070 E/[GH_ROMAII_SENSOR_HOOK]( 8987): [gh30x_int_msg_handler] gh30x_irq_status:2， type:INT_STATUS_FIFO_WATERMARK
09-03 11:35:04.070 E/[GH_ROMAII_SENSOR_HOOK]( 8987): [gh30x_int_msg_handler] gh30x_adt_working_flag:0
09-03 11:35:04.070 E/[GH_ROMAII_SENSOR_HOOK]( 8987): [gh30x_fifo_evt_handler] enter
09-03 11:35:04.070 E/[GH_ROMAII_SENSOR_HOOK]( 8987): got gh30x fifo evt, func[RUN_MODE_SPO2_DET]
09-03 11:35:04.070 E/[GH_I2C_BUS]( 8987): gh_dev_get_acc_buffer len 40 ret 0
09-03 11:35:04.070 E/[GH_ROMAII_SENSOR_HOOK]( 8987): gsensor_drv_get_fifo_data len 40 
09-03 11:35:04.070 E/[GH_ROMAII_SENSOR_HOOK]( 8987): [gh30x_fifo_evt_spo2_mode_calc] enter
09-03 11:35:04.090 E/[GH_ROMAII_SENSOR_HOOK]( 8987): [handle_spo2_mode_result] enter
09-03 11:35:04.090 E/[GH_ROMAII_SENSOR_HOOK]( 8987): GH_3011 spo2_result : 98 , lvl 60 , hb 54, lvl45 , wearing 1
09-03 11:35:04.110 E/[GH_I2C_BUS]( 8987): gh_dev_report_key 1, weared 1 ,ppg 54 ,spo2 98 ,ret 0
09-03 11:35:04.110 E/[GH_ROMAII_SENSOR_HOOK]( 8987): [handle_spo2_mode_result] exit
09-03 11:35:04.110 E/[GH_ROMAII_SENSOR_HOOK]( 8987): spo2 calc, gs_len=40, result=98,60,54,45,1170,0,0,0,100,1,5550,1
09-03 11:35:04.110 E/[GH_ROMAII_SENSOR_HOOK]( 8987): [gh30x_fifo_evt_spo2_mode_calc] wearing_state:1
09-03 11:35:04.110 E/[GH_ROMAII_SENSOR_HOOK]( 8987): [gh30x_fifo_evt_spo2_mode_calc] not unwear state
09-03 11:35:04.110 E/[GH_ROMAII_SENSOR_HOOK]( 8987): [gh30x_fifo_evt_spo2_mode_calc] exit
09-03 11:35:04.110 E/[GH_ROMAII_SENSOR_HOOK]( 8987): [gh30x_fifo_evt_handler] exit
09-03 11:35:04.110 E/[GH_ROMAII_SENSOR_HOOK]( 8987): [gh30x_int_msg_handler] exit
09-03 11:35:04.110 E/[GH_I2C_BUS]( 8987): start gh_dev_wait_irq
09-03 11:35:04.970 D/WCND    (  217): is_cp2_alive_ok: open polling interface: /proc/mdbg/loopcheck, fd = 17
09-03 11:35:04.970 W/WindowManager(  647): Focused window stay null too long, have a update!
09-03 11:35:04.970 V/WindowManager(  647): Looking for focus: 1 = Window{41b914a8 u0 KeyguardScrim} = null, flags=1116416, canReceive=false mViewVisibility=8 mHasSurface=false
09-03 11:35:04.970 V/WindowManager(  647): Looking for focus: 0 = Window{4191a5c0 u0 com.android.systemui.ImageWallpaper} = null, flags=792, canReceive=false mViewVisibility=0 mHasSurface=true
09-03 11:35:04.970 V/WindowManager(  647): findFocusedWindow: No focusable windows.
09-03 11:35:05.070 D/WCND    (  217): is_cp2_alive_ok: loop: /proc/mdbg/loopcheck is OK
09-03 11:35:05.070 E/[GH_I2C_BUS]( 8987): GH end gh_dev_wait_irq 0
09-03 11:35:05.070 E/[GH_ROMAII_SENSOR_HOOK]( 8987): [gh30x_int_msg_handler] enter
09-03 11:35:05.070 E/[GH_ROMAII_SENSOR_HOOK]( 8987): [gh30x_int_msg_handler] gh30x_irq_status:2， type:INT_STATUS_FIFO_WATERMARK
09-03 11:35:05.070 E/[GH_ROMAII_SENSOR_HOOK]( 8987): [gh30x_int_msg_handler] gh30x_adt_working_flag:0
09-03 11:35:05.070 E/[GH_ROMAII_SENSOR_HOOK]( 8987): [gh30x_fifo_evt_handler] enter
09-03 11:35:05.070 E/[GH_ROMAII_SENSOR_HOOK]( 8987): got gh30x fifo evt, func[RUN_MODE_SPO2_DET]
09-03 11:35:05.070 E/[GH_I2C_BUS]( 8987): gh_dev_get_acc_buffer len 40 ret 0
09-03 11:35:05.070 E/[GH_ROMAII_SENSOR_HOOK]( 8987): gsensor_drv_get_fifo_data len 40 
09-03 11:35:05.070 E/[GH_ROMAII_SENSOR_HOOK]( 8987): [gh30x_fifo_evt_spo2_mode_calc] enter
09-03 11:35:05.100 E/[GH_ROMAII_SENSOR_HOOK]( 8987): [handle_spo2_mode_result] enter
09-03 11:35:05.100 E/[GH_ROMAII_SENSOR_HOOK]( 8987): GH_3011 spo2_result : 98 , lvl 63 , hb 54, lvl43 , wearing 1
09-03 11:35:05.110 E/[GH_I2C_BUS]( 8987): gh_dev_report_key 1, weared 1 ,ppg 54 ,spo2 98 ,ret 0
09-03 11:35:05.110 E/[GH_ROMAII_SENSOR_HOOK]( 8987): [handle_spo2_mode_result] exit
09-03 11:35:05.110 E/[GH_ROMAII_SENSOR_HOOK]( 8987): spo2 calc, gs_len=40, result=98,63,54,43,960,0,0,0,100,1,5550,1
09-03 11:35:05.110 E/[GH_ROMAII_SENSOR_HOOK]( 8987): [gh30x_fifo_evt_spo2_mode_calc] wearing_state:1
09-03 11:35:05.110 E/[GH_ROMAII_SENSOR_HOOK]( 8987): [gh30x_fifo_evt_spo2_mode_calc] not unwear state
09-03 11:35:05.110 E/[GH_ROMAII_SENSOR_HOOK]( 8987): [gh30x_fifo_evt_spo2_mode_calc] exit
09-03 11:35:05.110 E/[GH_ROMAII_SENSOR_HOOK]( 8987): [gh30x_fifo_evt_handler] exit
09-03 11:35:05.110 E/[GH_ROMAII_SENSOR_HOOK]( 8987): [gh30x_int_msg_handler] exit
09-03 11:35:05.110 E/[GH_I2C_BUS]( 8987): start gh_dev_wait_irq
09-03 11:35:05.690 D/LIBGPS  (  647): watchdog_open PowerState:GE2 CP SLEEP readcount:800852
09-03 11:35:06.090 E/[GH_I2C_BUS]( 8987): GH end gh_dev_wait_irq 0
09-03 11:35:06.090 E/[GH_ROMAII_SENSOR_HOOK]( 8987): [gh30x_int_msg_handler] enter
09-03 11:35:06.090 E/[GH_ROMAII_SENSOR_HOOK]( 8987): [gh30x_int_msg_handler] gh30x_irq_status:2， type:INT_STATUS_FIFO_WATERMARK
09-03 11:35:06.090 E/[GH_ROMAII_SENSOR_HOOK]( 8987): [gh30x_int_msg_handler] gh30x_adt_working_flag:0
09-03 11:35:06.090 E/[GH_ROMAII_SENSOR_HOOK]( 8987): [gh30x_fifo_evt_handler] enter
09-03 11:35:06.090 E/[GH_ROMAII_SENSOR_HOOK]( 8987): got gh30x fifo evt, func[RUN_MODE_SPO2_DET]
09-03 11:35:06.090 E/[GH_I2C_BUS]( 8987): gh_dev_get_acc_buffer len 40 ret 0
09-03 11:35:06.090 E/[GH_ROMAII_SENSOR_HOOK]( 8987): gsensor_drv_get_fifo_data len 40 
09-03 11:35:06.090 E/[GH_ROMAII_SENSOR_HOOK]( 8987): [gh30x_fifo_evt_spo2_mode_calc] enter
09-03 11:35:06.100 E/[GH_ROMAII_SENSOR_HOOK]( 8987): [handle_spo2_mode_result] enter
09-03 11:35:06.100 E/[GH_ROMAII_SENSOR_HOOK]( 8987): GH_3011 spo2_result : 98 , lvl 70 , hb 55, lvl41 , wearing 1
09-03 11:35:06.120 E/[GH_I2C_BUS]( 8987): gh_dev_report_key 1, weared 1 ,ppg 55 ,spo2 98 ,ret 0
09-03 11:35:06.120 E/[GH_ROMAII_SENSOR_HOOK]( 8987): [handle_spo2_mode_result] exit
09-03 11:35:06.120 E/[GH_ROMAII_SENSOR_HOOK]( 8987): spo2 calc, gs_len=40, result=98,70,55,41,890,0,0,0,100,1,5550,1
09-03 11:35:06.120 E/[GH_ROMAII_SENSOR_HOOK]( 8987): [gh30x_fifo_evt_spo2_mode_calc] wearing_state:1
09-03 11:35:06.120 E/[GH_ROMAII_SENSOR_HOOK]( 8987): [gh30x_fifo_evt_spo2_mode_calc] not unwear state
09-03 11:35:06.120 E/[GH_ROMAII_SENSOR_HOOK]( 8987): [gh30x_fifo_evt_spo2_mode_calc] exit
09-03 11:35:06.120 E/[GH_ROMAII_SENSOR_HOOK]( 8987): [gh30x_fifo_evt_handler] exit
09-03 11:35:06.120 E/[GH_ROMAII_SENSOR_HOOK]( 8987): [gh30x_int_msg_handler] exit
09-03 11:35:06.120 E/[GH_I2C_BUS]( 8987): start gh_dev_wait_irq
09-03 11:35:07.080 E/[GH_I2C_BUS]( 8987): GH end gh_dev_wait_irq 0
09-03 11:35:07.080 E/[GH_ROMAII_SENSOR_HOOK]( 8987): [gh30x_int_msg_handler] enter
09-03 11:35:07.080 E/[GH_ROMAII_SENSOR_HOOK]( 8987): [gh30x_int_msg_handler] gh30x_irq_status:2， type:INT_STATUS_FIFO_WATERMARK
09-03 11:35:07.080 E/[GH_ROMAII_SENSOR_HOOK]( 8987): [gh30x_int_msg_handler] gh30x_adt_working_flag:0
09-03 11:35:07.080 E/[GH_ROMAII_SENSOR_HOOK]( 8987): [gh30x_fifo_evt_handler] enter
09-03 11:35:07.080 E/[GH_ROMAII_SENSOR_HOOK]( 8987): got gh30x fifo evt, func[RUN_MODE_SPO2_DET]
09-03 11:35:07.080 E/[GH_I2C_BUS]( 8987): gh_dev_get_acc_buffer len 40 ret 0
09-03 11:35:07.080 E/[GH_ROMAII_SENSOR_HOOK]( 8987): gsensor_drv_get_fifo_data len 40 
09-03 11:35:07.080 E/[GH_ROMAII_SENSOR_HOOK]( 8987): [gh30x_fifo_evt_spo2_mode_calc] enter
09-03 11:35:07.100 E/[GH_ROMAII_SENSOR_HOOK]( 8987): [handle_spo2_mode_result] enter
09-03 11:35:07.110 E/[GH_ROMAII_SENSOR_HOOK]( 8987): GH_3011 spo2_result : 98 , lvl 70 , hb 55, lvl41 , wearing 1
09-03 11:35:07.110 E/[GH_I2C_BUS]( 8987): gh_dev_report_key 1, weared 1 ,ppg 55 ,spo2 98 ,ret 0
09-03 11:35:07.110 E/[GH_ROMAII_SENSOR_HOOK]( 8987): [handle_spo2_mode_result] exit
09-03 11:35:07.110 E/[GH_ROMAII_SENSOR_HOOK]( 8987): spo2 calc, gs_len=40, result=98,70,55,41,930,0,0,0,100,1,5550,1
09-03 11:35:07.110 E/[GH_ROMAII_SENSOR_HOOK]( 8987): [gh30x_fifo_evt_spo2_mode_calc] wearing_state:1
09-03 11:35:07.110 E/[GH_ROMAII_SENSOR_HOOK]( 8987): [gh30x_fifo_evt_spo2_mode_calc] not unwear state
09-03 11:35:07.110 E/[GH_ROMAII_SENSOR_HOOK]( 8987): [gh30x_fifo_evt_spo2_mode_calc] exit
09-03 11:35:07.110 E/[GH_ROMAII_SENSOR_HOOK]( 8987): [gh30x_fifo_evt_handler] exit
09-03 11:35:07.110 E/[GH_ROMAII_SENSOR_HOOK]( 8987): [gh30x_int_msg_handler] exit
09-03 11:35:07.110 E/[GH_I2C_BUS]( 8987): start gh_dev_wait_irq
09-03 11:35:07.660 E/LIBGPS  (  647): read socet_client error: Try again
09-03 11:35:07.690 D/LIBGPS  (  647): watchdog_open PowerState:GE2 CP SLEEP readcount:800852
09-03 11:35:07.980 W/WindowManager(  647): Focused window stay null too long, have a update!
09-03 11:35:07.980 V/WindowManager(  647): Looking for focus: 1 = Window{41b914a8 u0 KeyguardScrim} = null, flags=1116416, canReceive=false mViewVisibility=8 mHasSurface=false
09-03 11:35:07.980 V/WindowManager(  647): Looking for focus: 0 = Window{4191a5c0 u0 com.android.systemui.ImageWallpaper} = null, flags=792, canReceive=false mViewVisibility=0 mHasSurface=true
09-03 11:35:07.980 V/WindowManager(  647): findFocusedWindow: No focusable windows.
09-03 11:35:08.080 E/[GH_I2C_BUS]( 8987): GH end gh_dev_wait_irq 0
09-03 11:35:08.080 E/[GH_ROMAII_SENSOR_HOOK]( 8987): [gh30x_int_msg_handler] enter
09-03 11:35:08.080 E/[GH_ROMAII_SENSOR_HOOK]( 8987): [gh30x_int_msg_handler] gh30x_irq_status:2， type:INT_STATUS_FIFO_WATERMARK
09-03 11:35:08.080 E/[GH_ROMAII_SENSOR_HOOK]( 8987): [gh30x_int_msg_handler] gh30x_adt_working_flag:0
09-03 11:35:08.080 E/[GH_ROMAII_SENSOR_HOOK]( 8987): [gh30x_fifo_evt_handler] enter
09-03 11:35:08.080 E/[GH_ROMAII_SENSOR_HOOK]( 8987): got gh30x fifo evt, func[RUN_MODE_SPO2_DET]
09-03 11:35:08.080 E/[GH_I2C_BUS]( 8987): gh_dev_get_acc_buffer len 39 ret 0
09-03 11:35:08.080 E/[GH_ROMAII_SENSOR_HOOK]( 8987): gsensor_drv_get_fifo_data len 39 
09-03 11:35:08.080 E/[GH_ROMAII_SENSOR_HOOK]( 8987): [gh30x_fifo_evt_spo2_mode_calc] enter
09-03 11:35:08.110 E/[GH_ROMAII_SENSOR_HOOK]( 8987): [handle_spo2_mode_result] enter
09-03 11:35:08.110 E/[GH_ROMAII_SENSOR_HOOK]( 8987): GH_3011 spo2_result : 98 , lvl 70 , hb 55, lvl41 , wearing 1
09-03 11:35:08.130 E/[GH_I2C_BUS]( 8987): gh_dev_report_key 1, weared 1 ,ppg 55 ,spo2 98 ,ret 0
09-03 11:35:08.130 E/[GH_ROMAII_SENSOR_HOOK]( 8987): [handle_spo2_mode_result] exit
09-03 11:35:08.130 E/[GH_ROMAII_SENSOR_HOOK]( 8987): spo2 calc, gs_len=39, result=98,70,55,41,1170,0,0,0,100,1,5550,1
09-03 11:35:08.130 E/[GH_ROMAII_SENSOR_HOOK]( 8987): [gh30x_fifo_evt_spo2_mode_calc] wearing_state:1
09-03 11:35:08.130 E/[GH_ROMAII_SENSOR_HOOK]( 8987): [gh30x_fifo_evt_spo2_mode_calc] not unwear state
09-03 11:35:08.130 E/[GH_ROMAII_SENSOR_HOOK]( 8987): [gh30x_fifo_evt_spo2_mode_calc] exit
09-03 11:35:08.130 E/[GH_ROMAII_SENSOR_HOOK]( 8987): [gh30x_fifo_evt_handler] exit
09-03 11:35:08.130 E/[GH_ROMAII_SENSOR_HOOK]( 8987): [gh30x_int_msg_handler] exit
09-03 11:35:08.130 E/[GH_I2C_BUS]( 8987): start gh_dev_wait_irq
09-03 11:35:09.090 E/[GH_I2C_BUS]( 8987): GH end gh_dev_wait_irq 0
09-03 11:35:09.090 E/[GH_ROMAII_SENSOR_HOOK]( 8987): [gh30x_int_msg_handler] enter
09-03 11:35:09.090 E/[GH_ROMAII_SENSOR_HOOK]( 8987): [gh30x_int_msg_handler] gh30x_irq_status:2， type:INT_STATUS_FIFO_WATERMARK
09-03 11:35:09.090 E/[GH_ROMAII_SENSOR_HOOK]( 8987): [gh30x_int_msg_handler] gh30x_adt_working_flag:0
09-03 11:35:09.090 E/[GH_ROMAII_SENSOR_HOOK]( 8987): [gh30x_fifo_evt_handler] enter
09-03 11:35:09.090 E/[GH_ROMAII_SENSOR_HOOK]( 8987): got gh30x fifo evt, func[RUN_MODE_SPO2_DET]
09-03 11:35:09.090 E/[GH_I2C_BUS]( 8987): gh_dev_get_acc_buffer len 40 ret 0
09-03 11:35:09.090 E/[GH_ROMAII_SENSOR_HOOK]( 8987): gsensor_drv_get_fifo_data len 40 
09-03 11:35:09.090 E/[GH_ROMAII_SENSOR_HOOK]( 8987): [gh30x_fifo_evt_spo2_mode_calc] enter
09-03 11:35:09.110 E/[GH_ROMAII_SENSOR_HOOK]( 8987): [handle_spo2_mode_result] enter
09-03 11:35:09.110 E/[GH_ROMAII_SENSOR_HOOK]( 8987): GH_3011 spo2_result : 98 , lvl 70 , hb 55, lvl41 , wearing 1
09-03 11:35:09.120 E/[GH_I2C_BUS]( 8987): gh_dev_report_key 1, weared 1 ,ppg 55 ,spo2 98 ,ret 0
09-03 11:35:09.120 E/[GH_ROMAII_SENSOR_HOOK]( 8987): [handle_spo2_mode_result] exit
09-03 11:35:09.120 E/[GH_ROMAII_SENSOR_HOOK]( 8987): spo2 calc, gs_len=40, result=98,70,55,41,1170,0,0,0,100,1,5550,1
09-03 11:35:09.120 E/[GH_ROMAII_SENSOR_HOOK]( 8987): [gh30x_fifo_evt_spo2_mode_calc] wearing_state:1
09-03 11:35:09.120 E/[GH_ROMAII_SENSOR_HOOK]( 8987): [gh30x_fifo_evt_spo2_mode_calc] not unwear state
09-03 11:35:09.120 E/[GH_ROMAII_SENSOR_HOOK]( 8987): [gh30x_fifo_evt_spo2_mode_calc] exit
09-03 11:35:09.120 E/[GH_ROMAII_SENSOR_HOOK]( 8987): [gh30x_fifo_evt_handler] exit
09-03 11:35:09.120 E/[GH_ROMAII_SENSOR_HOOK]( 8987): [gh30x_int_msg_handler] exit
09-03 11:35:09.120 E/[GH_I2C_BUS]( 8987): start gh_dev_wait_irq
09-03 11:35:09.690 D/LIBGPS  (  647): watchdog_open PowerState:GE2 CP SLEEP readcount:800852
09-03 11:35:10.070 D/WCND    (  217): is_cp2_alive_ok: open polling interface: /proc/mdbg/loopcheck, fd = 17
09-03 11:35:10.090 E/[GH_I2C_BUS]( 8987): GH end gh_dev_wait_irq 0
09-03 11:35:10.090 E/[GH_ROMAII_SENSOR_HOOK]( 8987): [gh30x_int_msg_handler] enter
09-03 11:35:10.090 E/[GH_ROMAII_SENSOR_HOOK]( 8987): [gh30x_int_msg_handler] gh30x_irq_status:2， type:INT_STATUS_FIFO_WATERMARK
09-03 11:35:10.090 E/[GH_ROMAII_SENSOR_HOOK]( 8987): [gh30x_int_msg_handler] gh30x_adt_working_flag:0
09-03 11:35:10.090 E/[GH_ROMAII_SENSOR_HOOK]( 8987): [gh30x_fifo_evt_handler] enter
09-03 11:35:10.090 E/[GH_ROMAII_SENSOR_HOOK]( 8987): got gh30x fifo evt, func[RUN_MODE_SPO2_DET]
09-03 11:35:10.090 E/[GH_I2C_BUS]( 8987): gh_dev_get_acc_buffer len 40 ret 0
09-03 11:35:10.090 E/[GH_ROMAII_SENSOR_HOOK]( 8987): gsensor_drv_get_fifo_data len 40 
09-03 11:35:10.090 E/[GH_ROMAII_SENSOR_HOOK]( 8987): [gh30x_fifo_evt_spo2_mode_calc] enter
09-03 11:35:10.110 E/[GH_ROMAII_SENSOR_HOOK]( 8987): [handle_spo2_mode_result] enter
09-03 11:35:10.110 E/[GH_ROMAII_SENSOR_HOOK]( 8987): GH_3011 spo2_result : 98 , lvl 70 , hb 55, lvl41 , wearing 1
09-03 11:35:10.130 E/[GH_I2C_BUS]( 8987): gh_dev_report_key 1, weared 1 ,ppg 55 ,spo2 98 ,ret 0
09-03 11:35:10.130 E/[GH_ROMAII_SENSOR_HOOK]( 8987): [handle_spo2_mode_result] exit
09-03 11:35:10.130 E/[GH_ROMAII_SENSOR_HOOK]( 8987): spo2 calc, gs_len=40, result=98,70,55,41,1230,0,0,0,40,1,5550,1
09-03 11:35:10.130 E/[GH_ROMAII_SENSOR_HOOK]( 8987): [gh30x_fifo_evt_spo2_mode_calc] wearing_state:1
09-03 11:35:10.130 E/[GH_ROMAII_SENSOR_HOOK]( 8987): [gh30x_fifo_evt_spo2_mode_calc] not unwear state
09-03 11:35:10.130 E/[GH_ROMAII_SENSOR_HOOK]( 8987): [gh30x_fifo_evt_spo2_mode_calc] exit
09-03 11:35:10.130 E/[GH_ROMAII_SENSOR_HOOK]( 8987): [gh30x_fifo_evt_handler] exit
09-03 11:35:10.130 E/[GH_ROMAII_SENSOR_HOOK]( 8987): [gh30x_int_msg_handler] exit
09-03 11:35:10.130 E/[GH_I2C_BUS]( 8987): start gh_dev_wait_irq
09-03 11:35:10.170 D/WCND    (  217): is_cp2_alive_ok: loop: /proc/mdbg/loopcheck is OK
09-03 11:35:10.990 W/WindowManager(  647): Focused window stay null too long, have a update!
09-03 11:35:10.990 V/WindowManager(  647): Looking for focus: 1 = Window{41b914a8 u0 KeyguardScrim} = null, flags=1116416, canReceive=false mViewVisibility=8 mHasSurface=false
09-03 11:35:10.990 V/WindowManager(  647): Looking for focus: 0 = Window{4191a5c0 u0 com.android.systemui.ImageWallpaper} = null, flags=792, canReceive=false mViewVisibility=0 mHasSurface=true
09-03 11:35:10.990 V/WindowManager(  647): findFocusedWindow: No focusable windows.
09-03 11:35:11.090 E/[GH_I2C_BUS]( 8987): GH end gh_dev_wait_irq 0
09-03 11:35:11.090 E/[GH_ROMAII_SENSOR_HOOK]( 8987): [gh30x_int_msg_handler] enter
09-03 11:35:11.090 E/[GH_ROMAII_SENSOR_HOOK]( 8987): [gh30x_int_msg_handler] gh30x_irq_status:2， type:INT_STATUS_FIFO_WATERMARK
09-03 11:35:11.090 E/[GH_ROMAII_SENSOR_HOOK]( 8987): [gh30x_int_msg_handler] gh30x_adt_working_flag:0
09-03 11:35:11.100 E/[GH_ROMAII_SENSOR_HOOK]( 8987): [gh30x_fifo_evt_handler] enter
09-03 11:35:11.100 E/[GH_ROMAII_SENSOR_HOOK]( 8987): got gh30x fifo evt, func[RUN_MODE_SPO2_DET]
09-03 11:35:11.100 E/[GH_I2C_BUS]( 8987): gh_dev_get_acc_buffer len 39 ret 0
09-03 11:35:11.100 E/[GH_ROMAII_SENSOR_HOOK]( 8987): gsensor_drv_get_fifo_data len 39 
09-03 11:35:11.100 E/[GH_ROMAII_SENSOR_HOOK]( 8987): [gh30x_fifo_evt_spo2_mode_calc] enter
09-03 11:35:11.120 E/[GH_ROMAII_SENSOR_HOOK]( 8987): [handle_spo2_mode_result] enter
09-03 11:35:11.120 E/[GH_ROMAII_SENSOR_HOOK]( 8987): GH_3011 spo2_result : 98 , lvl 67 , hb 55, lvl41 , wearing 1
09-03 11:35:11.140 E/[GH_I2C_BUS]( 8987): gh_dev_report_key 1, weared 1 ,ppg 55 ,spo2 98 ,ret 0
09-03 11:35:11.140 E/[GH_ROMAII_SENSOR_HOOK]( 8987): [handle_spo2_mode_result] exit
09-03 11:35:11.140 E/[GH_ROMAII_SENSOR_HOOK]( 8987): spo2 calc, gs_len=39, result=98,67,55,41,1050,780,0,0,40,2,5550,1
09-03 11:35:11.140 E/[GH_ROMAII_SENSOR_HOOK]( 8987): [gh30x_fifo_evt_spo2_mode_calc] wearing_state:1
09-03 11:35:11.140 E/[GH_ROMAII_SENSOR_HOOK]( 8987): [gh30x_fifo_evt_spo2_mode_calc] not unwear state
09-03 11:35:11.140 E/[GH_ROMAII_SENSOR_HOOK]( 8987): [gh30x_fifo_evt_spo2_mode_calc] exit
09-03 11:35:11.140 E/[GH_ROMAII_SENSOR_HOOK]( 8987): [gh30x_fifo_evt_handler] exit
09-03 11:35:11.140 E/[GH_ROMAII_SENSOR_HOOK]( 8987): [gh30x_int_msg_handler] exit
09-03 11:35:11.140 E/[GH_I2C_BUS]( 8987): start gh_dev_wait_irq
09-03 11:35:11.700 D/LIBGPS  (  647): watchdog_open PowerState:GE2 CP SLEEP readcount:800852
09-03 11:35:12.100 E/[GH_I2C_BUS]( 8987): GH end gh_dev_wait_irq 0
09-03 11:35:12.100 E/[GH_ROMAII_SENSOR_HOOK]( 8987): [gh30x_int_msg_handler] enter
09-03 11:35:12.100 E/[GH_ROMAII_SENSOR_HOOK]( 8987): [gh30x_int_msg_handler] gh30x_irq_status:2， type:INT_STATUS_FIFO_WATERMARK
09-03 11:35:12.100 E/[GH_ROMAII_SENSOR_HOOK]( 8987): [gh30x_int_msg_handler] gh30x_adt_working_flag:0
09-03 11:35:12.100 E/[GH_ROMAII_SENSOR_HOOK]( 8987): [gh30x_fifo_evt_handler] enter
09-03 11:35:12.100 E/[GH_ROMAII_SENSOR_HOOK]( 8987): got gh30x fifo evt, func[RUN_MODE_SPO2_DET]
09-03 11:35:12.100 E/[GH_I2C_BUS]( 8987): gh_dev_get_acc_buffer len 40 ret 0
09-03 11:35:12.100 E/[GH_ROMAII_SENSOR_HOOK]( 8987): gsensor_drv_get_fifo_data len 40 
09-03 11:35:12.100 E/[GH_ROMAII_SENSOR_HOOK]( 8987): [gh30x_fifo_evt_spo2_mode_calc] enter
09-03 11:35:12.120 E/[GH_ROMAII_SENSOR_HOOK]( 8987): [handle_spo2_mode_result] enter
09-03 11:35:12.120 E/[GH_ROMAII_SENSOR_HOOK]( 8987): GH_3011 spo2_result : 98 , lvl 61 , hb 55, lvl41 , wearing 1
09-03 11:35:12.130 E/[GH_I2C_BUS]( 8987): gh_dev_report_key 1, weared 1 ,ppg 55 ,spo2 98 ,ret 0
09-03 11:35:12.130 E/[GH_ROMAII_SENSOR_HOOK]( 8987): [handle_spo2_mode_result] exit
09-03 11:35:12.130 E/[GH_ROMAII_SENSOR_HOOK]( 8987): spo2 calc, gs_len=40, result=98,61,55,41,567,567,0,0,40,2,5550,1
09-03 11:35:12.130 E/[GH_ROMAII_SENSOR_HOOK]( 8987): [gh30x_fifo_evt_spo2_mode_calc] wearing_state:1
09-03 11:35:12.130 E/[GH_ROMAII_SENSOR_HOOK]( 8987): [gh30x_fifo_evt_spo2_mode_calc] not unwear state
09-03 11:35:12.130 E/[GH_ROMAII_SENSOR_HOOK]( 8987): [gh30x_fifo_evt_spo2_mode_calc] exit
09-03 11:35:12.130 E/[GH_ROMAII_SENSOR_HOOK]( 8987): [gh30x_fifo_evt_handler] exit
09-03 11:35:12.130 E/[GH_ROMAII_SENSOR_HOOK]( 8987): [gh30x_int_msg_handler] exit
09-03 11:35:12.130 E/[GH_I2C_BUS]( 8987): start gh_dev_wait_irq
09-03 11:35:12.660 E/LIBGPS  (  647): read socet_client error: Try again
09-03 11:35:13.100 E/[GH_I2C_BUS]( 8987): GH end gh_dev_wait_irq 0
09-03 11:35:13.100 E/[GH_ROMAII_SENSOR_HOOK]( 8987): [gh30x_int_msg_handler] enter
09-03 11:35:13.100 E/[GH_ROMAII_SENSOR_HOOK]( 8987): [gh30x_int_msg_handler] gh30x_irq_status:2， type:INT_STATUS_FIFO_WATERMARK
09-03 11:35:13.100 E/[GH_ROMAII_SENSOR_HOOK]( 8987): [gh30x_int_msg_handler] gh30x_adt_working_flag:0
09-03 11:35:13.100 E/[GH_ROMAII_SENSOR_HOOK]( 8987): [gh30x_fifo_evt_handler] enter
09-03 11:35:13.100 E/[GH_ROMAII_SENSOR_HOOK]( 8987): got gh30x fifo evt, func[RUN_MODE_SPO2_DET]
09-03 11:35:13.100 E/[GH_I2C_BUS]( 8987): gh_dev_get_acc_buffer len 40 ret 0
09-03 11:35:13.100 E/[GH_ROMAII_SENSOR_HOOK]( 8987): gsensor_drv_get_fifo_data len 40 
09-03 11:35:13.100 E/[GH_ROMAII_SENSOR_HOOK]( 8987): [gh30x_fifo_evt_spo2_mode_calc] enter
09-03 11:35:13.130 E/[GH_ROMAII_SENSOR_HOOK]( 8987): [handle_spo2_mode_result] enter
09-03 11:35:13.130 E/[GH_ROMAII_SENSOR_HOOK]( 8987): GH_3011 spo2_result : 98 , lvl 60 , hb 55, lvl41 , wearing 1
09-03 11:35:13.140 E/[GH_I2C_BUS]( 8987): gh_dev_report_key 1, weared 1 ,ppg 55 ,spo2 98 ,ret 0
09-03 11:35:13.140 E/[GH_ROMAII_SENSOR_HOOK]( 8987): [handle_spo2_mode_result] exit
09-03 11:35:13.140 E/[GH_ROMAII_SENSOR_HOOK]( 8987): spo2 calc, gs_len=40, result=98,60,55,41,567,567,0,0,40,2,5550,1
09-03 11:35:13.140 E/[GH_ROMAII_SENSOR_HOOK]( 8987): [gh30x_fifo_evt_spo2_mode_calc] wearing_state:1
09-03 11:35:13.140 E/[GH_ROMAII_SENSOR_HOOK]( 8987): [gh30x_fifo_evt_spo2_mode_calc] not unwear state
09-03 11:35:13.140 E/[GH_ROMAII_SENSOR_HOOK]( 8987): [gh30x_fifo_evt_spo2_mode_calc] exit
09-03 11:35:13.140 E/[GH_ROMAII_SENSOR_HOOK]( 8987): [gh30x_fifo_evt_handler] exit
09-03 11:35:13.140 E/[GH_ROMAII_SENSOR_HOOK]( 8987): [gh30x_int_msg_handler] exit
09-03 11:35:13.140 E/[GH_I2C_BUS]( 8987): start gh_dev_wait_irq
09-03 11:35:13.690 D/LIBGPS  (  647): watchdog_open PowerState:GE2 CP SLEEP readcount:800852
09-03 11:35:13.990 W/WindowManager(  647): Focused window stay null too long, have a update!
09-03 11:35:13.990 V/WindowManager(  647): Looking for focus: 1 = Window{41b914a8 u0 KeyguardScrim} = null, flags=1116416, canReceive=false mViewVisibility=8 mHasSurface=false
09-03 11:35:13.990 V/WindowManager(  647): Looking for focus: 0 = Window{4191a5c0 u0 com.android.systemui.ImageWallpaper} = null, flags=792, canReceive=false mViewVisibility=0 mHasSurface=true
09-03 11:35:13.990 V/WindowManager(  647): findFocusedWindow: No focusable windows.
09-03 11:35:14.110 E/[GH_I2C_BUS]( 8987): GH end gh_dev_wait_irq 0
09-03 11:35:14.110 E/[GH_ROMAII_SENSOR_HOOK]( 8987): [gh30x_int_msg_handler] enter
09-03 11:35:14.110 E/[GH_ROMAII_SENSOR_HOOK]( 8987): [gh30x_int_msg_handler] gh30x_irq_status:2， type:INT_STATUS_FIFO_WATERMARK
09-03 11:35:14.110 E/[GH_ROMAII_SENSOR_HOOK]( 8987): [gh30x_int_msg_handler] gh30x_adt_working_flag:0
09-03 11:35:14.110 E/[GH_ROMAII_SENSOR_HOOK]( 8987): [gh30x_fifo_evt_handler] enter
09-03 11:35:14.110 E/[GH_ROMAII_SENSOR_HOOK]( 8987): got gh30x fifo evt, func[RUN_MODE_SPO2_DET]
09-03 11:35:14.110 E/[GH_I2C_BUS]( 8987): gh_dev_get_acc_buffer len 39 ret 0
09-03 11:35:14.110 E/[GH_ROMAII_SENSOR_HOOK]( 8987): gsensor_drv_get_fifo_data len 39 
09-03 11:35:14.110 E/[GH_ROMAII_SENSOR_HOOK]( 8987): [gh30x_fifo_evt_spo2_mode_calc] enter
09-03 11:35:14.130 E/[GH_ROMAII_SENSOR_HOOK]( 8987): [handle_spo2_mode_result] enter
09-03 11:35:14.130 E/[GH_ROMAII_SENSOR_HOOK]( 8987): GH_3011 spo2_result : 98 , lvl 58 , hb 55, lvl41 , wearing 1
09-03 11:35:14.150 E/[GH_I2C_BUS]( 8987): gh_dev_report_key 1, weared 1 ,ppg 55 ,spo2 98 ,ret 0
09-03 11:35:14.150 E/[GH_ROMAII_SENSOR_HOOK]( 8987): [handle_spo2_mode_result] exit
09-03 11:35:14.150 E/[GH_ROMAII_SENSOR_HOOK]( 8987): spo2 calc, gs_len=39, result=98,58,55,41,820,0,0,0,40,1,5550,1
09-03 11:35:14.150 E/[GH_ROMAII_SENSOR_HOOK]( 8987): [gh30x_fifo_evt_spo2_mode_calc] wearing_state:1
09-03 11:35:14.150 E/[GH_ROMAII_SENSOR_HOOK]( 8987): [gh30x_fifo_evt_spo2_mode_calc] not unwear state
09-03 11:35:14.150 E/[GH_ROMAII_SENSOR_HOOK]( 8987): [gh30x_fifo_evt_spo2_mode_calc] exit
09-03 11:35:14.150 E/[GH_ROMAII_SENSOR_HOOK]( 8987): [gh30x_fifo_evt_handler] exit
09-03 11:35:14.150 E/[GH_ROMAII_SENSOR_HOOK]( 8987): [gh30x_int_msg_handler] exit
09-03 11:35:14.150 E/[GH_I2C_BUS]( 8987): start gh_dev_wait_irq
09-03 11:35:15.120 E/[GH_I2C_BUS]( 8987): GH end gh_dev_wait_irq 0
09-03 11:35:15.120 E/[GH_ROMAII_SENSOR_HOOK]( 8987): [gh30x_int_msg_handler] enter
09-03 11:35:15.120 E/[GH_ROMAII_SENSOR_HOOK]( 8987): [gh30x_int_msg_handler] gh30x_irq_status:2， type:INT_STATUS_FIFO_WATERMARK
09-03 11:35:15.120 E/[GH_ROMAII_SENSOR_HOOK]( 8987): [gh30x_int_msg_handler] gh30x_adt_working_flag:0
09-03 11:35:15.120 E/[GH_ROMAII_SENSOR_HOOK]( 8987): [gh30x_fifo_evt_handler] enter
09-03 11:35:15.120 E/[GH_ROMAII_SENSOR_HOOK]( 8987): got gh30x fifo evt, func[RUN_MODE_SPO2_DET]
09-03 11:35:15.120 E/[GH_I2C_BUS]( 8987): gh_dev_get_acc_buffer len 40 ret 0
09-03 11:35:15.120 E/[GH_ROMAII_SENSOR_HOOK]( 8987): gsensor_drv_get_fifo_data len 40 
09-03 11:35:15.120 E/[GH_ROMAII_SENSOR_HOOK]( 8987): [gh30x_fifo_evt_spo2_mode_calc] enter
09-03 11:35:15.130 E/[GH_ROMAII_SENSOR_HOOK]( 8987): [handle_spo2_mode_result] enter
09-03 11:35:15.130 E/[GH_ROMAII_SENSOR_HOOK]( 8987): GH_3011 spo2_result : 98 , lvl 56 , hb 55, lvl41 , wearing 1
09-03 11:35:15.150 E/[GH_I2C_BUS]( 8987): gh_dev_report_key 1, weared 1 ,ppg 55 ,spo2 98 ,ret 0
09-03 11:35:15.150 E/[GH_ROMAII_SENSOR_HOOK]( 8987): [handle_spo2_mode_result] exit
09-03 11:35:15.150 E/[GH_ROMAII_SENSOR_HOOK]( 8987): spo2 calc, gs_len=40, result=98,56,55,41,580,567,0,0,40,2,5550,1
09-03 11:35:15.150 E/[GH_ROMAII_SENSOR_HOOK]( 8987): [gh30x_fifo_evt_spo2_mode_calc] wearing_state:1
09-03 11:35:15.150 E/[GH_ROMAII_SENSOR_HOOK]( 8987): [gh30x_fifo_evt_spo2_mode_calc] not unwear state
09-03 11:35:15.150 E/[GH_ROMAII_SENSOR_HOOK]( 8987): [gh30x_fifo_evt_spo2_mode_calc] exit
09-03 11:35:15.150 E/[GH_ROMAII_SENSOR_HOOK]( 8987): [gh30x_fifo_evt_handler] exit
09-03 11:35:15.150 E/[GH_ROMAII_SENSOR_HOOK]( 8987): [gh30x_int_msg_handler] exit
09-03 11:35:15.150 E/[GH_I2C_BUS]( 8987): start gh_dev_wait_irq
09-03 11:35:15.180 D/WCND    (  217): is_cp2_alive_ok: open polling interface: /proc/mdbg/loopcheck, fd = 17
09-03 11:35:15.280 D/WCND    (  217): is_cp2_alive_ok: loop: /proc/mdbg/loopcheck is OK
09-03 11:35:15.690 D/LIBGPS  (  647): watchdog_open PowerState:GE2 CP SLEEP readcount:800852
09-03 11:35:16.110 E/[GH_I2C_BUS]( 8987): GH end gh_dev_wait_irq 0
09-03 11:35:16.110 E/[GH_ROMAII_SENSOR_HOOK]( 8987): [gh30x_int_msg_handler] enter
09-03 11:35:16.110 E/[GH_ROMAII_SENSOR_HOOK]( 8987): [gh30x_int_msg_handler] gh30x_irq_status:2， type:INT_STATUS_FIFO_WATERMARK
09-03 11:35:16.110 E/[GH_ROMAII_SENSOR_HOOK]( 8987): [gh30x_int_msg_handler] gh30x_adt_working_flag:0
09-03 11:35:16.110 E/[GH_ROMAII_SENSOR_HOOK]( 8987): [gh30x_fifo_evt_handler] enter
09-03 11:35:16.110 E/[GH_ROMAII_SENSOR_HOOK]( 8987): got gh30x fifo evt, func[RUN_MODE_SPO2_DET]
09-03 11:35:16.110 E/[GH_I2C_BUS]( 8987): gh_dev_get_acc_buffer len 39 ret 0
09-03 11:35:16.110 E/[GH_ROMAII_SENSOR_HOOK]( 8987): gsensor_drv_get_fifo_data len 39 
09-03 11:35:16.110 E/[GH_ROMAII_SENSOR_HOOK]( 8987): [gh30x_fifo_evt_spo2_mode_calc] enter
09-03 11:35:16.130 E/[GH_ROMAII_SENSOR_HOOK]( 8987): [handle_spo2_mode_result] enter
09-03 11:35:16.130 E/[GH_ROMAII_SENSOR_HOOK]( 8987): GH_3011 spo2_result : 98 , lvl 55 , hb 55, lvl41 , wearing 1
09-03 11:35:16.150 E/[GH_I2C_BUS]( 8987): gh_dev_report_key 1, weared 1 ,ppg 55 ,spo2 98 ,ret 0
09-03 11:35:16.150 E/[GH_ROMAII_SENSOR_HOOK]( 8987): [handle_spo2_mode_result] exit
09-03 11:35:16.150 E/[GH_ROMAII_SENSOR_HOOK]( 8987): spo2 calc, gs_len=39, result=98,55,55,41,840,0,0,0,40,1,5550,1
09-03 11:35:16.150 E/[GH_ROMAII_SENSOR_HOOK]( 8987): [gh30x_fifo_evt_spo2_mode_calc] wearing_state:1
09-03 11:35:16.150 E/[GH_ROMAII_SENSOR_HOOK]( 8987): [gh30x_fifo_evt_spo2_mode_calc] not unwear state
09-03 11:35:16.150 E/[GH_ROMAII_SENSOR_HOOK]( 8987): [gh30x_fifo_evt_spo2_mode_calc] exit
09-03 11:35:16.150 E/[GH_ROMAII_SENSOR_HOOK]( 8987): [gh30x_fifo_evt_handler] exit
09-03 11:35:16.150 E/[GH_ROMAII_SENSOR_HOOK]( 8987): [gh30x_int_msg_handler] exit
09-03 11:35:16.150 E/[GH_I2C_BUS]( 8987): start gh_dev_wait_irq
09-03 11:35:16.990 W/WindowManager(  647): Focused window stay null too long, have a update!
09-03 11:35:16.990 V/WindowManager(  647): Looking for focus: 1 = Window{41b914a8 u0 KeyguardScrim} = null, flags=1116416, canReceive=false mViewVisibility=8 mHasSurface=false
09-03 11:35:16.990 V/WindowManager(  647): Looking for focus: 0 = Window{4191a5c0 u0 com.android.systemui.ImageWallpaper} = null, flags=792, canReceive=false mViewVisibility=0 mHasSurface=true
09-03 11:35:16.990 V/WindowManager(  647): findFocusedWindow: No focusable windows.
09-03 11:35:17.030 D/Settings(  647): newValuesVersion = 2
09-03 11:35:17.030 D/Settings(  647): mValues.get(name) = null
09-03 11:35:17.030 D/Settings(  647): newValuesVersion = 2
09-03 11:35:17.030 D/Settings(  647): mValues.get(name) = null
09-03 11:35:17.030 D/DeviceStorageMonitorService(  647): freeMem = 1476841472 lastFreeMem = 1476980736
09-03 11:35:17.110 E/[GH_I2C_BUS]( 8987): GH end gh_dev_wait_irq 0
09-03 11:35:17.110 E/[GH_ROMAII_SENSOR_HOOK]( 8987): [gh30x_int_msg_handler] enter
09-03 11:35:17.110 E/[GH_ROMAII_SENSOR_HOOK]( 8987): [gh30x_int_msg_handler] gh30x_irq_status:2， type:INT_STATUS_FIFO_WATERMARK
09-03 11:35:17.110 E/[GH_ROMAII_SENSOR_HOOK]( 8987): [gh30x_int_msg_handler] gh30x_adt_working_flag:0
09-03 11:35:17.110 E/[GH_ROMAII_SENSOR_HOOK]( 8987): [gh30x_fifo_evt_handler] enter
09-03 11:35:17.110 E/[GH_ROMAII_SENSOR_HOOK]( 8987): got gh30x fifo evt, func[RUN_MODE_SPO2_DET]
09-03 11:35:17.110 E/[GH_I2C_BUS]( 8987): gh_dev_get_acc_buffer len 40 ret 0
09-03 11:35:17.110 E/[GH_ROMAII_SENSOR_HOOK]( 8987): gsensor_drv_get_fifo_data len 40 
09-03 11:35:17.120 E/[GH_ROMAII_SENSOR_HOOK]( 8987): [gh30x_fifo_evt_spo2_mode_calc] enter
09-03 11:35:17.140 E/[GH_ROMAII_SENSOR_HOOK]( 8987): [handle_spo2_mode_result] enter
09-03 11:35:17.140 E/[GH_ROMAII_SENSOR_HOOK]( 8987): GH_3011 spo2_result : 98 , lvl 54 , hb 55, lvl41 , wearing 1
09-03 11:35:17.160 E/[GH_I2C_BUS]( 8987): gh_dev_report_key 1, weared 1 ,ppg 55 ,spo2 98 ,ret 0
09-03 11:35:17.160 E/[GH_ROMAII_SENSOR_HOOK]( 8987): [handle_spo2_mode_result] exit
09-03 11:35:17.160 E/[GH_ROMAII_SENSOR_HOOK]( 8987): spo2 calc, gs_len=40, result=98,54,55,41,1390,0,0,0,40,1,5550,1
09-03 11:35:17.160 E/[GH_ROMAII_SENSOR_HOOK]( 8987): [gh30x_fifo_evt_spo2_mode_calc] wearing_state:1
09-03 11:35:17.160 E/[GH_ROMAII_SENSOR_HOOK]( 8987): [gh30x_fifo_evt_spo2_mode_calc] not unwear state
09-03 11:35:17.160 E/[GH_ROMAII_SENSOR_HOOK]( 8987): [gh30x_fifo_evt_spo2_mode_calc] exit
09-03 11:35:17.160 E/[GH_ROMAII_SENSOR_HOOK]( 8987): [gh30x_fifo_evt_handler] exit
09-03 11:35:17.160 E/[GH_ROMAII_SENSOR_HOOK]( 8987): [gh30x_int_msg_handler] exit
09-03 11:35:17.160 E/[GH_I2C_BUS]( 8987): start gh_dev_wait_irq
09-03 11:35:17.400 V/Watchdog(  647): **** -1-Watchdog SCHEDULE CHECK HANDLER! ****
09-03 11:35:17.400 V/Watchdog(  647): **** -0- POST CHECHER! foreground thread ****
09-03 11:35:17.400 V/Watchdog(  647): **** -0- NO MONITOR & ISIDLING (main thread) ****
09-03 11:35:17.400 V/Watchdog(  647): **** -1- CHECK MONITORS BEGIN (foreground thread)! ****
09-03 11:35:17.400 V/Watchdog(  647): **** -0- NO MONITOR & ISIDLING (ui thread) ****
09-03 11:35:17.400 V/Watchdog(  647): **** -0- NO MONITOR & ISIDLING (i/o thread) ****
09-03 11:35:17.400 V/Watchdog(  647): **** -0- NO MONITOR & ISIDLING (ActivityManager) ****
09-03 11:35:17.400 V/Watchdog(  647): **** -0- NO MONITOR & ISIDLING (PackageManager) ****
09-03 11:35:17.400 V/Watchdog(  647): **** -0- NO MONITOR & ISIDLING (PowerManagerService) ****
09-03 11:35:17.400 V/Watchdog(  647): **** -0- NO MONITOR & ISIDLING (WindowManager thread) ****
09-03 11:35:17.400 V/Watchdog(  647): **** -2- CHECK MONITORS FINISHED (foreground thread)! ****
09-03 11:35:17.400 V/Watchdog(  647): **** -3- SYNC Watchdog.THIS FINISHED (foreground thread)! ****
09-03 11:35:17.660 E/LIBGPS  (  647): read socet_client error: Try again
09-03 11:35:17.700 D/LIBGPS  (  647): watchdog_open PowerState:GE2 CP SLEEP readcount:800852
09-03 11:35:18.120 E/[GH_I2C_BUS]( 8987): GH end gh_dev_wait_irq 0
09-03 11:35:18.120 E/[GH_ROMAII_SENSOR_HOOK]( 8987): [gh30x_int_msg_handler] enter
09-03 11:35:18.120 E/[GH_ROMAII_SENSOR_HOOK]( 8987): [gh30x_int_msg_handler] gh30x_irq_status:2， type:INT_STATUS_FIFO_WATERMARK
09-03 11:35:18.120 E/[GH_ROMAII_SENSOR_HOOK]( 8987): [gh30x_int_msg_handler] gh30x_adt_working_flag:0
09-03 11:35:18.120 E/[GH_ROMAII_SENSOR_HOOK]( 8987): [gh30x_fifo_evt_handler] enter
09-03 11:35:18.120 E/[GH_ROMAII_SENSOR_HOOK]( 8987): got gh30x fifo evt, func[RUN_MODE_SPO2_DET]
09-03 11:35:18.120 E/[GH_I2C_BUS]( 8987): gh_dev_get_acc_buffer len 40 ret 0
09-03 11:35:18.120 E/[GH_ROMAII_SENSOR_HOOK]( 8987): gsensor_drv_get_fifo_data len 40 
09-03 11:35:18.120 E/[GH_ROMAII_SENSOR_HOOK]( 8987): [gh30x_fifo_evt_spo2_mode_calc] enter
09-03 11:35:18.140 E/[GH_ROMAII_SENSOR_HOOK]( 8987): [handle_spo2_mode_result] enter
09-03 11:35:18.140 E/[GH_ROMAII_SENSOR_HOOK]( 8987): GH_3011 spo2_result : 98 , lvl 52 , hb 55, lvl41 , wearing 1
09-03 11:35:18.160 E/[GH_I2C_BUS]( 8987): gh_dev_report_key 1, weared 1 ,ppg 55 ,spo2 98 ,ret 0
09-03 11:35:18.160 E/[GH_ROMAII_SENSOR_HOOK]( 8987): [handle_spo2_mode_result] exit
09-03 11:35:18.160 E/[GH_ROMAII_SENSOR_HOOK]( 8987): spo2 calc, gs_len=40, result=98,52,55,41,561,870,0,0,40,2,5550,1
09-03 11:35:18.160 E/[GH_ROMAII_SENSOR_HOOK]( 8987): [gh30x_fifo_evt_spo2_mode_calc] wearing_state:1
09-03 11:35:18.160 E/[GH_ROMAII_SENSOR_HOOK]( 8987): [gh30x_fifo_evt_spo2_mode_calc] not unwear state
09-03 11:35:18.160 E/[GH_ROMAII_SENSOR_HOOK]( 8987): [gh30x_fifo_evt_spo2_mode_calc] exit
09-03 11:35:18.160 E/[GH_ROMAII_SENSOR_HOOK]( 8987): [gh30x_fifo_evt_handler] exit
09-03 11:35:18.160 E/[GH_ROMAII_SENSOR_HOOK]( 8987): [gh30x_int_msg_handler] exit
09-03 11:35:18.160 E/[GH_I2C_BUS]( 8987): start gh_dev_wait_irq
09-03 11:35:19.120 E/[GH_I2C_BUS]( 8987): GH end gh_dev_wait_irq 0
09-03 11:35:19.120 E/[GH_ROMAII_SENSOR_HOOK]( 8987): [gh30x_int_msg_handler] enter
09-03 11:35:19.120 E/[GH_ROMAII_SENSOR_HOOK]( 8987): [gh30x_int_msg_handler] gh30x_irq_status:2， type:INT_STATUS_FIFO_WATERMARK
09-03 11:35:19.120 E/[GH_ROMAII_SENSOR_HOOK]( 8987): [gh30x_int_msg_handler] gh30x_adt_working_flag:0
09-03 11:35:19.120 E/[GH_ROMAII_SENSOR_HOOK]( 8987): [gh30x_fifo_evt_handler] enter
09-03 11:35:19.120 E/[GH_ROMAII_SENSOR_HOOK]( 8987): got gh30x fifo evt, func[RUN_MODE_SPO2_DET]
09-03 11:35:19.120 E/[GH_I2C_BUS]( 8987): gh_dev_get_acc_buffer len 39 ret 0
09-03 11:35:19.120 E/[GH_ROMAII_SENSOR_HOOK]( 8987): gsensor_drv_get_fifo_data len 39 
09-03 11:35:19.120 E/[GH_ROMAII_SENSOR_HOOK]( 8987): [gh30x_fifo_evt_spo2_mode_calc] enter
09-03 11:35:19.150 E/[GH_ROMAII_SENSOR_HOOK]( 8987): [handle_spo2_mode_result] enter
09-03 11:35:19.150 E/[GH_ROMAII_SENSOR_HOOK]( 8987): GH_3011 spo2_result : 98 , lvl 52 , hb 55, lvl41 , wearing 1
09-03 11:35:19.160 E/[GH_I2C_BUS]( 8987): gh_dev_report_key 1, weared 1 ,ppg 55 ,spo2 98 ,ret 0
09-03 11:35:19.160 E/[GH_ROMAII_SENSOR_HOOK]( 8987): [handle_spo2_mode_result] exit
09-03 11:35:19.160 E/[GH_ROMAII_SENSOR_HOOK]( 8987): spo2 calc, gs_len=39, result=98,52,55,41,960,0,0,0,40,1,5550,1
09-03 11:35:19.160 E/[GH_ROMAII_SENSOR_HOOK]( 8987): [gh30x_fifo_evt_spo2_mode_calc] wearing_state:1
09-03 11:35:19.160 E/[GH_ROMAII_SENSOR_HOOK]( 8987): [gh30x_fifo_evt_spo2_mode_calc] not unwear state
09-03 11:35:19.160 E/[GH_ROMAII_SENSOR_HOOK]( 8987): [gh30x_fifo_evt_spo2_mode_calc] exit
09-03 11:35:19.160 E/[GH_ROMAII_SENSOR_HOOK]( 8987): [gh30x_fifo_evt_handler] exit
09-03 11:35:19.160 E/[GH_ROMAII_SENSOR_HOOK]( 8987): [gh30x_int_msg_handler] exit
09-03 11:35:19.160 E/[GH_I2C_BUS]( 8987): start gh_dev_wait_irq
09-03 11:35:19.700 D/LIBGPS  (  647): watchdog_open PowerState:GE2 CP SLEEP readcount:800852
09-03 11:35:19.990 W/WindowManager(  647): Focused window stay null too long, have a update!
09-03 11:35:19.990 V/WindowManager(  647): Looking for focus: 1 = Window{41b914a8 u0 KeyguardScrim} = null, flags=1116416, canReceive=false mViewVisibility=8 mHasSurface=false
09-03 11:35:19.990 V/WindowManager(  647): Looking for focus: 0 = Window{4191a5c0 u0 com.android.systemui.ImageWallpaper} = null, flags=792, canReceive=false mViewVisibility=0 mHasSurface=true
09-03 11:35:19.990 V/WindowManager(  647): findFocusedWindow: No focusable windows.
09-03 11:35:20.120 E/[GH_I2C_BUS]( 8987): GH end gh_dev_wait_irq 0
09-03 11:35:20.120 E/[GH_ROMAII_SENSOR_HOOK]( 8987): [gh30x_int_msg_handler] enter
09-03 11:35:20.130 E/[GH_ROMAII_SENSOR_HOOK]( 8987): [gh30x_int_msg_handler] gh30x_irq_status:2， type:INT_STATUS_FIFO_WATERMARK
09-03 11:35:20.130 E/[GH_ROMAII_SENSOR_HOOK]( 8987): [gh30x_int_msg_handler] gh30x_adt_working_flag:0
09-03 11:35:20.130 E/[GH_ROMAII_SENSOR_HOOK]( 8987): [gh30x_fifo_evt_handler] enter
09-03 11:35:20.130 E/[GH_ROMAII_SENSOR_HOOK]( 8987): got gh30x fifo evt, func[RUN_MODE_SPO2_DET]
09-03 11:35:20.130 E/[GH_I2C_BUS]( 8987): gh_dev_get_acc_buffer len 40 ret 0
09-03 11:35:20.130 E/[GH_ROMAII_SENSOR_HOOK]( 8987): gsensor_drv_get_fifo_data len 40 
09-03 11:35:20.130 E/[GH_ROMAII_SENSOR_HOOK]( 8987): [gh30x_fifo_evt_spo2_mode_calc] enter
09-03 11:35:20.150 E/[GH_ROMAII_SENSOR_HOOK]( 8987): [handle_spo2_mode_result] enter
09-03 11:35:20.150 E/[GH_ROMAII_SENSOR_HOOK]( 8987): GH_3011 spo2_result : 98 , lvl 52 , hb 55, lvl41 , wearing 1
09-03 11:35:20.160 E/[GH_I2C_BUS]( 8987): gh_dev_report_key 1, weared 1 ,ppg 55 ,spo2 98 ,ret 0
09-03 11:35:20.160 E/[GH_ROMAII_SENSOR_HOOK]( 8987): [handle_spo2_mode_result] exit
09-03 11:35:20.160 E/[GH_ROMAII_SENSOR_HOOK]( 8987): spo2 calc, gs_len=40, result=98,52,55,41,1080,0,0,0,100,1,5550,1
09-03 11:35:20.160 E/[GH_ROMAII_SENSOR_HOOK]( 8987): [gh30x_fifo_evt_spo2_mode_calc] wearing_state:1
09-03 11:35:20.160 E/[GH_ROMAII_SENSOR_HOOK]( 8987): [gh30x_fifo_evt_spo2_mode_calc] not unwear state
09-03 11:35:20.160 E/[GH_ROMAII_SENSOR_HOOK]( 8987): [gh30x_fifo_evt_spo2_mode_calc] exit
09-03 11:35:20.160 E/[GH_ROMAII_SENSOR_HOOK]( 8987): [gh30x_fifo_evt_handler] exit
09-03 11:35:20.160 E/[GH_ROMAII_SENSOR_HOOK]( 8987): [gh30x_int_msg_handler] exit
09-03 11:35:20.160 E/[GH_I2C_BUS]( 8987): start gh_dev_wait_irq
09-03 11:35:20.280 D/WCND    (  217): is_cp2_alive_ok: open polling interface: /proc/mdbg/loopcheck, fd = 17
09-03 11:35:20.380 D/WCND    (  217): is_cp2_alive_ok: loop: /proc/mdbg/loopcheck is OK
09-03 11:35:21.140 E/[GH_I2C_BUS]( 8987): GH end gh_dev_wait_irq 0
09-03 11:35:21.140 E/[GH_ROMAII_SENSOR_HOOK]( 8987): [gh30x_int_msg_handler] enter
09-03 11:35:21.140 E/[GH_ROMAII_SENSOR_HOOK]( 8987): [gh30x_int_msg_handler] gh30x_irq_status:2， type:INT_STATUS_FIFO_WATERMARK
09-03 11:35:21.140 E/[GH_ROMAII_SENSOR_HOOK]( 8987): [gh30x_int_msg_handler] gh30x_adt_working_flag:0
09-03 11:35:21.140 E/[GH_ROMAII_SENSOR_HOOK]( 8987): [gh30x_fifo_evt_handler] enter
09-03 11:35:21.140 E/[GH_ROMAII_SENSOR_HOOK]( 8987): got gh30x fifo evt, func[RUN_MODE_SPO2_DET]
09-03 11:35:21.140 E/[GH_I2C_BUS]( 8987): gh_dev_get_acc_buffer len 40 ret 0
09-03 11:35:21.140 E/[GH_ROMAII_SENSOR_HOOK]( 8987): gsensor_drv_get_fifo_data len 40 
09-03 11:35:21.140 E/[GH_ROMAII_SENSOR_HOOK]( 8987): [gh30x_fifo_evt_spo2_mode_calc] enter
09-03 11:35:21.150 E/[GH_ROMAII_SENSOR_HOOK]( 8987): [handle_spo2_mode_result] enter
09-03 11:35:21.150 E/[GH_ROMAII_SENSOR_HOOK]( 8987): GH_3011 spo2_result : 98 , lvl 52 , hb 55, lvl41 , wearing 1
09-03 11:35:21.160 E/[GH_I2C_BUS]( 8987): gh_dev_report_key 1, weared 1 ,ppg 55 ,spo2 98 ,ret 0
09-03 11:35:21.160 E/[GH_ROMAII_SENSOR_HOOK]( 8987): [handle_spo2_mode_result] exit
09-03 11:35:21.160 E/[GH_ROMAII_SENSOR_HOOK]( 8987): spo2 calc, gs_len=40, result=98,52,55,41,1080,0,0,0,100,1,5550,1
09-03 11:35:21.160 E/[GH_ROMAII_SENSOR_HOOK]( 8987): [gh30x_fifo_evt_spo2_mode_calc] wearing_state:1
09-03 11:35:21.160 E/[GH_ROMAII_SENSOR_HOOK]( 8987): [gh30x_fifo_evt_spo2_mode_calc] not unwear state
09-03 11:35:21.160 E/[GH_ROMAII_SENSOR_HOOK]( 8987): [gh30x_fifo_evt_spo2_mode_calc] exit
09-03 11:35:21.160 E/[GH_ROMAII_SENSOR_HOOK]( 8987): [gh30x_fifo_evt_handler] exit
09-03 11:35:21.160 E/[GH_ROMAII_SENSOR_HOOK]( 8987): [gh30x_int_msg_handler] exit
09-03 11:35:21.160 E/[GH_I2C_BUS]( 8987): start gh_dev_wait_irq
09-03 11:35:21.700 D/LIBGPS  (  647): watchdog_open PowerState:GE2 CP SLEEP readcount:800852
09-03 11:35:22.140 E/[GH_I2C_BUS]( 8987): GH end gh_dev_wait_irq 0
09-03 11:35:22.140 E/[GH_ROMAII_SENSOR_HOOK]( 8987): [gh30x_int_msg_handler] enter
09-03 11:35:22.140 E/[GH_ROMAII_SENSOR_HOOK]( 8987): [gh30x_int_msg_handler] gh30x_irq_status:2， type:INT_STATUS_FIFO_WATERMARK
09-03 11:35:22.140 E/[GH_ROMAII_SENSOR_HOOK]( 8987): [gh30x_int_msg_handler] gh30x_adt_working_flag:0
09-03 11:35:22.140 E/[GH_ROMAII_SENSOR_HOOK]( 8987): [gh30x_fifo_evt_handler] enter
09-03 11:35:22.140 E/[GH_ROMAII_SENSOR_HOOK]( 8987): got gh30x fifo evt, func[RUN_MODE_SPO2_DET]
09-03 11:35:22.140 E/[GH_I2C_BUS]( 8987): gh_dev_get_acc_buffer len 39 ret 0
09-03 11:35:22.140 E/[GH_ROMAII_SENSOR_HOOK]( 8987): gsensor_drv_get_fifo_data len 39 
09-03 11:35:22.140 E/[GH_ROMAII_SENSOR_HOOK]( 8987): [gh30x_fifo_evt_spo2_mode_calc] enter
09-03 11:35:22.160 E/[GH_ROMAII_SENSOR_HOOK]( 8987): [handle_spo2_mode_result] enter
09-03 11:35:22.160 E/[GH_ROMAII_SENSOR_HOOK]( 8987): GH_3011 spo2_result : 98 , lvl 52 , hb 55, lvl41 , wearing 1
09-03 11:35:22.170 E/[GH_I2C_BUS]( 8987): gh_dev_report_key 1, weared 1 ,ppg 55 ,spo2 98 ,ret 0
09-03 11:35:22.170 E/[GH_ROMAII_SENSOR_HOOK]( 8987): [handle_spo2_mode_result] exit
09-03 11:35:22.170 E/[GH_ROMAII_SENSOR_HOOK]( 8987): spo2 calc, gs_len=39, result=98,52,55,41,1110,0,0,0,100,1,5550,1
09-03 11:35:22.170 E/[GH_ROMAII_SENSOR_HOOK]( 8987): [gh30x_fifo_evt_spo2_mode_calc] wearing_state:1
09-03 11:35:22.170 E/[GH_ROMAII_SENSOR_HOOK]( 8987): [gh30x_fifo_evt_spo2_mode_calc] not unwear state
09-03 11:35:22.170 E/[GH_ROMAII_SENSOR_HOOK]( 8987): [gh30x_fifo_evt_spo2_mode_calc] exit
09-03 11:35:22.170 E/[GH_ROMAII_SENSOR_HOOK]( 8987): [gh30x_fifo_evt_handler] exit
09-03 11:35:22.170 E/[GH_ROMAII_SENSOR_HOOK]( 8987): [gh30x_int_msg_handler] exit
09-03 11:35:22.170 E/[GH_I2C_BUS]( 8987): start gh_dev_wait_irq
09-03 11:35:22.660 E/LIBGPS  (  647): read socet_client error: Try again
09-03 11:35:22.990 W/WindowManager(  647): Focused window stay null too long, have a update!
09-03 11:35:22.990 V/WindowManager(  647): Looking for focus: 1 = Window{41b914a8 u0 KeyguardScrim} = null, flags=1116416, canReceive=false mViewVisibility=8 mHasSurface=false
09-03 11:35:22.990 V/WindowManager(  647): Looking for focus: 0 = Window{4191a5c0 u0 com.android.systemui.ImageWallpaper} = null, flags=792, canReceive=false mViewVisibility=0 mHasSurface=true
09-03 11:35:22.990 V/WindowManager(  647): findFocusedWindow: No focusable windows.
09-03 11:35:23.140 E/[GH_I2C_BUS]( 8987): GH end gh_dev_wait_irq 0
09-03 11:35:23.140 E/[GH_ROMAII_SENSOR_HOOK]( 8987): [gh30x_int_msg_handler] enter
09-03 11:35:23.140 E/[GH_ROMAII_SENSOR_HOOK]( 8987): [gh30x_int_msg_handler] gh30x_irq_status:2， type:INT_STATUS_FIFO_WATERMARK
09-03 11:35:23.140 E/[GH_ROMAII_SENSOR_HOOK]( 8987): [gh30x_int_msg_handler] gh30x_adt_working_flag:0
09-03 11:35:23.140 E/[GH_ROMAII_SENSOR_HOOK]( 8987): [gh30x_fifo_evt_handler] enter
09-03 11:35:23.140 E/[GH_ROMAII_SENSOR_HOOK]( 8987): got gh30x fifo evt, func[RUN_MODE_SPO2_DET]
09-03 11:35:23.140 E/[GH_I2C_BUS]( 8987): gh_dev_get_acc_buffer len 40 ret 0
09-03 11:35:23.140 E/[GH_ROMAII_SENSOR_HOOK]( 8987): gsensor_drv_get_fifo_data len 40 
09-03 11:35:23.140 E/[GH_ROMAII_SENSOR_HOOK]( 8987): [gh30x_fifo_evt_spo2_mode_calc] enter
09-03 11:35:23.160 E/[GH_ROMAII_SENSOR_HOOK]( 8987): [handle_spo2_mode_result] enter
09-03 11:35:23.160 E/[GH_ROMAII_SENSOR_HOOK]( 8987): GH_3011 spo2_result : 98 , lvl 46 , hb 55, lvl41 , wearing 1
09-03 11:35:23.180 E/[GH_I2C_BUS]( 8987): gh_dev_report_key 1, weared 1 ,ppg 55 ,spo2 98 ,ret 0
09-03 11:35:23.180 E/[GH_ROMAII_SENSOR_HOOK]( 8987): [handle_spo2_mode_result] exit
09-03 11:35:23.180 E/[GH_ROMAII_SENSOR_HOOK]( 8987): spo2 calc, gs_len=40, result=98,46,55,41,1350,567,0,0,80,2,5550,1
09-03 11:35:23.180 E/[GH_ROMAII_SENSOR_HOOK]( 8987): [gh30x_fifo_evt_spo2_mode_calc] wearing_state:1
09-03 11:35:23.180 E/[GH_ROMAII_SENSOR_HOOK]( 8987): [gh30x_fifo_evt_spo2_mode_calc] not unwear state
09-03 11:35:23.180 E/[GH_ROMAII_SENSOR_HOOK]( 8987): [gh30x_fifo_evt_spo2_mode_calc] exit
09-03 11:35:23.180 E/[GH_ROMAII_SENSOR_HOOK]( 8987): [gh30x_fifo_evt_handler] exit
09-03 11:35:23.180 E/[GH_ROMAII_SENSOR_HOOK]( 8987): [gh30x_int_msg_handler] exit
09-03 11:35:23.180 E/[GH_I2C_BUS]( 8987): start gh_dev_wait_irq
09-03 11:35:23.700 D/LIBGPS  (  647): watchdog_open PowerState:GE2 CP SLEEP readcount:800852
09-03 11:35:24.140 E/[GH_I2C_BUS]( 8987): GH end gh_dev_wait_irq 0
09-03 11:35:24.140 E/[GH_ROMAII_SENSOR_HOOK]( 8987): [gh30x_int_msg_handler] enter
09-03 11:35:24.140 E/[GH_ROMAII_SENSOR_HOOK]( 8987): [gh30x_int_msg_handler] gh30x_irq_status:2， type:INT_STATUS_FIFO_WATERMARK
09-03 11:35:24.140 E/[GH_ROMAII_SENSOR_HOOK]( 8987): [gh30x_int_msg_handler] gh30x_adt_working_flag:0
09-03 11:35:24.140 E/[GH_ROMAII_SENSOR_HOOK]( 8987): [gh30x_fifo_evt_handler] enter
09-03 11:35:24.140 E/[GH_ROMAII_SENSOR_HOOK]( 8987): got gh30x fifo evt, func[RUN_MODE_SPO2_DET]
09-03 11:35:24.140 E/[GH_I2C_BUS]( 8987): gh_dev_get_acc_buffer len 40 ret 0
09-03 11:35:24.140 E/[GH_ROMAII_SENSOR_HOOK]( 8987): gsensor_drv_get_fifo_data len 40 
09-03 11:35:24.140 E/[GH_ROMAII_SENSOR_HOOK]( 8987): [gh30x_fifo_evt_spo2_mode_calc] enter
09-03 11:35:24.160 E/[GH_ROMAII_SENSOR_HOOK]( 8987): [handle_spo2_mode_result] enter
09-03 11:35:24.160 E/[GH_ROMAII_SENSOR_HOOK]( 8987): GH_3011 spo2_result : 98 , lvl 42 , hb 55, lvl41 , wearing 1
09-03 11:35:24.180 E/[GH_I2C_BUS]( 8987): gh_dev_report_key 1, weared 1 ,ppg 55 ,spo2 98 ,ret 0
09-03 11:35:24.180 E/[GH_ROMAII_SENSOR_HOOK]( 8987): [handle_spo2_mode_result] exit
09-03 11:35:24.180 E/[GH_ROMAII_SENSOR_HOOK]( 8987): spo2 calc, gs_len=40, result=98,42,55,41,571,0,0,0,40,1,5550,1
09-03 11:35:24.180 E/[GH_ROMAII_SENSOR_HOOK]( 8987): [gh30x_fifo_evt_spo2_mode_calc] wearing_state:1
09-03 11:35:24.180 E/[GH_ROMAII_SENSOR_HOOK]( 8987): [gh30x_fifo_evt_spo2_mode_calc] not unwear state
09-03 11:35:24.180 E/[GH_ROMAII_SENSOR_HOOK]( 8987): [gh30x_fifo_evt_spo2_mode_calc] exit
09-03 11:35:24.180 E/[GH_ROMAII_SENSOR_HOOK]( 8987): [gh30x_fifo_evt_handler] exit
09-03 11:35:24.180 E/[GH_ROMAII_SENSOR_HOOK]( 8987): [gh30x_int_msg_handler] exit
09-03 11:35:24.180 E/[GH_I2C_BUS]( 8987): start gh_dev_wait_irq
09-03 11:35:25.140 E/[GH_I2C_BUS]( 8987): GH end gh_dev_wait_irq 0
09-03 11:35:25.140 E/[GH_ROMAII_SENSOR_HOOK]( 8987): [gh30x_int_msg_handler] enter
09-03 11:35:25.140 E/[GH_ROMAII_SENSOR_HOOK]( 8987): [gh30x_int_msg_handler] gh30x_irq_status:2， type:INT_STATUS_FIFO_WATERMARK
09-03 11:35:25.140 E/[GH_ROMAII_SENSOR_HOOK]( 8987): [gh30x_int_msg_handler] gh30x_adt_working_flag:0
09-03 11:35:25.140 E/[GH_ROMAII_SENSOR_HOOK]( 8987): [gh30x_fifo_evt_handler] enter
09-03 11:35:25.140 E/[GH_ROMAII_SENSOR_HOOK]( 8987): got gh30x fifo evt, func[RUN_MODE_SPO2_DET]
09-03 11:35:25.140 E/[GH_I2C_BUS]( 8987): gh_dev_get_acc_buffer len 40 ret 0
09-03 11:35:25.140 E/[GH_ROMAII_SENSOR_HOOK]( 8987): gsensor_drv_get_fifo_data len 40 
09-03 11:35:25.140 E/[GH_ROMAII_SENSOR_HOOK]( 8987): [gh30x_fifo_evt_spo2_mode_calc] enter
09-03 11:35:25.160 E/[GH_ROMAII_SENSOR_HOOK]( 8987): [handle_spo2_mode_result] enter
09-03 11:35:25.160 E/[GH_ROMAII_SENSOR_HOOK]( 8987): GH_3011 spo2_result : 98 , lvl 42 , hb 55, lvl41 , wearing 1
09-03 11:35:25.170 E/[GH_I2C_BUS]( 8987): gh_dev_report_key 1, weared 1 ,ppg 55 ,spo2 98 ,ret 0
09-03 11:35:25.170 E/[GH_ROMAII_SENSOR_HOOK]( 8987): [handle_spo2_mode_result] exit
09-03 11:35:25.170 E/[GH_ROMAII_SENSOR_HOOK]( 8987): spo2 calc, gs_len=40, result=98,42,55,41,1260,0,0,0,40,1,5550,1
09-03 11:35:25.170 E/[GH_ROMAII_SENSOR_HOOK]( 8987): [gh30x_fifo_evt_spo2_mode_calc] wearing_state:1
09-03 11:35:25.170 E/[GH_ROMAII_SENSOR_HOOK]( 8987): [gh30x_fifo_evt_spo2_mode_calc] not unwear state
09-03 11:35:25.170 E/[GH_ROMAII_SENSOR_HOOK]( 8987): [gh30x_fifo_evt_spo2_mode_calc] exit
09-03 11:35:25.170 E/[GH_ROMAII_SENSOR_HOOK]( 8987): [gh30x_fifo_evt_handler] exit
09-03 11:35:25.170 E/[GH_ROMAII_SENSOR_HOOK]( 8987): [gh30x_int_msg_handler] exit
09-03 11:35:25.170 E/[GH_I2C_BUS]( 8987): start gh_dev_wait_irq
09-03 11:35:25.390 D/WCND    (  217): is_cp2_alive_ok: open polling interface: /proc/mdbg/loopcheck, fd = 17
09-03 11:35:25.490 D/WCND    (  217): is_cp2_alive_ok: loop: /proc/mdbg/loopcheck is OK
09-03 11:35:25.700 D/LIBGPS  (  647): watchdog_open PowerState:GE2 CP SLEEP readcount:800852
09-03 11:35:26.000 W/WindowManager(  647): Focused window stay null too long, have a update!
09-03 11:35:26.000 V/WindowManager(  647): Looking for focus: 1 = Window{41b914a8 u0 KeyguardScrim} = null, flags=1116416, canReceive=false mViewVisibility=8 mHasSurface=false
09-03 11:35:26.000 V/WindowManager(  647): Looking for focus: 0 = Window{4191a5c0 u0 com.android.systemui.ImageWallpaper} = null, flags=792, canReceive=false mViewVisibility=0 mHasSurface=true
09-03 11:35:26.000 V/WindowManager(  647): findFocusedWindow: No focusable windows.
09-03 11:35:26.140 E/[GH_I2C_BUS]( 8987): GH end gh_dev_wait_irq 0
09-03 11:35:26.140 E/[GH_ROMAII_SENSOR_HOOK]( 8987): [gh30x_int_msg_handler] enter
09-03 11:35:26.140 E/[GH_ROMAII_SENSOR_HOOK]( 8987): [gh30x_int_msg_handler] gh30x_irq_status:2， type:INT_STATUS_FIFO_WATERMARK
09-03 11:35:26.140 E/[GH_ROMAII_SENSOR_HOOK]( 8987): [gh30x_int_msg_handler] gh30x_adt_working_flag:0
09-03 11:35:26.140 E/[GH_ROMAII_SENSOR_HOOK]( 8987): [gh30x_fifo_evt_handler] enter
09-03 11:35:26.140 E/[GH_ROMAII_SENSOR_HOOK]( 8987): got gh30x fifo evt, func[RUN_MODE_SPO2_DET]
09-03 11:35:26.140 E/[GH_I2C_BUS]( 8987): gh_dev_get_acc_buffer len 39 ret 0
09-03 11:35:26.140 E/[GH_ROMAII_SENSOR_HOOK]( 8987): gsensor_drv_get_fifo_data len 39 
09-03 11:35:26.150 E/[GH_ROMAII_SENSOR_HOOK]( 8987): [gh30x_fifo_evt_spo2_mode_calc] enter
09-03 11:35:26.170 E/[GH_ROMAII_SENSOR_HOOK]( 8987): [handle_spo2_mode_result] enter
09-03 11:35:26.170 E/[GH_ROMAII_SENSOR_HOOK]( 8987): GH_3011 spo2_result : 98 , lvl 46 , hb 55, lvl41 , wearing 1
09-03 11:35:26.190 E/[GH_I2C_BUS]( 8987): gh_dev_report_key 1, weared 1 ,ppg 55 ,spo2 98 ,ret 0
09-03 11:35:26.190 E/[GH_ROMAII_SENSOR_HOOK]( 8987): [handle_spo2_mode_result] exit
09-03 11:35:26.190 E/[GH_ROMAII_SENSOR_HOOK]( 8987): spo2 calc, gs_len=39, result=98,46,55,41,1200,0,0,0,100,1,5550,1
09-03 11:35:26.190 E/[GH_ROMAII_SENSOR_HOOK]( 8987): [gh30x_fifo_evt_spo2_mode_calc] wearing_state:1
09-03 11:35:26.190 E/[GH_ROMAII_SENSOR_HOOK]( 8987): [gh30x_fifo_evt_spo2_mode_calc] not unwear state
09-03 11:35:26.190 E/[GH_ROMAII_SENSOR_HOOK]( 8987): [gh30x_fifo_evt_spo2_mode_calc] exit
09-03 11:35:26.190 E/[GH_ROMAII_SENSOR_HOOK]( 8987): [gh30x_fifo_evt_handler] exit
09-03 11:35:26.190 E/[GH_ROMAII_SENSOR_HOOK]( 8987): [gh30x_int_msg_handler] exit
09-03 11:35:26.190 E/[GH_I2C_BUS]( 8987): start gh_dev_wait_irq
09-03 11:35:27.150 E/[GH_I2C_BUS]( 8987): GH end gh_dev_wait_irq 0
09-03 11:35:27.150 E/[GH_ROMAII_SENSOR_HOOK]( 8987): [gh30x_int_msg_handler] enter
09-03 11:35:27.150 E/[GH_ROMAII_SENSOR_HOOK]( 8987): [gh30x_int_msg_handler] gh30x_irq_status:2， type:INT_STATUS_FIFO_WATERMARK
09-03 11:35:27.150 E/[GH_ROMAII_SENSOR_HOOK]( 8987): [gh30x_int_msg_handler] gh30x_adt_working_flag:0
09-03 11:35:27.150 E/[GH_ROMAII_SENSOR_HOOK]( 8987): [gh30x_fifo_evt_handler] enter
09-03 11:35:27.150 E/[GH_ROMAII_SENSOR_HOOK]( 8987): got gh30x fifo evt, func[RUN_MODE_SPO2_DET]
09-03 11:35:27.150 E/[GH_I2C_BUS]( 8987): gh_dev_get_acc_buffer len 40 ret 0
09-03 11:35:27.150 E/[GH_ROMAII_SENSOR_HOOK]( 8987): gsensor_drv_get_fifo_data len 40 
09-03 11:35:27.150 E/[GH_ROMAII_SENSOR_HOOK]( 8987): [gh30x_fifo_evt_spo2_mode_calc] enter
09-03 11:35:27.170 E/[GH_ROMAII_SENSOR_HOOK]( 8987): [handle_spo2_mode_result] enter
09-03 11:35:27.170 E/[GH_ROMAII_SENSOR_HOOK]( 8987): GH_3011 spo2_result : 98 , lvl 47 , hb 55, lvl41 , wearing 1
09-03 11:35:27.180 E/[GH_I2C_BUS]( 8987): gh_dev_report_key 1, weared 1 ,ppg 55 ,spo2 98 ,ret 0
09-03 11:35:27.180 E/[GH_ROMAII_SENSOR_HOOK]( 8987): [handle_spo2_mode_result] exit
09-03 11:35:27.180 E/[GH_ROMAII_SENSOR_HOOK]( 8987): spo2 calc, gs_len=40, result=98,47,55,41,960,0,0,0,100,1,5550,1
09-03 11:35:27.180 E/[GH_ROMAII_SENSOR_HOOK]( 8987): [gh30x_fifo_evt_spo2_mode_calc] wearing_state:1
09-03 11:35:27.180 E/[GH_ROMAII_SENSOR_HOOK]( 8987): [gh30x_fifo_evt_spo2_mode_calc] not unwear state
09-03 11:35:27.180 E/[GH_ROMAII_SENSOR_HOOK]( 8987): [gh30x_fifo_evt_spo2_mode_calc] exit
09-03 11:35:27.180 E/[GH_ROMAII_SENSOR_HOOK]( 8987): [gh30x_fifo_evt_handler] exit
09-03 11:35:27.180 E/[GH_ROMAII_SENSOR_HOOK]( 8987): [gh30x_int_msg_handler] exit
09-03 11:35:27.180 E/[GH_I2C_BUS]( 8987): start gh_dev_wait_irq
09-03 11:35:27.660 E/LIBGPS  (  647): read socet_client error: Try again
09-03 11:35:27.690 D/LIBGPS  (  647): watchdog_open PowerState:GE2 CP SLEEP readcount:800852
09-03 11:35:28.150 E/[GH_I2C_BUS]( 8987): GH end gh_dev_wait_irq 0
09-03 11:35:28.150 E/[GH_ROMAII_SENSOR_HOOK]( 8987): [gh30x_int_msg_handler] enter
09-03 11:35:28.150 E/[GH_ROMAII_SENSOR_HOOK]( 8987): [gh30x_int_msg_handler] gh30x_irq_status:2， type:INT_STATUS_FIFO_WATERMARK
09-03 11:35:28.150 E/[GH_ROMAII_SENSOR_HOOK]( 8987): [gh30x_int_msg_handler] gh30x_adt_working_flag:0
09-03 11:35:28.150 E/[GH_ROMAII_SENSOR_HOOK]( 8987): [gh30x_fifo_evt_handler] enter
09-03 11:35:28.150 E/[GH_ROMAII_SENSOR_HOOK]( 8987): got gh30x fifo evt, func[RUN_MODE_SPO2_DET]
09-03 11:35:28.150 E/[GH_I2C_BUS]( 8987): gh_dev_get_acc_buffer len 40 ret 0
09-03 11:35:28.150 E/[GH_ROMAII_SENSOR_HOOK]( 8987): gsensor_drv_get_fifo_data len 40 
09-03 11:35:28.150 E/[GH_ROMAII_SENSOR_HOOK]( 8987): [gh30x_fifo_evt_spo2_mode_calc] enter
09-03 11:35:28.180 E/[GH_ROMAII_SENSOR_HOOK]( 8987): [handle_spo2_mode_result] enter
09-03 11:35:28.180 E/[GH_ROMAII_SENSOR_HOOK]( 8987): GH_3011 spo2_result : 98 , lvl 52 , hb 55, lvl41 , wearing 1
09-03 11:35:28.190 E/[GH_I2C_BUS]( 8987): gh_dev_report_key 1, weared 1 ,ppg 55 ,spo2 98 ,ret 0
09-03 11:35:28.190 E/[GH_ROMAII_SENSOR_HOOK]( 8987): [handle_spo2_mode_result] exit
09-03 11:35:28.190 E/[GH_ROMAII_SENSOR_HOOK]( 8987): spo2 calc, gs_len=40, result=98,52,55,41,960,0,0,0,100,1,5550,1
09-03 11:35:28.190 E/[GH_ROMAII_SENSOR_HOOK]( 8987): [gh30x_fifo_evt_spo2_mode_calc] wearing_state:1
09-03 11:35:28.190 E/[GH_ROMAII_SENSOR_HOOK]( 8987): [gh30x_fifo_evt_spo2_mode_calc] not unwear state
09-03 11:35:28.190 E/[GH_ROMAII_SENSOR_HOOK]( 8987): [gh30x_fifo_evt_spo2_mode_calc] exit
09-03 11:35:28.190 E/[GH_ROMAII_SENSOR_HOOK]( 8987): [gh30x_fifo_evt_handler] exit
09-03 11:35:28.190 E/[GH_ROMAII_SENSOR_HOOK]( 8987): [gh30x_int_msg_handler] exit
09-03 11:35:28.190 E/[GH_I2C_BUS]( 8987): start gh_dev_wait_irq
09-03 11:35:29.000 W/WindowManager(  647): Focused window stay null too long, have a update!
09-03 11:35:29.000 V/WindowManager(  647): Looking for focus: 1 = Window{41b914a8 u0 KeyguardScrim} = null, flags=1116416, canReceive=false mViewVisibility=8 mHasSurface=false
09-03 11:35:29.000 V/WindowManager(  647): Looking for focus: 0 = Window{4191a5c0 u0 com.android.systemui.ImageWallpaper} = null, flags=792, canReceive=false mViewVisibility=0 mHasSurface=true
09-03 11:35:29.000 V/WindowManager(  647): findFocusedWindow: No focusable windows.
09-03 11:35:29.160 E/[GH_I2C_BUS]( 8987): GH end gh_dev_wait_irq 0
09-03 11:35:29.160 E/[GH_ROMAII_SENSOR_HOOK]( 8987): [gh30x_int_msg_handler] enter
09-03 11:35:29.160 E/[GH_ROMAII_SENSOR_HOOK]( 8987): [gh30x_int_msg_handler] gh30x_irq_status:2， type:INT_STATUS_FIFO_WATERMARK
09-03 11:35:29.160 E/[GH_ROMAII_SENSOR_HOOK]( 8987): [gh30x_int_msg_handler] gh30x_adt_working_flag:0
09-03 11:35:29.160 E/[GH_ROMAII_SENSOR_HOOK]( 8987): [gh30x_fifo_evt_handler] enter
09-03 11:35:29.160 E/[GH_ROMAII_SENSOR_HOOK]( 8987): got gh30x fifo evt, func[RUN_MODE_SPO2_DET]
09-03 11:35:29.160 E/[GH_I2C_BUS]( 8987): gh_dev_get_acc_buffer len 39 ret 0
09-03 11:35:29.160 E/[GH_ROMAII_SENSOR_HOOK]( 8987): gsensor_drv_get_fifo_data len 39 
09-03 11:35:29.160 E/[GH_ROMAII_SENSOR_HOOK]( 8987): [gh30x_fifo_evt_spo2_mode_calc] enter
09-03 11:35:29.180 E/[GH_ROMAII_SENSOR_HOOK]( 8987): [handle_spo2_mode_result] enter
09-03 11:35:29.180 E/[GH_ROMAII_SENSOR_HOOK]( 8987): GH_3011 spo2_result : 98 , lvl 52 , hb 55, lvl41 , wearing 1
09-03 11:35:29.200 E/[GH_I2C_BUS]( 8987): gh_dev_report_key 1, weared 1 ,ppg 55 ,spo2 98 ,ret 0
09-03 11:35:29.200 E/[GH_ROMAII_SENSOR_HOOK]( 8987): [handle_spo2_mode_result] exit
09-03 11:35:29.200 E/[GH_ROMAII_SENSOR_HOOK]( 8987): spo2 calc, gs_len=39, result=98,52,55,41,1210,0,0,0,100,1,5550,1
09-03 11:35:29.200 E/[GH_ROMAII_SENSOR_HOOK]( 8987): [gh30x_fifo_evt_spo2_mode_calc] wearing_state:1
09-03 11:35:29.200 E/[GH_ROMAII_SENSOR_HOOK]( 8987): [gh30x_fifo_evt_spo2_mode_calc] not unwear state
09-03 11:35:29.200 E/[GH_ROMAII_SENSOR_HOOK]( 8987): [gh30x_fifo_evt_spo2_mode_calc] exit
09-03 11:35:29.200 E/[GH_ROMAII_SENSOR_HOOK]( 8987): [gh30x_fifo_evt_handler] exit
09-03 11:35:29.200 E/[GH_ROMAII_SENSOR_HOOK]( 8987): [gh30x_int_msg_handler] exit
09-03 11:35:29.200 E/[GH_I2C_BUS]( 8987): start gh_dev_wait_irq
09-03 11:35:29.700 D/LIBGPS  (  647): watchdog_open PowerState:GE2 CP SLEEP readcount:800852
09-03 11:35:30.160 E/[GH_I2C_BUS]( 8987): GH end gh_dev_wait_irq 0
09-03 11:35:30.160 E/[GH_ROMAII_SENSOR_HOOK]( 8987): [gh30x_int_msg_handler] enter
09-03 11:35:30.160 E/[GH_ROMAII_SENSOR_HOOK]( 8987): [gh30x_int_msg_handler] gh30x_irq_status:2， type:INT_STATUS_FIFO_WATERMARK
09-03 11:35:30.160 E/[GH_ROMAII_SENSOR_HOOK]( 8987): [gh30x_int_msg_handler] gh30x_adt_working_flag:0
09-03 11:35:30.160 E/[GH_ROMAII_SENSOR_HOOK]( 8987): [gh30x_fifo_evt_handler] enter
09-03 11:35:30.160 E/[GH_ROMAII_SENSOR_HOOK]( 8987): got gh30x fifo evt, func[RUN_MODE_SPO2_DET]
09-03 11:35:30.160 E/[GH_I2C_BUS]( 8987): gh_dev_get_acc_buffer len 40 ret 0
09-03 11:35:30.160 E/[GH_ROMAII_SENSOR_HOOK]( 8987): gsensor_drv_get_fifo_data len 40 
09-03 11:35:30.160 E/[GH_ROMAII_SENSOR_HOOK]( 8987): [gh30x_fifo_evt_spo2_mode_calc] enter
09-03 11:35:30.180 E/[GH_ROMAII_SENSOR_HOOK]( 8987): [handle_spo2_mode_result] enter
09-03 11:35:30.180 E/[GH_ROMAII_SENSOR_HOOK]( 8987): GH_3011 spo2_result : 98 , lvl 52 , hb 55, lvl41 , wearing 1
09-03 11:35:30.190 E/[GH_I2C_BUS]( 8987): gh_dev_report_key 1, weared 1 ,ppg 55 ,spo2 98 ,ret 0
09-03 11:35:30.190 E/[GH_ROMAII_SENSOR_HOOK]( 8987): [handle_spo2_mode_result] exit
09-03 11:35:30.190 E/[GH_ROMAII_SENSOR_HOOK]( 8987): spo2 calc, gs_len=40, result=98,52,55,41,1130,0,0,0,100,1,5550,1
09-03 11:35:30.190 E/[GH_ROMAII_SENSOR_HOOK]( 8987): [gh30x_fifo_evt_spo2_mode_calc] wearing_state:1
09-03 11:35:30.190 E/[GH_ROMAII_SENSOR_HOOK]( 8987): [gh30x_fifo_evt_spo2_mode_calc] not unwear state
09-03 11:35:30.190 E/[GH_ROMAII_SENSOR_HOOK]( 8987): [gh30x_fifo_evt_spo2_mode_calc] exit
09-03 11:35:30.190 E/[GH_ROMAII_SENSOR_HOOK]( 8987): [gh30x_fifo_evt_handler] exit
09-03 11:35:30.190 E/[GH_ROMAII_SENSOR_HOOK]( 8987): [gh30x_int_msg_handler] exit
09-03 11:35:30.190 E/[GH_I2C_BUS]( 8987): start gh_dev_wait_irq
09-03 11:35:30.500 D/WCND    (  217): is_cp2_alive_ok: open polling interface: /proc/mdbg/loopcheck, fd = 17
09-03 11:35:30.590 D/WCND    (  217): is_cp2_alive_ok: loop: /proc/mdbg/loopcheck is OK
09-03 11:35:31.160 E/[GH_I2C_BUS]( 8987): GH end gh_dev_wait_irq 0
09-03 11:35:31.160 E/[GH_ROMAII_SENSOR_HOOK]( 8987): [gh30x_int_msg_handler] enter
09-03 11:35:31.160 E/[GH_ROMAII_SENSOR_HOOK]( 8987): [gh30x_int_msg_handler] gh30x_irq_status:2， type:INT_STATUS_FIFO_WATERMARK
09-03 11:35:31.160 E/[GH_ROMAII_SENSOR_HOOK]( 8987): [gh30x_int_msg_handler] gh30x_adt_working_flag:0
09-03 11:35:31.160 E/[GH_ROMAII_SENSOR_HOOK]( 8987): [gh30x_fifo_evt_handler] enter
09-03 11:35:31.160 E/[GH_ROMAII_SENSOR_HOOK]( 8987): got gh30x fifo evt, func[RUN_MODE_SPO2_DET]
09-03 11:35:31.160 E/[GH_I2C_BUS]( 8987): gh_dev_get_acc_buffer len 40 ret 0
09-03 11:35:31.160 E/[GH_ROMAII_SENSOR_HOOK]( 8987): gsensor_drv_get_fifo_data len 40 
09-03 11:35:31.160 E/[GH_ROMAII_SENSOR_HOOK]( 8987): [gh30x_fifo_evt_spo2_mode_calc] enter
09-03 11:35:31.190 E/[GH_ROMAII_SENSOR_HOOK]( 8987): [handle_spo2_mode_result] enter
09-03 11:35:31.190 E/[GH_ROMAII_SENSOR_HOOK]( 8987): GH_3011 spo2_result : 98 , lvl 56 , hb 55, lvl41 , wearing 1
09-03 11:35:31.190 E/[GH_I2C_BUS]( 8987): gh_dev_report_key 1, weared 1 ,ppg 55 ,spo2 98 ,ret 0
09-03 11:35:31.190 E/[GH_ROMAII_SENSOR_HOOK]( 8987): [handle_spo2_mode_result] exit
09-03 11:35:31.190 E/[GH_ROMAII_SENSOR_HOOK]( 8987): spo2 calc, gs_len=40, result=98,56,55,41,1010,0,0,0,100,1,5550,1
09-03 11:35:31.190 E/[GH_ROMAII_SENSOR_HOOK]( 8987): [gh30x_fifo_evt_spo2_mode_calc] wearing_state:1
09-03 11:35:31.190 E/[GH_ROMAII_SENSOR_HOOK]( 8987): [gh30x_fifo_evt_spo2_mode_calc] not unwear state
09-03 11:35:31.190 E/[GH_ROMAII_SENSOR_HOOK]( 8987): [gh30x_fifo_evt_spo2_mode_calc] exit
09-03 11:35:31.190 E/[GH_ROMAII_SENSOR_HOOK]( 8987): [gh30x_fifo_evt_handler] exit
09-03 11:35:31.190 E/[GH_ROMAII_SENSOR_HOOK]( 8987): [gh30x_int_msg_handler] exit
09-03 11:35:31.190 E/[GH_I2C_BUS]( 8987): start gh_dev_wait_irq
09-03 11:35:31.700 D/LIBGPS  (  647): watchdog_open PowerState:GE2 CP SLEEP readcount:800852
09-03 11:35:32.000 W/WindowManager(  647): Focused window stay null too long, have a update!
09-03 11:35:32.000 V/WindowManager(  647): Looking for focus: 1 = Window{41b914a8 u0 KeyguardScrim} = null, flags=1116416, canReceive=false mViewVisibility=8 mHasSurface=false
09-03 11:35:32.000 V/WindowManager(  647): Looking for focus: 0 = Window{4191a5c0 u0 com.android.systemui.ImageWallpaper} = null, flags=792, canReceive=false mViewVisibility=0 mHasSurface=true
09-03 11:35:32.000 V/WindowManager(  647): findFocusedWindow: No focusable windows.
09-03 11:35:32.160 E/[GH_I2C_BUS]( 8987): GH end gh_dev_wait_irq 0
09-03 11:35:32.160 E/[GH_ROMAII_SENSOR_HOOK]( 8987): [gh30x_int_msg_handler] enter
09-03 11:35:32.170 E/[GH_ROMAII_SENSOR_HOOK]( 8987): [gh30x_int_msg_handler] gh30x_irq_status:2， type:INT_STATUS_FIFO_WATERMARK
09-03 11:35:32.170 E/[GH_ROMAII_SENSOR_HOOK]( 8987): [gh30x_int_msg_handler] gh30x_adt_working_flag:0
09-03 11:35:32.170 E/[GH_ROMAII_SENSOR_HOOK]( 8987): [gh30x_fifo_evt_handler] enter
09-03 11:35:32.170 E/[GH_ROMAII_SENSOR_HOOK]( 8987): got gh30x fifo evt, func[RUN_MODE_SPO2_DET]
09-03 11:35:32.170 E/[GH_I2C_BUS]( 8987): gh_dev_get_acc_buffer len 40 ret 0
09-03 11:35:32.170 E/[GH_ROMAII_SENSOR_HOOK]( 8987): gsensor_drv_get_fifo_data len 40 
09-03 11:35:32.170 E/[GH_ROMAII_SENSOR_HOOK]( 8987): [gh30x_fifo_evt_spo2_mode_calc] enter
09-03 11:35:32.190 E/[GH_ROMAII_SENSOR_HOOK]( 8987): [handle_spo2_mode_result] enter
09-03 11:35:32.190 E/[GH_ROMAII_SENSOR_HOOK]( 8987): GH_3011 spo2_result : 98 , lvl 60 , hb 55, lvl41 , wearing 1
09-03 11:35:32.210 E/[GH_I2C_BUS]( 8987): gh_dev_report_key 1, weared 1 ,ppg 55 ,spo2 98 ,ret 0
09-03 11:35:32.210 E/[GH_ROMAII_SENSOR_HOOK]( 8987): [handle_spo2_mode_result] exit
09-03 11:35:32.210 E/[GH_ROMAII_SENSOR_HOOK]( 8987): spo2 calc, gs_len=40, result=98,60,55,41,1090,0,0,0,100,1,5550,1
09-03 11:35:32.210 E/[GH_ROMAII_SENSOR_HOOK]( 8987): [gh30x_fifo_evt_spo2_mode_calc] wearing_state:1
09-03 11:35:32.210 E/[GH_ROMAII_SENSOR_HOOK]( 8987): [gh30x_fifo_evt_spo2_mode_calc] not unwear state
09-03 11:35:32.210 E/[GH_ROMAII_SENSOR_HOOK]( 8987): [gh30x_fifo_evt_spo2_mode_calc] exit
09-03 11:35:32.210 E/[GH_ROMAII_SENSOR_HOOK]( 8987): [gh30x_fifo_evt_handler] exit
09-03 11:35:32.210 E/[GH_ROMAII_SENSOR_HOOK]( 8987): [gh30x_int_msg_handler] exit
09-03 11:35:32.210 E/[GH_I2C_BUS]( 8987): start gh_dev_wait_irq
09-03 11:35:32.660 E/LIBGPS  (  647): read socet_client error: Try again
09-03 11:35:33.180 E/[GH_I2C_BUS]( 8987): GH end gh_dev_wait_irq 0
09-03 11:35:33.180 E/[GH_ROMAII_SENSOR_HOOK]( 8987): [gh30x_int_msg_handler] enter
09-03 11:35:33.180 E/[GH_ROMAII_SENSOR_HOOK]( 8987): [gh30x_int_msg_handler] gh30x_irq_status:2， type:INT_STATUS_FIFO_WATERMARK
09-03 11:35:33.180 E/[GH_ROMAII_SENSOR_HOOK]( 8987): [gh30x_int_msg_handler] gh30x_adt_working_flag:0
09-03 11:35:33.180 E/[GH_ROMAII_SENSOR_HOOK]( 8987): [gh30x_fifo_evt_handler] enter
09-03 11:35:33.180 E/[GH_ROMAII_SENSOR_HOOK]( 8987): got gh30x fifo evt, func[RUN_MODE_SPO2_DET]
09-03 11:35:33.180 E/[GH_I2C_BUS]( 8987): gh_dev_get_acc_buffer len 39 ret 0
09-03 11:35:33.180 E/[GH_ROMAII_SENSOR_HOOK]( 8987): gsensor_drv_get_fifo_data len 39 
09-03 11:35:33.180 E/[GH_ROMAII_SENSOR_HOOK]( 8987): [gh30x_fifo_evt_spo2_mode_calc] enter
09-03 11:35:33.190 E/[GH_ROMAII_SENSOR_HOOK]( 8987): [handle_spo2_mode_result] enter
09-03 11:35:33.190 E/[GH_ROMAII_SENSOR_HOOK]( 8987): GH_3011 spo2_result : 98 , lvl 60 , hb 55, lvl41 , wearing 1
09-03 11:35:33.210 E/[GH_I2C_BUS]( 8987): gh_dev_report_key 1, weared 1 ,ppg 55 ,spo2 98 ,ret 0
09-03 11:35:33.210 E/[GH_ROMAII_SENSOR_HOOK]( 8987): [handle_spo2_mode_result] exit
09-03 11:35:33.210 E/[GH_ROMAII_SENSOR_HOOK]( 8987): spo2 calc, gs_len=39, result=98,60,55,41,1260,0,0,0,100,1,5550,1
09-03 11:35:33.210 E/[GH_ROMAII_SENSOR_HOOK]( 8987): [gh30x_fifo_evt_spo2_mode_calc] wearing_state:1
09-03 11:35:33.210 E/[GH_ROMAII_SENSOR_HOOK]( 8987): [gh30x_fifo_evt_spo2_mode_calc] not unwear state
09-03 11:35:33.210 E/[GH_ROMAII_SENSOR_HOOK]( 8987): [gh30x_fifo_evt_spo2_mode_calc] exit
09-03 11:35:33.210 E/[GH_ROMAII_SENSOR_HOOK]( 8987): [gh30x_fifo_evt_handler] exit
09-03 11:35:33.210 E/[GH_ROMAII_SENSOR_HOOK]( 8987): [gh30x_int_msg_handler] exit
09-03 11:35:33.210 E/[GH_I2C_BUS]( 8987): start gh_dev_wait_irq
09-03 11:35:33.690 D/LIBGPS  (  647): watchdog_open PowerState:GE2 CP SLEEP readcount:800852
09-03 11:35:34.170 E/[GH_I2C_BUS]( 8987): GH end gh_dev_wait_irq 0
09-03 11:35:34.170 E/[GH_ROMAII_SENSOR_HOOK]( 8987): [gh30x_int_msg_handler] enter
09-03 11:35:34.170 E/[GH_ROMAII_SENSOR_HOOK]( 8987): [gh30x_int_msg_handler] gh30x_irq_status:2， type:INT_STATUS_FIFO_WATERMARK
09-03 11:35:34.170 E/[GH_ROMAII_SENSOR_HOOK]( 8987): [gh30x_int_msg_handler] gh30x_adt_working_flag:0
09-03 11:35:34.170 E/[GH_ROMAII_SENSOR_HOOK]( 8987): [gh30x_fifo_evt_handler] enter
09-03 11:35:34.170 E/[GH_ROMAII_SENSOR_HOOK]( 8987): got gh30x fifo evt, func[RUN_MODE_SPO2_DET]
09-03 11:35:34.170 E/[GH_I2C_BUS]( 8987): gh_dev_get_acc_buffer len 40 ret 0
09-03 11:35:34.170 E/[GH_ROMAII_SENSOR_HOOK]( 8987): gsensor_drv_get_fifo_data len 40 
09-03 11:35:34.170 E/[GH_ROMAII_SENSOR_HOOK]( 8987): [gh30x_fifo_evt_spo2_mode_calc] enter
09-03 11:35:34.200 E/[GH_ROMAII_SENSOR_HOOK]( 8987): [handle_spo2_mode_result] enter
09-03 11:35:34.200 E/[GH_ROMAII_SENSOR_HOOK]( 8987): GH_3011 spo2_result : 98 , lvl 60 , hb 55, lvl41 , wearing 1
09-03 11:35:34.210 E/[GH_I2C_BUS]( 8987): gh_dev_report_key 1, weared 1 ,ppg 55 ,spo2 98 ,ret 0
09-03 11:35:34.210 E/[GH_ROMAII_SENSOR_HOOK]( 8987): [handle_spo2_mode_result] exit
09-03 11:35:34.210 E/[GH_ROMAII_SENSOR_HOOK]( 8987): spo2 calc, gs_len=40, result=98,60,55,41,1110,0,0,0,100,1,5550,1
09-03 11:35:34.210 E/[GH_ROMAII_SENSOR_HOOK]( 8987): [gh30x_fifo_evt_spo2_mode_calc] wearing_state:1
09-03 11:35:34.210 E/[GH_ROMAII_SENSOR_HOOK]( 8987): [gh30x_fifo_evt_spo2_mode_calc] not unwear state
09-03 11:35:34.210 E/[GH_ROMAII_SENSOR_HOOK]( 8987): [gh30x_fifo_evt_spo2_mode_calc] exit
09-03 11:35:34.210 E/[GH_ROMAII_SENSOR_HOOK]( 8987): [gh30x_fifo_evt_handler] exit
09-03 11:35:34.210 E/[GH_ROMAII_SENSOR_HOOK]( 8987): [gh30x_int_msg_handler] exit
09-03 11:35:34.210 E/[GH_I2C_BUS]( 8987): start gh_dev_wait_irq
09-03 11:35:35.010 W/WindowManager(  647): Focused window stay null too long, have a update!
09-03 11:35:35.010 V/WindowManager(  647): Looking for focus: 1 = Window{41b914a8 u0 KeyguardScrim} = null, flags=1116416, canReceive=false mViewVisibility=8 mHasSurface=false
09-03 11:35:35.010 V/WindowManager(  647): Looking for focus: 0 = Window{4191a5c0 u0 com.android.systemui.ImageWallpaper} = null, flags=792, canReceive=false mViewVisibility=0 mHasSurface=true
09-03 11:35:35.010 V/WindowManager(  647): findFocusedWindow: No focusable windows.
09-03 11:35:35.170 E/[GH_I2C_BUS]( 8987): GH end gh_dev_wait_irq 0
09-03 11:35:35.170 E/[GH_ROMAII_SENSOR_HOOK]( 8987): [gh30x_int_msg_handler] enter
09-03 11:35:35.180 E/[GH_ROMAII_SENSOR_HOOK]( 8987): [gh30x_int_msg_handler] gh30x_irq_status:2， type:INT_STATUS_FIFO_WATERMARK
09-03 11:35:35.180 E/[GH_ROMAII_SENSOR_HOOK]( 8987): [gh30x_int_msg_handler] gh30x_adt_working_flag:0
09-03 11:35:35.180 E/[GH_ROMAII_SENSOR_HOOK]( 8987): [gh30x_fifo_evt_handler] enter
09-03 11:35:35.180 E/[GH_ROMAII_SENSOR_HOOK]( 8987): got gh30x fifo evt, func[RUN_MODE_SPO2_DET]
09-03 11:35:35.180 E/[GH_I2C_BUS]( 8987): gh_dev_get_acc_buffer len 40 ret 0
09-03 11:35:35.180 E/[GH_ROMAII_SENSOR_HOOK]( 8987): gsensor_drv_get_fifo_data len 40 
09-03 11:35:35.180 E/[GH_ROMAII_SENSOR_HOOK]( 8987): [gh30x_fifo_evt_spo2_mode_calc] enter
09-03 11:35:35.200 E/[GH_ROMAII_SENSOR_HOOK]( 8987): [handle_spo2_mode_result] enter
09-03 11:35:35.200 E/[GH_ROMAII_SENSOR_HOOK]( 8987): GH_3011 spo2_result : 98 , lvl 60 , hb 55, lvl41 , wearing 1
09-03 11:35:35.220 E/[GH_I2C_BUS]( 8987): gh_dev_report_key 1, weared 1 ,ppg 55 ,spo2 98 ,ret 0
09-03 11:35:35.220 E/[GH_ROMAII_SENSOR_HOOK]( 8987): [handle_spo2_mode_result] exit
09-03 11:35:35.220 E/[GH_ROMAII_SENSOR_HOOK]( 8987): spo2 calc, gs_len=40, result=98,60,55,41,522,522,0,0,40,2,5550,1
09-03 11:35:35.220 E/[GH_ROMAII_SENSOR_HOOK]( 8987): [gh30x_fifo_evt_spo2_mode_calc] wearing_state:1
09-03 11:35:35.220 E/[GH_ROMAII_SENSOR_HOOK]( 8987): [gh30x_fifo_evt_spo2_mode_calc] not unwear state
09-03 11:35:35.220 E/[GH_ROMAII_SENSOR_HOOK]( 8987): [gh30x_fifo_evt_spo2_mode_calc] exit
09-03 11:35:35.220 E/[GH_ROMAII_SENSOR_HOOK]( 8987): [gh30x_fifo_evt_handler] exit
09-03 11:35:35.220 E/[GH_ROMAII_SENSOR_HOOK]( 8987): [gh30x_int_msg_handler] exit
09-03 11:35:35.220 E/[GH_I2C_BUS]( 8987): start gh_dev_wait_irq
09-03 11:35:35.600 D/WCND    (  217): is_cp2_alive_ok: open polling interface: /proc/mdbg/loopcheck, fd = 17
09-03 11:35:35.690 D/LIBGPS  (  647): watchdog_open PowerState:GE2 CP SLEEP readcount:800852
09-03 11:35:35.700 D/WCND    (  217): is_cp2_alive_ok: loop: /proc/mdbg/loopcheck is OK
09-03 11:35:36.180 E/[GH_I2C_BUS]( 8987): GH end gh_dev_wait_irq 0
09-03 11:35:36.180 E/[GH_ROMAII_SENSOR_HOOK]( 8987): [gh30x_int_msg_handler] enter
09-03 11:35:36.180 E/[GH_ROMAII_SENSOR_HOOK]( 8987): [gh30x_int_msg_handler] gh30x_irq_status:2， type:INT_STATUS_FIFO_WATERMARK
09-03 11:35:36.180 E/[GH_ROMAII_SENSOR_HOOK]( 8987): [gh30x_int_msg_handler] gh30x_adt_working_flag:0
09-03 11:35:36.180 E/[GH_ROMAII_SENSOR_HOOK]( 8987): [gh30x_fifo_evt_handler] enter
09-03 11:35:36.180 E/[GH_ROMAII_SENSOR_HOOK]( 8987): got gh30x fifo evt, func[RUN_MODE_SPO2_DET]
09-03 11:35:36.180 E/[GH_I2C_BUS]( 8987): gh_dev_get_acc_buffer len 39 ret 0
09-03 11:35:36.180 E/[GH_ROMAII_SENSOR_HOOK]( 8987): gsensor_drv_get_fifo_data len 39 
09-03 11:35:36.180 E/[GH_ROMAII_SENSOR_HOOK]( 8987): [gh30x_fifo_evt_spo2_mode_calc] enter
09-03 11:35:36.200 E/[GH_ROMAII_SENSOR_HOOK]( 8987): [handle_spo2_mode_result] enter
09-03 11:35:36.200 E/[GH_ROMAII_SENSOR_HOOK]( 8987): GH_3011 spo2_result : 98 , lvl 60 , hb 55, lvl41 , wearing 1
09-03 11:35:36.210 E/[GH_I2C_BUS]( 8987): gh_dev_report_key 1, weared 1 ,ppg 55 ,spo2 98 ,ret 0
09-03 11:35:36.210 E/[GH_ROMAII_SENSOR_HOOK]( 8987): [handle_spo2_mode_result] exit
09-03 11:35:36.210 E/[GH_ROMAII_SENSOR_HOOK]( 8987): spo2 calc, gs_len=39, result=98,60,55,41,522,522,0,0,40,2,5550,1
09-03 11:35:36.210 E/[GH_ROMAII_SENSOR_HOOK]( 8987): [gh30x_fifo_evt_spo2_mode_calc] wearing_state:1
09-03 11:35:36.210 E/[GH_ROMAII_SENSOR_HOOK]( 8987): [gh30x_fifo_evt_spo2_mode_calc] not unwear state
09-03 11:35:36.210 E/[GH_ROMAII_SENSOR_HOOK]( 8987): [gh30x_fifo_evt_spo2_mode_calc] exit
09-03 11:35:36.210 E/[GH_ROMAII_SENSOR_HOOK]( 8987): [gh30x_fifo_evt_handler] exit
09-03 11:35:36.210 E/[GH_ROMAII_SENSOR_HOOK]( 8987): [gh30x_int_msg_handler] exit
09-03 11:35:36.210 E/[GH_I2C_BUS]( 8987): start gh_dev_wait_irq
09-03 11:35:37.180 E/[GH_I2C_BUS]( 8987): GH end gh_dev_wait_irq 0
09-03 11:35:37.180 E/[GH_ROMAII_SENSOR_HOOK]( 8987): [gh30x_int_msg_handler] enter
09-03 11:35:37.180 E/[GH_ROMAII_SENSOR_HOOK]( 8987): [gh30x_int_msg_handler] gh30x_irq_status:2， type:INT_STATUS_FIFO_WATERMARK
09-03 11:35:37.180 E/[GH_ROMAII_SENSOR_HOOK]( 8987): [gh30x_int_msg_handler] gh30x_adt_working_flag:0
09-03 11:35:37.180 E/[GH_ROMAII_SENSOR_HOOK]( 8987): [gh30x_fifo_evt_handler] enter
09-03 11:35:37.180 E/[GH_ROMAII_SENSOR_HOOK]( 8987): got gh30x fifo evt, func[RUN_MODE_SPO2_DET]
09-03 11:35:37.180 E/[GH_I2C_BUS]( 8987): gh_dev_get_acc_buffer len 40 ret 0
09-03 11:35:37.180 E/[GH_ROMAII_SENSOR_HOOK]( 8987): gsensor_drv_get_fifo_data len 40 
09-03 11:35:37.180 E/[GH_ROMAII_SENSOR_HOOK]( 8987): [gh30x_fifo_evt_spo2_mode_calc] enter
09-03 11:35:37.210 E/[GH_ROMAII_SENSOR_HOOK]( 8987): [handle_spo2_mode_result] enter
09-03 11:35:37.210 E/[GH_ROMAII_SENSOR_HOOK]( 8987): GH_3011 spo2_result : 98 , lvl 60 , hb 55, lvl41 , wearing 1
09-03 11:35:37.220 E/[GH_I2C_BUS]( 8987): gh_dev_report_key 1, weared 1 ,ppg 55 ,spo2 98 ,ret 0
09-03 11:35:37.220 E/[GH_ROMAII_SENSOR_HOOK]( 8987): [handle_spo2_mode_result] exit
09-03 11:35:37.220 E/[GH_ROMAII_SENSOR_HOOK]( 8987): spo2 calc, gs_len=40, result=98,60,55,41,2000,522,0,0,40,2,5550,1
09-03 11:35:37.220 E/[GH_ROMAII_SENSOR_HOOK]( 8987): [gh30x_fifo_evt_spo2_mode_calc] wearing_state:1
09-03 11:35:37.220 E/[GH_ROMAII_SENSOR_HOOK]( 8987): [gh30x_fifo_evt_spo2_mode_calc] not unwear state
09-03 11:35:37.220 E/[GH_ROMAII_SENSOR_HOOK]( 8987): [gh30x_fifo_evt_spo2_mode_calc] exit
09-03 11:35:37.220 E/[GH_ROMAII_SENSOR_HOOK]( 8987): [gh30x_fifo_evt_handler] exit
09-03 11:35:37.220 E/[GH_ROMAII_SENSOR_HOOK]( 8987): [gh30x_int_msg_handler] exit
09-03 11:35:37.220 E/[GH_I2C_BUS]( 8987): start gh_dev_wait_irq
09-03 11:35:37.660 E/LIBGPS  (  647): read socet_client error: Try again
09-03 11:35:37.690 D/LIBGPS  (  647): watchdog_open PowerState:GE2 CP SLEEP readcount:800852
09-03 11:35:38.010 W/WindowManager(  647): Focused window stay null too long, have a update!
09-03 11:35:38.010 V/WindowManager(  647): Looking for focus: 1 = Window{41b914a8 u0 KeyguardScrim} = null, flags=1116416, canReceive=false mViewVisibility=8 mHasSurface=false
09-03 11:35:38.010 V/WindowManager(  647): Looking for focus: 0 = Window{4191a5c0 u0 com.android.systemui.ImageWallpaper} = null, flags=792, canReceive=false mViewVisibility=0 mHasSurface=true
09-03 11:35:38.010 V/WindowManager(  647): findFocusedWindow: No focusable windows.
09-03 11:35:38.190 E/[GH_I2C_BUS]( 8987): GH end gh_dev_wait_irq 0
09-03 11:35:38.190 E/[GH_ROMAII_SENSOR_HOOK]( 8987): [gh30x_int_msg_handler] enter
09-03 11:35:38.190 E/[GH_ROMAII_SENSOR_HOOK]( 8987): [gh30x_int_msg_handler] gh30x_irq_status:2， type:INT_STATUS_FIFO_WATERMARK
09-03 11:35:38.190 E/[GH_ROMAII_SENSOR_HOOK]( 8987): [gh30x_int_msg_handler] gh30x_adt_working_flag:0
09-03 11:35:38.190 E/[GH_ROMAII_SENSOR_HOOK]( 8987): [gh30x_fifo_evt_handler] enter
09-03 11:35:38.190 E/[GH_ROMAII_SENSOR_HOOK]( 8987): got gh30x fifo evt, func[RUN_MODE_SPO2_DET]
09-03 11:35:38.190 E/[GH_I2C_BUS]( 8987): gh_dev_get_acc_buffer len 40 ret 0
09-03 11:35:38.190 E/[GH_ROMAII_SENSOR_HOOK]( 8987): gsensor_drv_get_fifo_data len 40 
09-03 11:35:38.190 E/[GH_ROMAII_SENSOR_HOOK]( 8987): [gh30x_fifo_evt_spo2_mode_calc] enter
09-03 11:35:38.210 E/[GH_ROMAII_SENSOR_HOOK]( 8987): [handle_spo2_mode_result] enter
09-03 11:35:38.210 E/[GH_ROMAII_SENSOR_HOOK]( 8987): GH_3011 spo2_result : 98 , lvl 57 , hb 55, lvl41 , wearing 1
09-03 11:35:38.230 E/[GH_I2C_BUS]( 8987): gh_dev_report_key 1, weared 1 ,ppg 55 ,spo2 98 ,ret 0
09-03 11:35:38.230 E/[GH_ROMAII_SENSOR_HOOK]( 8987): [handle_spo2_mode_result] exit
09-03 11:35:38.230 E/[GH_ROMAII_SENSOR_HOOK]( 8987): spo2 calc, gs_len=40, result=98,57,55,41,516,0,0,0,40,1,5550,1
09-03 11:35:38.230 E/[GH_ROMAII_SENSOR_HOOK]( 8987): [gh30x_fifo_evt_spo2_mode_calc] wearing_state:1
09-03 11:35:38.230 E/[GH_ROMAII_SENSOR_HOOK]( 8987): [gh30x_fifo_evt_spo2_mode_calc] not unwear state
09-03 11:35:38.230 E/[GH_ROMAII_SENSOR_HOOK]( 8987): [gh30x_fifo_evt_spo2_mode_calc] exit
09-03 11:35:38.230 E/[GH_ROMAII_SENSOR_HOOK]( 8987): [gh30x_fifo_evt_handler] exit
09-03 11:35:38.230 E/[GH_ROMAII_SENSOR_HOOK]( 8987): [gh30x_int_msg_handler] exit
09-03 11:35:38.230 E/[GH_I2C_BUS]( 8987): start gh_dev_wait_irq
09-03 11:35:39.190 E/[GH_I2C_BUS]( 8987): GH end gh_dev_wait_irq 0
09-03 11:35:39.190 E/[GH_ROMAII_SENSOR_HOOK]( 8987): [gh30x_int_msg_handler] enter
09-03 11:35:39.190 E/[GH_ROMAII_SENSOR_HOOK]( 8987): [gh30x_int_msg_handler] gh30x_irq_status:2， type:INT_STATUS_FIFO_WATERMARK
09-03 11:35:39.190 E/[GH_ROMAII_SENSOR_HOOK]( 8987): [gh30x_int_msg_handler] gh30x_adt_working_flag:0
09-03 11:35:39.190 E/[GH_ROMAII_SENSOR_HOOK]( 8987): [gh30x_fifo_evt_handler] enter
09-03 11:35:39.190 E/[GH_ROMAII_SENSOR_HOOK]( 8987): got gh30x fifo evt, func[RUN_MODE_SPO2_DET]
09-03 11:35:39.190 E/[GH_I2C_BUS]( 8987): gh_dev_get_acc_buffer len 40 ret 0
09-03 11:35:39.190 E/[GH_ROMAII_SENSOR_HOOK]( 8987): gsensor_drv_get_fifo_data len 40 
09-03 11:35:39.190 E/[GH_ROMAII_SENSOR_HOOK]( 8987): [gh30x_fifo_evt_spo2_mode_calc] enter
09-03 11:35:39.210 E/[GH_ROMAII_SENSOR_HOOK]( 8987): [handle_spo2_mode_result] enter
09-03 11:35:39.210 E/[GH_ROMAII_SENSOR_HOOK]( 8987): GH_3011 spo2_result : 98 , lvl 57 , hb 55, lvl41 , wearing 1
09-03 11:35:39.230 E/[GH_I2C_BUS]( 8987): gh_dev_report_key 1, weared 1 ,ppg 55 ,spo2 98 ,ret 0
09-03 11:35:39.230 E/[GH_ROMAII_SENSOR_HOOK]( 8987): [handle_spo2_mode_result] exit
09-03 11:35:39.230 E/[GH_ROMAII_SENSOR_HOOK]( 8987): spo2 calc, gs_len=40, result=98,57,55,41,1040,0,0,0,40,1,5550,1
09-03 11:35:39.230 E/[GH_ROMAII_SENSOR_HOOK]( 8987): [gh30x_fifo_evt_spo2_mode_calc] wearing_state:1
09-03 11:35:39.230 E/[GH_ROMAII_SENSOR_HOOK]( 8987): [gh30x_fifo_evt_spo2_mode_calc] not unwear state
09-03 11:35:39.230 E/[GH_ROMAII_SENSOR_HOOK]( 8987): [gh30x_fifo_evt_spo2_mode_calc] exit
09-03 11:35:39.230 E/[GH_ROMAII_SENSOR_HOOK]( 8987): [gh30x_fifo_evt_handler] exit
09-03 11:35:39.230 E/[GH_ROMAII_SENSOR_HOOK]( 8987): [gh30x_int_msg_handler] exit
09-03 11:35:39.230 E/[GH_I2C_BUS]( 8987): start gh_dev_wait_irq
09-03 11:35:39.690 D/LIBGPS  (  647): watchdog_open PowerState:GE2 CP SLEEP readcount:800852
09-03 11:35:40.190 E/[GH_I2C_BUS]( 8987): GH end gh_dev_wait_irq 0
09-03 11:35:40.190 E/[GH_ROMAII_SENSOR_HOOK]( 8987): [gh30x_int_msg_handler] enter
09-03 11:35:40.190 E/[GH_ROMAII_SENSOR_HOOK]( 8987): [gh30x_int_msg_handler] gh30x_irq_status:2， type:INT_STATUS_FIFO_WATERMARK
09-03 11:35:40.190 E/[GH_ROMAII_SENSOR_HOOK]( 8987): [gh30x_int_msg_handler] gh30x_adt_working_flag:0
09-03 11:35:40.190 E/[GH_ROMAII_SENSOR_HOOK]( 8987): [gh30x_fifo_evt_handler] enter
09-03 11:35:40.190 E/[GH_ROMAII_SENSOR_HOOK]( 8987): got gh30x fifo evt, func[RUN_MODE_SPO2_DET]
09-03 11:35:40.190 E/[GH_I2C_BUS]( 8987): gh_dev_get_acc_buffer len 39 ret 0
09-03 11:35:40.190 E/[GH_ROMAII_SENSOR_HOOK]( 8987): gsensor_drv_get_fifo_data len 39 
09-03 11:35:40.190 E/[GH_ROMAII_SENSOR_HOOK]( 8987): [gh30x_fifo_evt_spo2_mode_calc] enter
09-03 11:35:40.220 E/[GH_ROMAII_SENSOR_HOOK]( 8987): [handle_spo2_mode_result] enter
09-03 11:35:40.220 E/[GH_ROMAII_SENSOR_HOOK]( 8987): GH_3011 spo2_result : 98 , lvl 54 , hb 55, lvl41 , wearing 1
09-03 11:35:40.230 E/[GH_I2C_BUS]( 8987): gh_dev_report_key 1, weared 1 ,ppg 55 ,spo2 98 ,ret 0
09-03 11:35:40.230 E/[GH_ROMAII_SENSOR_HOOK]( 8987): [handle_spo2_mode_result] exit
09-03 11:35:40.230 E/[GH_ROMAII_SENSOR_HOOK]( 8987): spo2 calc, gs_len=39, result=98,54,55,41,860,516,0,0,80,2,5550,1
09-03 11:35:40.230 E/[GH_ROMAII_SENSOR_HOOK]( 8987): [gh30x_fifo_evt_spo2_mode_calc] wearing_state:1
09-03 11:35:40.230 E/[GH_ROMAII_SENSOR_HOOK]( 8987): [gh30x_fifo_evt_spo2_mode_calc] not unwear state
09-03 11:35:40.230 E/[GH_ROMAII_SENSOR_HOOK]( 8987): [gh30x_fifo_evt_spo2_mode_calc] exit
09-03 11:35:40.230 E/[GH_ROMAII_SENSOR_HOOK]( 8987): [gh30x_fifo_evt_handler] exit
09-03 11:35:40.230 E/[GH_ROMAII_SENSOR_HOOK]( 8987): [gh30x_int_msg_handler] exit
09-03 11:35:40.230 E/[GH_I2C_BUS]( 8987): start gh_dev_wait_irq
09-03 11:35:40.710 D/WCND    (  217): is_cp2_alive_ok: open polling interface: /proc/mdbg/loopcheck, fd = 17
09-03 11:35:40.810 D/WCND    (  217): is_cp2_alive_ok: loop: /proc/mdbg/loopcheck is OK
09-03 11:35:41.010 W/WindowManager(  647): Focused window stay null too long, have a update!
09-03 11:35:41.010 V/WindowManager(  647): Looking for focus: 1 = Window{41b914a8 u0 KeyguardScrim} = null, flags=1116416, canReceive=false mViewVisibility=8 mHasSurface=false
09-03 11:35:41.010 V/WindowManager(  647): Looking for focus: 0 = Window{4191a5c0 u0 com.android.systemui.ImageWallpaper} = null, flags=792, canReceive=false mViewVisibility=0 mHasSurface=true
09-03 11:35:41.010 V/WindowManager(  647): findFocusedWindow: No focusable windows.
09-03 11:35:41.200 E/[GH_I2C_BUS]( 8987): GH end gh_dev_wait_irq 0
09-03 11:35:41.200 E/[GH_ROMAII_SENSOR_HOOK]( 8987): [gh30x_int_msg_handler] enter
09-03 11:35:41.200 E/[GH_ROMAII_SENSOR_HOOK]( 8987): [gh30x_int_msg_handler] gh30x_irq_status:2， type:INT_STATUS_FIFO_WATERMARK
09-03 11:35:41.200 E/[GH_ROMAII_SENSOR_HOOK]( 8987): [gh30x_int_msg_handler] gh30x_adt_working_flag:0
09-03 11:35:41.200 E/[GH_ROMAII_SENSOR_HOOK]( 8987): [gh30x_fifo_evt_handler] enter
09-03 11:35:41.200 E/[GH_ROMAII_SENSOR_HOOK]( 8987): got gh30x fifo evt, func[RUN_MODE_SPO2_DET]
09-03 11:35:41.200 E/[GH_I2C_BUS]( 8987): gh_dev_get_acc_buffer len 40 ret 0
09-03 11:35:41.200 E/[GH_ROMAII_SENSOR_HOOK]( 8987): gsensor_drv_get_fifo_data len 40 
09-03 11:35:41.200 E/[GH_ROMAII_SENSOR_HOOK]( 8987): [gh30x_fifo_evt_spo2_mode_calc] enter
09-03 11:35:41.220 E/[GH_ROMAII_SENSOR_HOOK]( 8987): [handle_spo2_mode_result] enter
09-03 11:35:41.220 E/[GH_ROMAII_SENSOR_HOOK]( 8987): GH_3011 spo2_result : 98 , lvl 54 , hb 54, lvl40 , wearing 1
09-03 11:35:41.240 E/[GH_I2C_BUS]( 8987): gh_dev_report_key 1, weared 1 ,ppg 54 ,spo2 98 ,ret 0
09-03 11:35:41.240 E/[GH_ROMAII_SENSOR_HOOK]( 8987): [handle_spo2_mode_result] exit
09-03 11:35:41.240 E/[GH_ROMAII_SENSOR_HOOK]( 8987): spo2 calc, gs_len=40, result=98,54,54,40,1090,0,0,0,40,1,5550,1
09-03 11:35:41.240 E/[GH_ROMAII_SENSOR_HOOK]( 8987): [gh30x_fifo_evt_spo2_mode_calc] wearing_state:1
09-03 11:35:41.240 E/[GH_ROMAII_SENSOR_HOOK]( 8987): [gh30x_fifo_evt_spo2_mode_calc] not unwear state
09-03 11:35:41.240 E/[GH_ROMAII_SENSOR_HOOK]( 8987): [gh30x_fifo_evt_spo2_mode_calc] exit
09-03 11:35:41.240 E/[GH_ROMAII_SENSOR_HOOK]( 8987): [gh30x_fifo_evt_handler] exit
09-03 11:35:41.240 E/[GH_ROMAII_SENSOR_HOOK]( 8987): [gh30x_int_msg_handler] exit
09-03 11:35:41.240 E/[GH_I2C_BUS]( 8987): start gh_dev_wait_irq
09-03 11:35:41.700 D/LIBGPS  (  647): watchdog_open PowerState:GE2 CP SLEEP readcount:800852
09-03 11:35:42.200 E/[GH_I2C_BUS]( 8987): GH end gh_dev_wait_irq 0
09-03 11:35:42.200 E/[GH_ROMAII_SENSOR_HOOK]( 8987): [gh30x_int_msg_handler] enter
09-03 11:35:42.200 E/[GH_ROMAII_SENSOR_HOOK]( 8987): [gh30x_int_msg_handler] gh30x_irq_status:2， type:INT_STATUS_FIFO_WATERMARK
09-03 11:35:42.200 E/[GH_ROMAII_SENSOR_HOOK]( 8987): [gh30x_int_msg_handler] gh30x_adt_working_flag:0
09-03 11:35:42.200 E/[GH_ROMAII_SENSOR_HOOK]( 8987): [gh30x_fifo_evt_handler] enter
09-03 11:35:42.200 E/[GH_ROMAII_SENSOR_HOOK]( 8987): got gh30x fifo evt, func[RUN_MODE_SPO2_DET]
09-03 11:35:42.200 E/[GH_I2C_BUS]( 8987): gh_dev_get_acc_buffer len 39 ret 0
09-03 11:35:42.200 E/[GH_ROMAII_SENSOR_HOOK]( 8987): gsensor_drv_get_fifo_data len 39 
09-03 11:35:42.200 E/[GH_ROMAII_SENSOR_HOOK]( 8987): [gh30x_fifo_evt_spo2_mode_calc] enter
09-03 11:35:42.220 E/[GH_ROMAII_SENSOR_HOOK]( 8987): [handle_spo2_mode_result] enter
09-03 11:35:42.220 E/[GH_ROMAII_SENSOR_HOOK]( 8987): GH_3011 spo2_result : 98 , lvl 54 , hb 54, lvl40 , wearing 1
09-03 11:35:42.240 E/[GH_I2C_BUS]( 8987): gh_dev_report_key 1, weared 1 ,ppg 54 ,spo2 98 ,ret 0
09-03 11:35:42.240 E/[GH_ROMAII_SENSOR_HOOK]( 8987): [handle_spo2_mode_result] exit
09-03 11:35:42.240 E/[GH_ROMAII_SENSOR_HOOK]( 8987): spo2 calc, gs_len=39, result=98,54,54,40,521,590,0,0,40,2,5550,1
09-03 11:35:42.240 E/[GH_ROMAII_SENSOR_HOOK]( 8987): [gh30x_fifo_evt_spo2_mode_calc] wearing_state:1
09-03 11:35:42.240 E/[GH_ROMAII_SENSOR_HOOK]( 8987): [gh30x_fifo_evt_spo2_mode_calc] not unwear state
09-03 11:35:42.240 E/[GH_ROMAII_SENSOR_HOOK]( 8987): [gh30x_fifo_evt_spo2_mode_calc] exit
09-03 11:35:42.240 E/[GH_ROMAII_SENSOR_HOOK]( 8987): [gh30x_fifo_evt_handler] exit
09-03 11:35:42.240 E/[GH_ROMAII_SENSOR_HOOK]( 8987): [gh30x_int_msg_handler] exit
09-03 11:35:42.240 E/[GH_I2C_BUS]( 8987): start gh_dev_wait_irq
09-03 11:35:42.660 E/LIBGPS  (  647): read socet_client error: Try again
09-03 11:35:43.200 E/[GH_I2C_BUS]( 8987): GH end gh_dev_wait_irq 0
09-03 11:35:43.200 E/[GH_ROMAII_SENSOR_HOOK]( 8987): [gh30x_int_msg_handler] enter
09-03 11:35:43.200 E/[GH_ROMAII_SENSOR_HOOK]( 8987): [gh30x_int_msg_handler] gh30x_irq_status:2， type:INT_STATUS_FIFO_WATERMARK
09-03 11:35:43.200 E/[GH_ROMAII_SENSOR_HOOK]( 8987): [gh30x_int_msg_handler] gh30x_adt_working_flag:0
09-03 11:35:43.200 E/[GH_ROMAII_SENSOR_HOOK]( 8987): [gh30x_fifo_evt_handler] enter
09-03 11:35:43.200 E/[GH_ROMAII_SENSOR_HOOK]( 8987): got gh30x fifo evt, func[RUN_MODE_SPO2_DET]
09-03 11:35:43.200 E/[GH_I2C_BUS]( 8987): gh_dev_get_acc_buffer len 40 ret 0
09-03 11:35:43.200 E/[GH_ROMAII_SENSOR_HOOK]( 8987): gsensor_drv_get_fifo_data len 40 
09-03 11:35:43.200 E/[GH_ROMAII_SENSOR_HOOK]( 8987): [gh30x_fifo_evt_spo2_mode_calc] enter
09-03 11:35:43.230 E/[GH_ROMAII_SENSOR_HOOK]( 8987): [handle_spo2_mode_result] enter
09-03 11:35:43.230 E/[GH_ROMAII_SENSOR_HOOK]( 8987): GH_3011 spo2_result : 98 , lvl 57 , hb 54, lvl40 , wearing 1
09-03 11:35:43.250 E/[GH_I2C_BUS]( 8987): gh_dev_report_key 1, weared 1 ,ppg 54 ,spo2 98 ,ret 0
09-03 11:35:43.250 E/[GH_ROMAII_SENSOR_HOOK]( 8987): [handle_spo2_mode_result] exit
09-03 11:35:43.250 E/[GH_ROMAII_SENSOR_HOOK]( 8987): spo2 calc, gs_len=40, result=98,57,54,40,1180,0,0,0,40,1,5550,1
09-03 11:35:43.250 E/[GH_ROMAII_SENSOR_HOOK]( 8987): [gh30x_fifo_evt_spo2_mode_calc] wearing_state:1
09-03 11:35:43.250 E/[GH_ROMAII_SENSOR_HOOK]( 8987): [gh30x_fifo_evt_spo2_mode_calc] not unwear state
09-03 11:35:43.250 E/[GH_ROMAII_SENSOR_HOOK]( 8987): [gh30x_fifo_evt_spo2_mode_calc] exit
09-03 11:35:43.250 E/[GH_ROMAII_SENSOR_HOOK]( 8987): [gh30x_fifo_evt_handler] exit
09-03 11:35:43.250 E/[GH_ROMAII_SENSOR_HOOK]( 8987): [gh30x_int_msg_handler] exit
09-03 11:35:43.250 E/[GH_I2C_BUS]( 8987): start gh_dev_wait_irq
09-03 11:35:43.690 D/LIBGPS  (  647): watchdog_open PowerState:GE2 CP SLEEP readcount:800852
09-03 11:35:44.010 W/WindowManager(  647): Focused window stay null too long, have a update!
09-03 11:35:44.010 V/WindowManager(  647): Looking for focus: 1 = Window{41b914a8 u0 KeyguardScrim} = null, flags=1116416, canReceive=false mViewVisibility=8 mHasSurface=false
09-03 11:35:44.010 V/WindowManager(  647): Looking for focus: 0 = Window{4191a5c0 u0 com.android.systemui.ImageWallpaper} = null, flags=792, canReceive=false mViewVisibility=0 mHasSurface=true
09-03 11:35:44.010 V/WindowManager(  647): findFocusedWindow: No focusable windows.
09-03 11:35:44.210 E/[GH_I2C_BUS]( 8987): GH end gh_dev_wait_irq 0
09-03 11:35:44.210 E/[GH_ROMAII_SENSOR_HOOK]( 8987): [gh30x_int_msg_handler] enter
09-03 11:35:44.210 E/[GH_ROMAII_SENSOR_HOOK]( 8987): [gh30x_int_msg_handler] gh30x_irq_status:2， type:INT_STATUS_FIFO_WATERMARK
09-03 11:35:44.210 E/[GH_ROMAII_SENSOR_HOOK]( 8987): [gh30x_int_msg_handler] gh30x_adt_working_flag:0
09-03 11:35:44.210 E/[GH_ROMAII_SENSOR_HOOK]( 8987): [gh30x_fifo_evt_handler] enter
09-03 11:35:44.210 E/[GH_ROMAII_SENSOR_HOOK]( 8987): got gh30x fifo evt, func[RUN_MODE_SPO2_DET]
09-03 11:35:44.210 E/[GH_I2C_BUS]( 8987): gh_dev_get_acc_buffer len 40 ret 0
09-03 11:35:44.210 E/[GH_ROMAII_SENSOR_HOOK]( 8987): gsensor_drv_get_fifo_data len 40 
09-03 11:35:44.210 E/[GH_ROMAII_SENSOR_HOOK]( 8987): [gh30x_fifo_evt_spo2_mode_calc] enter
09-03 11:35:44.230 E/[GH_ROMAII_SENSOR_HOOK]( 8987): [handle_spo2_mode_result] enter
09-03 11:35:44.230 E/[GH_ROMAII_SENSOR_HOOK]( 8987): GH_3011 spo2_result : 98 , lvl 57 , hb 54, lvl40 , wearing 1
09-03 11:35:44.240 E/[GH_I2C_BUS]( 8987): gh_dev_report_key 1, weared 1 ,ppg 54 ,spo2 98 ,ret 0
09-03 11:35:44.240 E/[GH_ROMAII_SENSOR_HOOK]( 8987): [handle_spo2_mode_result] exit
09-03 11:35:44.240 E/[GH_ROMAII_SENSOR_HOOK]( 8987): spo2 calc, gs_len=40, result=98,57,54,40,1180,0,0,0,40,1,5550,1
09-03 11:35:44.240 E/[GH_ROMAII_SENSOR_HOOK]( 8987): [gh30x_fifo_evt_spo2_mode_calc] wearing_state:1
09-03 11:35:44.240 E/[GH_ROMAII_SENSOR_HOOK]( 8987): [gh30x_fifo_evt_spo2_mode_calc] not unwear state
09-03 11:35:44.240 E/[GH_ROMAII_SENSOR_HOOK]( 8987): [gh30x_fifo_evt_spo2_mode_calc] exit
09-03 11:35:44.240 E/[GH_ROMAII_SENSOR_HOOK]( 8987): [gh30x_fifo_evt_handler] exit
09-03 11:35:44.240 E/[GH_ROMAII_SENSOR_HOOK]( 8987): [gh30x_int_msg_handler] exit
09-03 11:35:44.240 E/[GH_I2C_BUS]( 8987): start gh_dev_wait_irq
09-03 11:35:45.210 E/[GH_I2C_BUS]( 8987): GH end gh_dev_wait_irq 0
09-03 11:35:45.210 E/[GH_ROMAII_SENSOR_HOOK]( 8987): [gh30x_int_msg_handler] enter
09-03 11:35:45.210 E/[GH_ROMAII_SENSOR_HOOK]( 8987): [gh30x_int_msg_handler] gh30x_irq_status:2， type:INT_STATUS_FIFO_WATERMARK
09-03 11:35:45.210 E/[GH_ROMAII_SENSOR_HOOK]( 8987): [gh30x_int_msg_handler] gh30x_adt_working_flag:0
09-03 11:35:45.210 E/[GH_ROMAII_SENSOR_HOOK]( 8987): [gh30x_fifo_evt_handler] enter
09-03 11:35:45.210 E/[GH_ROMAII_SENSOR_HOOK]( 8987): got gh30x fifo evt, func[RUN_MODE_SPO2_DET]
09-03 11:35:45.210 E/[GH_I2C_BUS]( 8987): gh_dev_get_acc_buffer len 40 ret 0
09-03 11:35:45.210 E/[GH_ROMAII_SENSOR_HOOK]( 8987): gsensor_drv_get_fifo_data len 40 
09-03 11:35:45.210 E/[GH_ROMAII_SENSOR_HOOK]( 8987): [gh30x_fifo_evt_spo2_mode_calc] enter
09-03 11:35:45.230 E/[GH_ROMAII_SENSOR_HOOK]( 8987): [handle_spo2_mode_result] enter
09-03 11:35:45.230 E/[GH_ROMAII_SENSOR_HOOK]( 8987): GH_3011 spo2_result : 98 , lvl 57 , hb 54, lvl40 , wearing 1
09-03 11:35:45.240 E/[GH_I2C_BUS]( 8987): gh_dev_report_key 1, weared 1 ,ppg 54 ,spo2 98 ,ret 0
09-03 11:35:45.240 E/[GH_ROMAII_SENSOR_HOOK]( 8987): [handle_spo2_mode_result] exit
09-03 11:35:45.240 E/[GH_ROMAII_SENSOR_HOOK]( 8987): spo2 calc, gs_len=40, result=98,57,54,40,1290,506,506,0,80,3,5550,1
09-03 11:35:45.240 E/[GH_ROMAII_SENSOR_HOOK]( 8987): [gh30x_fifo_evt_spo2_mode_calc] wearing_state:1
09-03 11:35:45.240 E/[GH_ROMAII_SENSOR_HOOK]( 8987): [gh30x_fifo_evt_spo2_mode_calc] not unwear state
09-03 11:35:45.240 E/[GH_ROMAII_SENSOR_HOOK]( 8987): [gh30x_fifo_evt_spo2_mode_calc] exit
09-03 11:35:45.240 E/[GH_ROMAII_SENSOR_HOOK]( 8987): [gh30x_fifo_evt_handler] exit
09-03 11:35:45.240 E/[GH_ROMAII_SENSOR_HOOK]( 8987): [gh30x_int_msg_handler] exit
09-03 11:35:45.240 E/[GH_I2C_BUS]( 8987): start gh_dev_wait_irq
09-03 11:35:45.690 D/LIBGPS  (  647): watchdog_open PowerState:GE2 CP SLEEP readcount:800852
09-03 11:35:45.810 D/WCND    (  217): is_cp2_alive_ok: open polling interface: /proc/mdbg/loopcheck, fd = 17
09-03 11:35:45.910 D/WCND    (  217): is_cp2_alive_ok: loop: /proc/mdbg/loopcheck is OK
09-03 11:35:46.210 E/[GH_I2C_BUS]( 8987): GH end gh_dev_wait_irq 0
09-03 11:35:46.210 E/[GH_ROMAII_SENSOR_HOOK]( 8987): [gh30x_int_msg_handler] enter
09-03 11:35:46.210 E/[GH_ROMAII_SENSOR_HOOK]( 8987): [gh30x_int_msg_handler] gh30x_irq_status:2， type:INT_STATUS_FIFO_WATERMARK
09-03 11:35:46.210 E/[GH_ROMAII_SENSOR_HOOK]( 8987): [gh30x_int_msg_handler] gh30x_adt_working_flag:0
09-03 11:35:46.210 E/[GH_ROMAII_SENSOR_HOOK]( 8987): [gh30x_fifo_evt_handler] enter
09-03 11:35:46.210 E/[GH_ROMAII_SENSOR_HOOK]( 8987): got gh30x fifo evt, func[RUN_MODE_SPO2_DET]
09-03 11:35:46.210 E/[GH_I2C_BUS]( 8987): gh_dev_get_acc_buffer len 39 ret 0
09-03 11:35:46.210 E/[GH_ROMAII_SENSOR_HOOK]( 8987): gsensor_drv_get_fifo_data len 39 
09-03 11:35:46.220 E/[GH_ROMAII_SENSOR_HOOK]( 8987): [gh30x_fifo_evt_spo2_mode_calc] enter
09-03 11:35:46.240 E/[GH_ROMAII_SENSOR_HOOK]( 8987): [handle_spo2_mode_result] enter
09-03 11:35:46.240 E/[GH_ROMAII_SENSOR_HOOK]( 8987): GH_3011 spo2_result : 98 , lvl 58 , hb 53, lvl47 , wearing 1
09-03 11:35:46.260 E/[GH_I2C_BUS]( 8987): gh_dev_report_key 1, weared 1 ,ppg 53 ,spo2 98 ,ret 0
09-03 11:35:46.260 E/[GH_ROMAII_SENSOR_HOOK]( 8987): [handle_spo2_mode_result] exit
09-03 11:35:46.260 E/[GH_ROMAII_SENSOR_HOOK]( 8987): spo2 calc, gs_len=39, result=98,58,53,47,506,650,0,0,40,2,5550,1
09-03 11:35:46.260 E/[GH_ROMAII_SENSOR_HOOK]( 8987): [gh30x_fifo_evt_spo2_mode_calc] wearing_state:1
09-03 11:35:46.260 E/[GH_ROMAII_SENSOR_HOOK]( 8987): [gh30x_fifo_evt_spo2_mode_calc] not unwear state
09-03 11:35:46.260 E/[GH_ROMAII_SENSOR_HOOK]( 8987): [gh30x_fifo_evt_spo2_mode_calc] exit
09-03 11:35:46.260 E/[GH_ROMAII_SENSOR_HOOK]( 8987): [gh30x_fifo_evt_handler] exit
09-03 11:35:46.260 E/[GH_ROMAII_SENSOR_HOOK]( 8987): [gh30x_int_msg_handler] exit
09-03 11:35:46.260 E/[GH_I2C_BUS]( 8987): start gh_dev_wait_irq
09-03 11:35:47.020 W/WindowManager(  647): Focused window stay null too long, have a update!
09-03 11:35:47.020 V/WindowManager(  647): Looking for focus: 1 = Window{41b914a8 u0 KeyguardScrim} = null, flags=1116416, canReceive=false mViewVisibility=8 mHasSurface=false
09-03 11:35:47.020 V/WindowManager(  647): Looking for focus: 0 = Window{4191a5c0 u0 com.android.systemui.ImageWallpaper} = null, flags=792, canReceive=false mViewVisibility=0 mHasSurface=true
09-03 11:35:47.020 V/WindowManager(  647): findFocusedWindow: No focusable windows.
09-03 11:35:47.220 E/[GH_I2C_BUS]( 8987): GH end gh_dev_wait_irq 0
09-03 11:35:47.220 E/[GH_ROMAII_SENSOR_HOOK]( 8987): [gh30x_int_msg_handler] enter
09-03 11:35:47.220 E/[GH_ROMAII_SENSOR_HOOK]( 8987): [gh30x_int_msg_handler] gh30x_irq_status:2， type:INT_STATUS_FIFO_WATERMARK
09-03 11:35:47.220 E/[GH_ROMAII_SENSOR_HOOK]( 8987): [gh30x_int_msg_handler] gh30x_adt_working_flag:0
09-03 11:35:47.220 E/[GH_ROMAII_SENSOR_HOOK]( 8987): [gh30x_fifo_evt_handler] enter
09-03 11:35:47.220 E/[GH_ROMAII_SENSOR_HOOK]( 8987): got gh30x fifo evt, func[RUN_MODE_SPO2_DET]
09-03 11:35:47.220 E/[GH_I2C_BUS]( 8987): gh_dev_get_acc_buffer len 40 ret 0
09-03 11:35:47.220 E/[GH_ROMAII_SENSOR_HOOK]( 8987): gsensor_drv_get_fifo_data len 40 
09-03 11:35:47.220 E/[GH_ROMAII_SENSOR_HOOK]( 8987): [gh30x_fifo_evt_spo2_mode_calc] enter
09-03 11:35:47.240 E/[GH_ROMAII_SENSOR_HOOK]( 8987): [handle_spo2_mode_result] enter
09-03 11:35:47.240 E/[GH_ROMAII_SENSOR_HOOK]( 8987): GH_3011 spo2_result : 98 , lvl 55 , hb 53, lvl47 , wearing 1
09-03 11:35:47.250 E/[GH_I2C_BUS]( 8987): gh_dev_report_key 1, weared 1 ,ppg 53 ,spo2 98 ,ret 0
09-03 11:35:47.250 E/[GH_ROMAII_SENSOR_HOOK]( 8987): [handle_spo2_mode_result] exit
09-03 11:35:47.250 E/[GH_ROMAII_SENSOR_HOOK]( 8987): spo2 calc, gs_len=40, result=98,55,53,47,506,506,506,0,40,3,5550,1
09-03 11:35:47.250 E/[GH_ROMAII_SENSOR_HOOK]( 8987): [gh30x_fifo_evt_spo2_mode_calc] wearing_state:1
09-03 11:35:47.250 E/[GH_ROMAII_SENSOR_HOOK]( 8987): [gh30x_fifo_evt_spo2_mode_calc] not unwear state
09-03 11:35:47.250 E/[GH_ROMAII_SENSOR_HOOK]( 8987): [gh30x_fifo_evt_spo2_mode_calc] exit
09-03 11:35:47.250 E/[GH_ROMAII_SENSOR_HOOK]( 8987): [gh30x_fifo_evt_handler] exit
09-03 11:35:47.250 E/[GH_ROMAII_SENSOR_HOOK]( 8987): [gh30x_int_msg_handler] exit
09-03 11:35:47.250 E/[GH_I2C_BUS]( 8987): start gh_dev_wait_irq
09-03 11:35:47.400 V/Watchdog(  647): **** -1-Watchdog SCHEDULE CHECK HANDLER! ****
09-03 11:35:47.400 V/Watchdog(  647): **** -0- POST CHECHER! foreground thread ****
09-03 11:35:47.400 V/Watchdog(  647): **** -0- NO MONITOR & ISIDLING (main thread) ****
09-03 11:35:47.400 V/Watchdog(  647): **** -0- NO MONITOR & ISIDLING (ui thread) ****
09-03 11:35:47.400 V/Watchdog(  647): **** -1- CHECK MONITORS BEGIN (foreground thread)! ****
09-03 11:35:47.400 V/Watchdog(  647): **** -0- NO MONITOR & ISIDLING (i/o thread) ****
09-03 11:35:47.400 V/Watchdog(  647): **** -0- NO MONITOR & ISIDLING (ActivityManager) ****
09-03 11:35:47.400 V/Watchdog(  647): **** -0- NO MONITOR & ISIDLING (PackageManager) ****
09-03 11:35:47.400 V/Watchdog(  647): **** -0- NO MONITOR & ISIDLING (PowerManagerService) ****
09-03 11:35:47.400 V/Watchdog(  647): **** -0- NO MONITOR & ISIDLING (WindowManager thread) ****
09-03 11:35:47.400 V/Watchdog(  647): **** -2- CHECK MONITORS FINISHED (foreground thread)! ****
09-03 11:35:47.400 V/Watchdog(  647): **** -3- SYNC Watchdog.THIS FINISHED (foreground thread)! ****
09-03 11:35:47.660 E/LIBGPS  (  647): read socet_client error: Try again
09-03 11:35:47.690 D/LIBGPS  (  647): watchdog_open PowerState:GE2 CP SLEEP readcount:800852
09-03 11:35:48.230 E/[GH_I2C_BUS]( 8987): GH end gh_dev_wait_irq 0
09-03 11:35:48.230 E/[GH_ROMAII_SENSOR_HOOK]( 8987): [gh30x_int_msg_handler] enter
09-03 11:35:48.230 E/[GH_ROMAII_SENSOR_HOOK]( 8987): [gh30x_int_msg_handler] gh30x_irq_status:2， type:INT_STATUS_FIFO_WATERMARK
09-03 11:35:48.230 E/[GH_ROMAII_SENSOR_HOOK]( 8987): [gh30x_int_msg_handler] gh30x_adt_working_flag:0
09-03 11:35:48.230 E/[GH_ROMAII_SENSOR_HOOK]( 8987): [gh30x_fifo_evt_handler] enter
09-03 11:35:48.230 E/[GH_ROMAII_SENSOR_HOOK]( 8987): got gh30x fifo evt, func[RUN_MODE_SPO2_DET]
09-03 11:35:48.230 E/[GH_I2C_BUS]( 8987): gh_dev_get_acc_buffer len 40 ret 0
09-03 11:35:48.230 E/[GH_ROMAII_SENSOR_HOOK]( 8987): gsensor_drv_get_fifo_data len 40 
09-03 11:35:48.230 E/[GH_ROMAII_SENSOR_HOOK]( 8987): [gh30x_fifo_evt_spo2_mode_calc] enter
09-03 11:35:48.250 E/[GH_ROMAII_SENSOR_HOOK]( 8987): [handle_spo2_mode_result] enter
09-03 11:35:48.250 E/[GH_ROMAII_SENSOR_HOOK]( 8987): GH_3011 spo2_result : 98 , lvl 57 , hb 53, lvl47 , wearing 1
09-03 11:35:48.260 E/[GH_I2C_BUS]( 8987): gh_dev_report_key 1, weared 1 ,ppg 53 ,spo2 98 ,ret 0
09-03 11:35:48.260 E/[GH_ROMAII_SENSOR_HOOK]( 8987): [handle_spo2_mode_result] exit
09-03 11:35:48.260 E/[GH_ROMAII_SENSOR_HOOK]( 8987): spo2 calc, gs_len=40, result=98,57,53,47,506,506,0,0,40,2,5550,1
09-03 11:35:48.260 E/[GH_ROMAII_SENSOR_HOOK]( 8987): [gh30x_fifo_evt_spo2_mode_calc] wearing_state:1
09-03 11:35:48.260 E/[GH_ROMAII_SENSOR_HOOK]( 8987): [gh30x_fifo_evt_spo2_mode_calc] not unwear state
09-03 11:35:48.260 E/[GH_ROMAII_SENSOR_HOOK]( 8987): [gh30x_fifo_evt_spo2_mode_calc] exit
09-03 11:35:48.260 E/[GH_ROMAII_SENSOR_HOOK]( 8987): [gh30x_fifo_evt_handler] exit
09-03 11:35:48.260 E/[GH_ROMAII_SENSOR_HOOK]( 8987): [gh30x_int_msg_handler] exit
09-03 11:35:48.260 E/[GH_I2C_BUS]( 8987): start gh_dev_wait_irq
09-03 11:35:49.230 E/[GH_I2C_BUS]( 8987): GH end gh_dev_wait_irq 0
09-03 11:35:49.230 E/[GH_ROMAII_SENSOR_HOOK]( 8987): [gh30x_int_msg_handler] enter
09-03 11:35:49.230 E/[GH_ROMAII_SENSOR_HOOK]( 8987): [gh30x_int_msg_handler] gh30x_irq_status:2， type:INT_STATUS_FIFO_WATERMARK
09-03 11:35:49.230 E/[GH_ROMAII_SENSOR_HOOK]( 8987): [gh30x_int_msg_handler] gh30x_adt_working_flag:0
09-03 11:35:49.230 E/[GH_ROMAII_SENSOR_HOOK]( 8987): [gh30x_fifo_evt_handler] enter
09-03 11:35:49.230 E/[GH_ROMAII_SENSOR_HOOK]( 8987): got gh30x fifo evt, func[RUN_MODE_SPO2_DET]
09-03 11:35:49.230 E/[GH_I2C_BUS]( 8987): gh_dev_get_acc_buffer len 39 ret 0
09-03 11:35:49.230 E/[GH_ROMAII_SENSOR_HOOK]( 8987): gsensor_drv_get_fifo_data len 39 
09-03 11:35:49.230 E/[GH_ROMAII_SENSOR_HOOK]( 8987): [gh30x_fifo_evt_spo2_mode_calc] enter
09-03 11:35:49.250 E/[GH_ROMAII_SENSOR_HOOK]( 8987): [handle_spo2_mode_result] enter
09-03 11:35:49.250 E/[GH_ROMAII_SENSOR_HOOK]( 8987): GH_3011 spo2_result : 98 , lvl 57 , hb 53, lvl47 , wearing 1
09-03 11:35:49.270 E/[GH_I2C_BUS]( 8987): gh_dev_report_key 1, weared 1 ,ppg 53 ,spo2 98 ,ret 0
09-03 11:35:49.270 E/[GH_ROMAII_SENSOR_HOOK]( 8987): [handle_spo2_mode_result] exit
09-03 11:35:49.270 E/[GH_ROMAII_SENSOR_HOOK]( 8987): spo2 calc, gs_len=39, result=98,57,53,47,1290,0,0,0,40,1,5550,1
09-03 11:35:49.270 E/[GH_ROMAII_SENSOR_HOOK]( 8987): [gh30x_fifo_evt_spo2_mode_calc] wearing_state:1
09-03 11:35:49.270 E/[GH_ROMAII_SENSOR_HOOK]( 8987): [gh30x_fifo_evt_spo2_mode_calc] not unwear state
09-03 11:35:49.270 E/[GH_ROMAII_SENSOR_HOOK]( 8987): [gh30x_fifo_evt_spo2_mode_calc] exit
09-03 11:35:49.270 E/[GH_ROMAII_SENSOR_HOOK]( 8987): [gh30x_fifo_evt_handler] exit
09-03 11:35:49.270 E/[GH_ROMAII_SENSOR_HOOK]( 8987): [gh30x_int_msg_handler] exit
09-03 11:35:49.270 E/[GH_I2C_BUS]( 8987): start gh_dev_wait_irq
09-03 11:35:49.690 D/LIBGPS  (  647): watchdog_open PowerState:GE2 CP SLEEP readcount:800852
09-03 11:35:50.030 W/WindowManager(  647): Focused window stay null too long, have a update!
09-03 11:35:50.030 V/WindowManager(  647): Looking for focus: 1 = Window{41b914a8 u0 KeyguardScrim} = null, flags=1116416, canReceive=false mViewVisibility=8 mHasSurface=false
09-03 11:35:50.030 V/WindowManager(  647): Looking for focus: 0 = Window{4191a5c0 u0 com.android.systemui.ImageWallpaper} = null, flags=792, canReceive=false mViewVisibility=0 mHasSurface=true
09-03 11:35:50.030 V/WindowManager(  647): findFocusedWindow: No focusable windows.
09-03 11:35:50.230 E/[GH_I2C_BUS]( 8987): GH end gh_dev_wait_irq 0
09-03 11:35:50.230 E/[GH_ROMAII_SENSOR_HOOK]( 8987): [gh30x_int_msg_handler] enter
09-03 11:35:50.230 E/[GH_ROMAII_SENSOR_HOOK]( 8987): [gh30x_int_msg_handler] gh30x_irq_status:2， type:INT_STATUS_FIFO_WATERMARK
09-03 11:35:50.230 E/[GH_ROMAII_SENSOR_HOOK]( 8987): [gh30x_int_msg_handler] gh30x_adt_working_flag:0
09-03 11:35:50.230 E/[GH_ROMAII_SENSOR_HOOK]( 8987): [gh30x_fifo_evt_handler] enter
09-03 11:35:50.230 E/[GH_ROMAII_SENSOR_HOOK]( 8987): got gh30x fifo evt, func[RUN_MODE_SPO2_DET]
09-03 11:35:50.230 E/[GH_I2C_BUS]( 8987): gh_dev_get_acc_buffer len 40 ret 0
09-03 11:35:50.230 E/[GH_ROMAII_SENSOR_HOOK]( 8987): gsensor_drv_get_fifo_data len 40 
09-03 11:35:50.230 E/[GH_ROMAII_SENSOR_HOOK]( 8987): [gh30x_fifo_evt_spo2_mode_calc] enter
09-03 11:35:50.250 E/[GH_ROMAII_SENSOR_HOOK]( 8987): [handle_spo2_mode_result] enter
09-03 11:35:50.250 E/[GH_ROMAII_SENSOR_HOOK]( 8987): GH_3011 spo2_result : 98 , lvl 61 , hb 53, lvl48 , wearing 1
09-03 11:35:50.260 E/[GH_I2C_BUS]( 8987): gh_dev_report_key 1, weared 1 ,ppg 53 ,spo2 98 ,ret 0
09-03 11:35:50.260 E/[GH_ROMAII_SENSOR_HOOK]( 8987): [handle_spo2_mode_result] exit
09-03 11:35:50.260 E/[GH_ROMAII_SENSOR_HOOK]( 8987): spo2 calc, gs_len=40, result=98,61,53,48,507,0,0,0,40,1,5550,1
09-03 11:35:50.260 E/[GH_ROMAII_SENSOR_HOOK]( 8987): [gh30x_fifo_evt_spo2_mode_calc] wearing_state:1
09-03 11:35:50.260 E/[GH_ROMAII_SENSOR_HOOK]( 8987): [gh30x_fifo_evt_spo2_mode_calc] not unwear state
09-03 11:35:50.260 E/[GH_ROMAII_SENSOR_HOOK]( 8987): [gh30x_fifo_evt_spo2_mode_calc] exit
09-03 11:35:50.260 E/[GH_ROMAII_SENSOR_HOOK]( 8987): [gh30x_fifo_evt_handler] exit
09-03 11:35:50.260 E/[GH_ROMAII_SENSOR_HOOK]( 8987): [gh30x_int_msg_handler] exit
09-03 11:35:50.260 E/[GH_I2C_BUS]( 8987): start gh_dev_wait_irq
09-03 11:35:50.910 D/WCND    (  217): is_cp2_alive_ok: open polling interface: /proc/mdbg/loopcheck, fd = 17
09-03 11:35:51.010 D/WCND    (  217): is_cp2_alive_ok: loop: /proc/mdbg/loopcheck is OK
09-03 11:35:51.230 E/[GH_I2C_BUS]( 8987): GH end gh_dev_wait_irq 0
09-03 11:35:51.230 E/[GH_ROMAII_SENSOR_HOOK]( 8987): [gh30x_int_msg_handler] enter
09-03 11:35:51.230 E/[GH_ROMAII_SENSOR_HOOK]( 8987): [gh30x_int_msg_handler] gh30x_irq_status:2， type:INT_STATUS_FIFO_WATERMARK
09-03 11:35:51.230 E/[GH_ROMAII_SENSOR_HOOK]( 8987): [gh30x_int_msg_handler] gh30x_adt_working_flag:0
09-03 11:35:51.230 E/[GH_ROMAII_SENSOR_HOOK]( 8987): [gh30x_fifo_evt_handler] enter
09-03 11:35:51.230 E/[GH_ROMAII_SENSOR_HOOK]( 8987): got gh30x fifo evt, func[RUN_MODE_SPO2_DET]
09-03 11:35:51.230 E/[GH_I2C_BUS]( 8987): gh_dev_get_acc_buffer len 40 ret 0
09-03 11:35:51.230 E/[GH_ROMAII_SENSOR_HOOK]( 8987): gsensor_drv_get_fifo_data len 40 
09-03 11:35:51.230 E/[GH_ROMAII_SENSOR_HOOK]( 8987): [gh30x_fifo_evt_spo2_mode_calc] enter
09-03 11:35:51.260 E/[GH_ROMAII_SENSOR_HOOK]( 8987): [handle_spo2_mode_result] enter
09-03 11:35:51.260 E/[GH_ROMAII_SENSOR_HOOK]( 8987): GH_3011 spo2_result : 98 , lvl 63 , hb 53, lvl49 , wearing 1
09-03 11:35:51.260 E/[GH_I2C_BUS]( 8987): gh_dev_report_key 1, weared 1 ,ppg 53 ,spo2 98 ,ret 0
09-03 11:35:51.260 E/[GH_ROMAII_SENSOR_HOOK]( 8987): [handle_spo2_mode_result] exit
09-03 11:35:51.270 E/[GH_ROMAII_SENSOR_HOOK]( 8987): spo2 calc, gs_len=40, result=98,63,53,49,650,0,0,0,40,1,5550,1
09-03 11:35:51.270 E/[GH_ROMAII_SENSOR_HOOK]( 8987): [gh30x_fifo_evt_spo2_mode_calc] wearing_state:1
09-03 11:35:51.270 E/[GH_ROMAII_SENSOR_HOOK]( 8987): [gh30x_fifo_evt_spo2_mode_calc] not unwear state
09-03 11:35:51.270 E/[GH_ROMAII_SENSOR_HOOK]( 8987): [gh30x_fifo_evt_spo2_mode_calc] exit
09-03 11:35:51.270 E/[GH_ROMAII_SENSOR_HOOK]( 8987): [gh30x_fifo_evt_handler] exit
09-03 11:35:51.270 E/[GH_ROMAII_SENSOR_HOOK]( 8987): [gh30x_int_msg_handler] exit
09-03 11:35:51.270 E/[GH_I2C_BUS]( 8987): start gh_dev_wait_irq
09-03 11:35:51.690 D/LIBGPS  (  647): watchdog_open PowerState:GE2 CP SLEEP readcount:800852
09-03 11:35:52.240 E/[GH_I2C_BUS]( 8987): GH end gh_dev_wait_irq 0
09-03 11:35:52.240 E/[GH_ROMAII_SENSOR_HOOK]( 8987): [gh30x_int_msg_handler] enter
09-03 11:35:52.240 E/[GH_ROMAII_SENSOR_HOOK]( 8987): [gh30x_int_msg_handler] gh30x_irq_status:2， type:INT_STATUS_FIFO_WATERMARK
09-03 11:35:52.240 E/[GH_ROMAII_SENSOR_HOOK]( 8987): [gh30x_int_msg_handler] gh30x_adt_working_flag:0
09-03 11:35:52.240 E/[GH_ROMAII_SENSOR_HOOK]( 8987): [gh30x_fifo_evt_handler] enter
09-03 11:35:52.240 E/[GH_ROMAII_SENSOR_HOOK]( 8987): got gh30x fifo evt, func[RUN_MODE_SPO2_DET]
09-03 11:35:52.240 E/[GH_I2C_BUS]( 8987): gh_dev_get_acc_buffer len 39 ret 0
09-03 11:35:52.240 E/[GH_ROMAII_SENSOR_HOOK]( 8987): gsensor_drv_get_fifo_data len 39 
09-03 11:35:52.240 E/[GH_ROMAII_SENSOR_HOOK]( 8987): [gh30x_fifo_evt_spo2_mode_calc] enter
09-03 11:35:52.260 E/[GH_ROMAII_SENSOR_HOOK]( 8987): [handle_spo2_mode_result] enter
09-03 11:35:52.260 E/[GH_ROMAII_SENSOR_HOOK]( 8987): GH_3011 spo2_result : 98 , lvl 63 , hb 53, lvl50 , wearing 1
09-03 11:35:52.280 E/[GH_I2C_BUS]( 8987): gh_dev_report_key 1, weared 1 ,ppg 53 ,spo2 98 ,ret 0
09-03 11:35:52.280 E/[GH_ROMAII_SENSOR_HOOK]( 8987): [handle_spo2_mode_result] exit
09-03 11:35:52.280 E/[GH_ROMAII_SENSOR_HOOK]( 8987): spo2 calc, gs_len=39, result=98,63,53,50,1030,0,0,0,40,1,5550,1
09-03 11:35:52.280 E/[GH_ROMAII_SENSOR_HOOK]( 8987): [gh30x_fifo_evt_spo2_mode_calc] wearing_state:1
09-03 11:35:52.280 E/[GH_ROMAII_SENSOR_HOOK]( 8987): [gh30x_fifo_evt_spo2_mode_calc] not unwear state
09-03 11:35:52.280 E/[GH_ROMAII_SENSOR_HOOK]( 8987): [gh30x_fifo_evt_spo2_mode_calc] exit
09-03 11:35:52.280 E/[GH_ROMAII_SENSOR_HOOK]( 8987): [gh30x_fifo_evt_handler] exit
09-03 11:35:52.280 E/[GH_ROMAII_SENSOR_HOOK]( 8987): [gh30x_int_msg_handler] exit
09-03 11:35:52.280 E/[GH_I2C_BUS]( 8987): start gh_dev_wait_irq
09-03 11:35:52.660 E/LIBGPS  (  647): read socet_client error: Try again
09-03 11:35:53.030 W/WindowManager(  647): Focused window stay null too long, have a update!
09-03 11:35:53.030 V/WindowManager(  647): Looking for focus: 1 = Window{41b914a8 u0 KeyguardScrim} = null, flags=1116416, canReceive=false mViewVisibility=8 mHasSurface=false
09-03 11:35:53.030 V/WindowManager(  647): Looking for focus: 0 = Window{4191a5c0 u0 com.android.systemui.ImageWallpaper} = null, flags=792, canReceive=false mViewVisibility=0 mHasSurface=true
09-03 11:35:53.030 V/WindowManager(  647): findFocusedWindow: No focusable windows.
09-03 11:35:53.250 E/[GH_I2C_BUS]( 8987): GH end gh_dev_wait_irq 0
09-03 11:35:53.250 E/[GH_ROMAII_SENSOR_HOOK]( 8987): [gh30x_int_msg_handler] enter
09-03 11:35:53.250 E/[GH_ROMAII_SENSOR_HOOK]( 8987): [gh30x_int_msg_handler] gh30x_irq_status:2， type:INT_STATUS_FIFO_WATERMARK
09-03 11:35:53.250 E/[GH_ROMAII_SENSOR_HOOK]( 8987): [gh30x_int_msg_handler] gh30x_adt_working_flag:0
09-03 11:35:53.250 E/[GH_ROMAII_SENSOR_HOOK]( 8987): [gh30x_fifo_evt_handler] enter
09-03 11:35:53.250 E/[GH_ROMAII_SENSOR_HOOK]( 8987): got gh30x fifo evt, func[RUN_MODE_SPO2_DET]
09-03 11:35:53.250 E/[GH_I2C_BUS]( 8987): gh_dev_get_acc_buffer len 40 ret 0
09-03 11:35:53.250 E/[GH_ROMAII_SENSOR_HOOK]( 8987): gsensor_drv_get_fifo_data len 40 
09-03 11:35:53.250 E/[GH_ROMAII_SENSOR_HOOK]( 8987): [gh30x_fifo_evt_spo2_mode_calc] enter
09-03 11:35:53.260 E/[GH_ROMAII_SENSOR_HOOK]( 8987): [handle_spo2_mode_result] enter
09-03 11:35:53.260 E/[GH_ROMAII_SENSOR_HOOK]( 8987): GH_3011 spo2_result : 98 , lvl 57 , hb 53, lvl50 , wearing 1
09-03 11:35:53.270 E/[GH_I2C_BUS]( 8987): gh_dev_report_key 1, weared 1 ,ppg 53 ,spo2 98 ,ret 0
09-03 11:35:53.270 E/[GH_ROMAII_SENSOR_HOOK]( 8987): [handle_spo2_mode_result] exit
09-03 11:35:53.270 E/[GH_ROMAII_SENSOR_HOOK]( 8987): spo2 calc, gs_len=40, result=98,57,53,50,1150,0,0,0,100,1,5550,1
09-03 11:35:53.270 E/[GH_ROMAII_SENSOR_HOOK]( 8987): [gh30x_fifo_evt_spo2_mode_calc] wearing_state:1
09-03 11:35:53.270 E/[GH_ROMAII_SENSOR_HOOK]( 8987): [gh30x_fifo_evt_spo2_mode_calc] not unwear state
09-03 11:35:53.270 E/[GH_ROMAII_SENSOR_HOOK]( 8987): [gh30x_fifo_evt_spo2_mode_calc] exit
09-03 11:35:53.270 E/[GH_ROMAII_SENSOR_HOOK]( 8987): [gh30x_fifo_evt_handler] exit
09-03 11:35:53.270 E/[GH_ROMAII_SENSOR_HOOK]( 8987): [gh30x_int_msg_handler] exit
09-03 11:35:53.270 E/[GH_I2C_BUS]( 8987): start gh_dev_wait_irq
09-03 11:35:53.690 D/LIBGPS  (  647): watchdog_open PowerState:GE2 CP SLEEP readcount:800852
09-03 11:35:54.250 E/[GH_I2C_BUS]( 8987): GH end gh_dev_wait_irq 0
09-03 11:35:54.250 E/[GH_ROMAII_SENSOR_HOOK]( 8987): [gh30x_int_msg_handler] enter
09-03 11:35:54.250 E/[GH_ROMAII_SENSOR_HOOK]( 8987): [gh30x_int_msg_handler] gh30x_irq_status:2， type:INT_STATUS_FIFO_WATERMARK
09-03 11:35:54.250 E/[GH_ROMAII_SENSOR_HOOK]( 8987): [gh30x_int_msg_handler] gh30x_adt_working_flag:0
09-03 11:35:54.250 E/[GH_ROMAII_SENSOR_HOOK]( 8987): [gh30x_fifo_evt_handler] enter
09-03 11:35:54.250 E/[GH_ROMAII_SENSOR_HOOK]( 8987): got gh30x fifo evt, func[RUN_MODE_SPO2_DET]
09-03 11:35:54.250 E/[GH_I2C_BUS]( 8987): gh_dev_get_acc_buffer len 40 ret 0
09-03 11:35:54.250 E/[GH_ROMAII_SENSOR_HOOK]( 8987): gsensor_drv_get_fifo_data len 40 
09-03 11:35:54.250 E/[GH_ROMAII_SENSOR_HOOK]( 8987): [gh30x_fifo_evt_spo2_mode_calc] enter
09-03 11:35:54.270 E/[GH_ROMAII_SENSOR_HOOK]( 8987): [handle_spo2_mode_result] enter
09-03 11:35:54.270 E/[GH_ROMAII_SENSOR_HOOK]( 8987): GH_3011 spo2_result : 98 , lvl 57 , hb 53, lvl50 , wearing 1
09-03 11:35:54.280 E/[GH_I2C_BUS]( 8987): gh_dev_report_key 1, weared 1 ,ppg 53 ,spo2 98 ,ret 0
09-03 11:35:54.280 E/[GH_ROMAII_SENSOR_HOOK]( 8987): [handle_spo2_mode_result] exit
09-03 11:35:54.280 E/[GH_ROMAII_SENSOR_HOOK]( 8987): spo2 calc, gs_len=40, result=98,57,53,50,980,510,0,0,80,2,5550,1
09-03 11:35:54.280 E/[GH_ROMAII_SENSOR_HOOK]( 8987): [gh30x_fifo_evt_spo2_mode_calc] wearing_state:1
09-03 11:35:54.280 E/[GH_ROMAII_SENSOR_HOOK]( 8987): [gh30x_fifo_evt_spo2_mode_calc] not unwear state
09-03 11:35:54.280 E/[GH_ROMAII_SENSOR_HOOK]( 8987): [gh30x_fifo_evt_spo2_mode_calc] exit
09-03 11:35:54.280 E/[GH_ROMAII_SENSOR_HOOK]( 8987): [gh30x_fifo_evt_handler] exit
09-03 11:35:54.280 E/[GH_ROMAII_SENSOR_HOOK]( 8987): [gh30x_int_msg_handler] exit
09-03 11:35:54.280 E/[GH_I2C_BUS]( 8987): start gh_dev_wait_irq
09-03 11:35:55.250 E/[GH_I2C_BUS]( 8987): GH end gh_dev_wait_irq 0
09-03 11:35:55.250 E/[GH_ROMAII_SENSOR_HOOK]( 8987): [gh30x_int_msg_handler] enter
09-03 11:35:55.250 E/[GH_ROMAII_SENSOR_HOOK]( 8987): [gh30x_int_msg_handler] gh30x_irq_status:2， type:INT_STATUS_FIFO_WATERMARK
09-03 11:35:55.250 E/[GH_ROMAII_SENSOR_HOOK]( 8987): [gh30x_int_msg_handler] gh30x_adt_working_flag:0
09-03 11:35:55.250 E/[GH_ROMAII_SENSOR_HOOK]( 8987): [gh30x_fifo_evt_handler] enter
09-03 11:35:55.250 E/[GH_ROMAII_SENSOR_HOOK]( 8987): got gh30x fifo evt, func[RUN_MODE_SPO2_DET]
09-03 11:35:55.250 E/[GH_I2C_BUS]( 8987): gh_dev_get_acc_buffer len 39 ret 0
09-03 11:35:55.250 E/[GH_ROMAII_SENSOR_HOOK]( 8987): gsensor_drv_get_fifo_data len 39 
09-03 11:35:55.250 E/[GH_ROMAII_SENSOR_HOOK]( 8987): [gh30x_fifo_evt_spo2_mode_calc] enter
09-03 11:35:55.270 E/[GH_ROMAII_SENSOR_HOOK]( 8987): [handle_spo2_mode_result] enter
09-03 11:35:55.270 E/[GH_ROMAII_SENSOR_HOOK]( 8987): GH_3011 spo2_result : 98 , lvl 58 , hb 53, lvl50 , wearing 1
09-03 11:35:55.290 E/[GH_I2C_BUS]( 8987): gh_dev_report_key 1, weared 1 ,ppg 53 ,spo2 98 ,ret 0
09-03 11:35:55.290 E/[GH_ROMAII_SENSOR_HOOK]( 8987): [handle_spo2_mode_result] exit
09-03 11:35:55.290 E/[GH_ROMAII_SENSOR_HOOK]( 8987): spo2 calc, gs_len=39, result=98,58,53,50,810,0,0,0,40,1,5550,1
09-03 11:35:55.290 E/[GH_ROMAII_SENSOR_HOOK]( 8987): [gh30x_fifo_evt_spo2_mode_calc] wearing_state:1
09-03 11:35:55.290 E/[GH_ROMAII_SENSOR_HOOK]( 8987): [gh30x_fifo_evt_spo2_mode_calc] not unwear state
09-03 11:35:55.290 E/[GH_ROMAII_SENSOR_HOOK]( 8987): [gh30x_fifo_evt_spo2_mode_calc] exit
09-03 11:35:55.290 E/[GH_ROMAII_SENSOR_HOOK]( 8987): [gh30x_fifo_evt_handler] exit
09-03 11:35:55.290 E/[GH_ROMAII_SENSOR_HOOK]( 8987): [gh30x_int_msg_handler] exit
09-03 11:35:55.290 E/[GH_I2C_BUS]( 8987): start gh_dev_wait_irq
09-03 11:35:55.690 D/LIBGPS  (  647): watchdog_open PowerState:GE2 CP SLEEP readcount:800852
09-03 11:35:56.020 D/WCND    (  217): is_cp2_alive_ok: open polling interface: /proc/mdbg/loopcheck, fd = 17
09-03 11:35:56.030 W/WindowManager(  647): Focused window stay null too long, have a update!
09-03 11:35:56.030 V/WindowManager(  647): Looking for focus: 1 = Window{41b914a8 u0 KeyguardScrim} = null, flags=1116416, canReceive=false mViewVisibility=8 mHasSurface=false
09-03 11:35:56.030 V/WindowManager(  647): Looking for focus: 0 = Window{4191a5c0 u0 com.android.systemui.ImageWallpaper} = null, flags=792, canReceive=false mViewVisibility=0 mHasSurface=true
09-03 11:35:56.030 V/WindowManager(  647): findFocusedWindow: No focusable windows.
09-03 11:35:56.120 D/WCND    (  217): is_cp2_alive_ok: loop: /proc/mdbg/loopcheck is OK
09-03 11:35:56.250 E/[GH_I2C_BUS]( 8987): GH end gh_dev_wait_irq 0
09-03 11:35:56.250 E/[GH_ROMAII_SENSOR_HOOK]( 8987): [gh30x_int_msg_handler] enter
09-03 11:35:56.250 E/[GH_ROMAII_SENSOR_HOOK]( 8987): [gh30x_int_msg_handler] gh30x_irq_status:2， type:INT_STATUS_FIFO_WATERMARK
09-03 11:35:56.250 E/[GH_ROMAII_SENSOR_HOOK]( 8987): [gh30x_int_msg_handler] gh30x_adt_working_flag:0
09-03 11:35:56.250 E/[GH_ROMAII_SENSOR_HOOK]( 8987): [gh30x_fifo_evt_handler] enter
09-03 11:35:56.250 E/[GH_ROMAII_SENSOR_HOOK]( 8987): got gh30x fifo evt, func[RUN_MODE_SPO2_DET]
09-03 11:35:56.250 E/[GH_I2C_BUS]( 8987): gh_dev_get_acc_buffer len 40 ret 0
09-03 11:35:56.250 E/[GH_ROMAII_SENSOR_HOOK]( 8987): gsensor_drv_get_fifo_data len 40 
09-03 11:35:56.250 E/[GH_ROMAII_SENSOR_HOOK]( 8987): [gh30x_fifo_evt_spo2_mode_calc] enter
09-03 11:35:56.270 E/[GH_ROMAII_SENSOR_HOOK]( 8987): [handle_spo2_mode_result] enter
09-03 11:35:56.270 E/[GH_ROMAII_SENSOR_HOOK]( 8987): GH_3011 spo2_result : 98 , lvl 58 , hb 53, lvl50 , wearing 1
09-03 11:35:56.290 E/[GH_I2C_BUS]( 8987): gh_dev_report_key 1, weared 1 ,ppg 53 ,spo2 98 ,ret 0
09-03 11:35:56.290 E/[GH_ROMAII_SENSOR_HOOK]( 8987): [handle_spo2_mode_result] exit
09-03 11:35:56.290 E/[GH_ROMAII_SENSOR_HOOK]( 8987): spo2 calc, gs_len=40, result=98,58,53,50,940,510,0,0,40,2,5550,1
09-03 11:35:56.290 E/[GH_ROMAII_SENSOR_HOOK]( 8987): [gh30x_fifo_evt_spo2_mode_calc] wearing_state:1
09-03 11:35:56.290 E/[GH_ROMAII_SENSOR_HOOK]( 8987): [gh30x_fifo_evt_spo2_mode_calc] not unwear state
09-03 11:35:56.290 E/[GH_ROMAII_SENSOR_HOOK]( 8987): [gh30x_fifo_evt_spo2_mode_calc] exit
09-03 11:35:56.290 E/[GH_ROMAII_SENSOR_HOOK]( 8987): [gh30x_fifo_evt_handler] exit
09-03 11:35:56.290 E/[GH_ROMAII_SENSOR_HOOK]( 8987): [gh30x_int_msg_handler] exit
09-03 11:35:56.290 E/[GH_I2C_BUS]( 8987): start gh_dev_wait_irq
09-03 11:35:57.250 E/[GH_I2C_BUS]( 8987): GH end gh_dev_wait_irq 0
09-03 11:35:57.250 E/[GH_ROMAII_SENSOR_HOOK]( 8987): [gh30x_int_msg_handler] enter
09-03 11:35:57.250 E/[GH_ROMAII_SENSOR_HOOK]( 8987): [gh30x_int_msg_handler] gh30x_irq_status:2， type:INT_STATUS_FIFO_WATERMARK
09-03 11:35:57.250 E/[GH_ROMAII_SENSOR_HOOK]( 8987): [gh30x_int_msg_handler] gh30x_adt_working_flag:0
09-03 11:35:57.250 E/[GH_ROMAII_SENSOR_HOOK]( 8987): [gh30x_fifo_evt_handler] enter
09-03 11:35:57.250 E/[GH_ROMAII_SENSOR_HOOK]( 8987): got gh30x fifo evt, func[RUN_MODE_SPO2_DET]
09-03 11:35:57.250 E/[GH_I2C_BUS]( 8987): gh_dev_get_acc_buffer len 40 ret 0
09-03 11:35:57.250 E/[GH_ROMAII_SENSOR_HOOK]( 8987): gsensor_drv_get_fifo_data len 40 
09-03 11:35:57.250 E/[GH_ROMAII_SENSOR_HOOK]( 8987): [gh30x_fifo_evt_spo2_mode_calc] enter
09-03 11:35:57.280 E/[GH_ROMAII_SENSOR_HOOK]( 8987): [handle_spo2_mode_result] enter
09-03 11:35:57.280 E/[GH_ROMAII_SENSOR_HOOK]( 8987): GH_3011 spo2_result : 98 , lvl 59 , hb 53, lvl50 , wearing 1
09-03 11:35:57.290 E/[GH_I2C_BUS]( 8987): gh_dev_report_key 1, weared 1 ,ppg 53 ,spo2 98 ,ret 0
09-03 11:35:57.290 E/[GH_ROMAII_SENSOR_HOOK]( 8987): [handle_spo2_mode_result] exit
09-03 11:35:57.290 E/[GH_ROMAII_SENSOR_HOOK]( 8987): spo2 calc, gs_len=40, result=98,59,53,50,1500,0,0,0,40,1,5550,1
09-03 11:35:57.290 E/[GH_ROMAII_SENSOR_HOOK]( 8987): [gh30x_fifo_evt_spo2_mode_calc] wearing_state:1
09-03 11:35:57.290 E/[GH_ROMAII_SENSOR_HOOK]( 8987): [gh30x_fifo_evt_spo2_mode_calc] not unwear state
09-03 11:35:57.290 E/[GH_ROMAII_SENSOR_HOOK]( 8987): [gh30x_fifo_evt_spo2_mode_calc] exit
09-03 11:35:57.290 E/[GH_ROMAII_SENSOR_HOOK]( 8987): [gh30x_fifo_evt_handler] exit
09-03 11:35:57.290 E/[GH_ROMAII_SENSOR_HOOK]( 8987): [gh30x_int_msg_handler] exit
09-03 11:35:57.290 E/[GH_I2C_BUS]( 8987): start gh_dev_wait_irq
09-03 11:35:57.660 E/LIBGPS  (  647): read socet_client error: Try again
09-03 11:35:57.700 D/LIBGPS  (  647): watchdog_open PowerState:GE2 CP SLEEP readcount:800852
09-03 11:35:58.260 E/[GH_I2C_BUS]( 8987): GH end gh_dev_wait_irq 0
09-03 11:35:58.260 E/[GH_ROMAII_SENSOR_HOOK]( 8987): [gh30x_int_msg_handler] enter
09-03 11:35:58.260 E/[GH_ROMAII_SENSOR_HOOK]( 8987): [gh30x_int_msg_handler] gh30x_irq_status:2， type:INT_STATUS_FIFO_WATERMARK
09-03 11:35:58.260 E/[GH_ROMAII_SENSOR_HOOK]( 8987): [gh30x_int_msg_handler] gh30x_adt_working_flag:0
09-03 11:35:58.260 E/[GH_ROMAII_SENSOR_HOOK]( 8987): [gh30x_fifo_evt_handler] enter
09-03 11:35:58.260 E/[GH_ROMAII_SENSOR_HOOK]( 8987): got gh30x fifo evt, func[RUN_MODE_SPO2_DET]
09-03 11:35:58.260 E/[GH_I2C_BUS]( 8987): gh_dev_get_acc_buffer len 39 ret 0
09-03 11:35:58.260 E/[GH_ROMAII_SENSOR_HOOK]( 8987): gsensor_drv_get_fifo_data len 39 
09-03 11:35:58.260 E/[GH_ROMAII_SENSOR_HOOK]( 8987): [gh30x_fifo_evt_spo2_mode_calc] enter
09-03 11:35:58.280 E/[GH_ROMAII_SENSOR_HOOK]( 8987): [handle_spo2_mode_result] enter
09-03 11:35:58.280 E/[GH_ROMAII_SENSOR_HOOK]( 8987): GH_3011 spo2_result : 98 , lvl 58 , hb 53, lvl50 , wearing 1
09-03 11:35:58.300 E/[GH_I2C_BUS]( 8987): gh_dev_report_key 1, weared 1 ,ppg 53 ,spo2 98 ,ret 0
09-03 11:35:58.300 E/[GH_ROMAII_SENSOR_HOOK]( 8987): [handle_spo2_mode_result] exit
09-03 11:35:58.300 E/[GH_ROMAII_SENSOR_HOOK]( 8987): spo2 calc, gs_len=39, result=98,58,53,50,680,0,0,0,40,1,5550,1
09-03 11:35:58.300 E/[GH_ROMAII_SENSOR_HOOK]( 8987): [gh30x_fifo_evt_spo2_mode_calc] wearing_state:1
09-03 11:35:58.300 E/[GH_ROMAII_SENSOR_HOOK]( 8987): [gh30x_fifo_evt_spo2_mode_calc] not unwear state
09-03 11:35:58.300 E/[GH_ROMAII_SENSOR_HOOK]( 8987): [gh30x_fifo_evt_spo2_mode_calc] exit
09-03 11:35:58.300 E/[GH_ROMAII_SENSOR_HOOK]( 8987): [gh30x_fifo_evt_handler] exit
09-03 11:35:58.300 E/[GH_ROMAII_SENSOR_HOOK]( 8987): [gh30x_int_msg_handler] exit
09-03 11:35:58.300 E/[GH_I2C_BUS]( 8987): start gh_dev_wait_irq
09-03 11:35:59.030 W/WindowManager(  647): Focused window stay null too long, have a update!
09-03 11:35:59.030 V/WindowManager(  647): Looking for focus: 1 = Window{41b914a8 u0 KeyguardScrim} = null, flags=1116416, canReceive=false mViewVisibility=8 mHasSurface=false
09-03 11:35:59.030 V/WindowManager(  647): Looking for focus: 0 = Window{4191a5c0 u0 com.android.systemui.ImageWallpaper} = null, flags=792, canReceive=false mViewVisibility=0 mHasSurface=true
09-03 11:35:59.030 V/WindowManager(  647): findFocusedWindow: No focusable windows.
09-03 11:35:59.270 E/[GH_I2C_BUS]( 8987): GH end gh_dev_wait_irq 0
09-03 11:35:59.270 E/[GH_ROMAII_SENSOR_HOOK]( 8987): [gh30x_int_msg_handler] enter
09-03 11:35:59.270 E/[GH_ROMAII_SENSOR_HOOK]( 8987): [gh30x_int_msg_handler] gh30x_irq_status:2， type:INT_STATUS_FIFO_WATERMARK
09-03 11:35:59.270 E/[GH_ROMAII_SENSOR_HOOK]( 8987): [gh30x_int_msg_handler] gh30x_adt_working_flag:0
09-03 11:35:59.270 E/[GH_ROMAII_SENSOR_HOOK]( 8987): [gh30x_fifo_evt_handler] enter
09-03 11:35:59.270 E/[GH_ROMAII_SENSOR_HOOK]( 8987): got gh30x fifo evt, func[RUN_MODE_SPO2_DET]
09-03 11:35:59.270 E/[GH_I2C_BUS]( 8987): gh_dev_get_acc_buffer len 40 ret 0
09-03 11:35:59.270 E/[GH_ROMAII_SENSOR_HOOK]( 8987): gsensor_drv_get_fifo_data len 40 
09-03 11:35:59.270 E/[GH_ROMAII_SENSOR_HOOK]( 8987): [gh30x_fifo_evt_spo2_mode_calc] enter
09-03 11:35:59.280 E/[GH_ROMAII_SENSOR_HOOK]( 8987): [handle_spo2_mode_result] enter
09-03 11:35:59.280 E/[GH_ROMAII_SENSOR_HOOK]( 8987): GH_3011 spo2_result : 98 , lvl 55 , hb 53, lvl50 , wearing 1
09-03 11:35:59.290 E/[GH_I2C_BUS]( 8987): gh_dev_report_key 1, weared 1 ,ppg 53 ,spo2 98 ,ret 0
09-03 11:35:59.290 E/[GH_ROMAII_SENSOR_HOOK]( 8987): [handle_spo2_mode_result] exit
09-03 11:35:59.290 E/[GH_ROMAII_SENSOR_HOOK]( 8987): spo2 calc, gs_len=40, result=98,55,53,50,650,0,0,0,40,1,5550,1
09-03 11:35:59.290 E/[GH_ROMAII_SENSOR_HOOK]( 8987): [gh30x_fifo_evt_spo2_mode_calc] wearing_state:1
09-03 11:35:59.290 E/[GH_ROMAII_SENSOR_HOOK]( 8987): [gh30x_fifo_evt_spo2_mode_calc] not unwear state
09-03 11:35:59.290 E/[GH_ROMAII_SENSOR_HOOK]( 8987): [gh30x_fifo_evt_spo2_mode_calc] exit
09-03 11:35:59.290 E/[GH_ROMAII_SENSOR_HOOK]( 8987): [gh30x_fifo_evt_handler] exit
09-03 11:35:59.290 E/[GH_ROMAII_SENSOR_HOOK]( 8987): [gh30x_int_msg_handler] exit
09-03 11:35:59.290 E/[GH_I2C_BUS]( 8987): start gh_dev_wait_irq
09-03 11:35:59.690 D/LIBGPS  (  647): watchdog_open PowerState:GE2 CP SLEEP readcount:800852
09-03 11:35:59.990 D/AlarmManager(  647): waitForAlarm result:8, nowELAPSED:54103586, nowRTC:1788442559999
09-03 11:35:59.990 D/AlarmManager(  647): triggerList.add i = 0
09-03 11:35:59.990 D/AlarmManager(  647): break
09-03 11:35:59.990 D/AlarmManager(  647): sending alarm type:3 operation:PendingIntent{41964228: PendingIntentRecord{4196eb78 android broadcastIntent}}
09-03 11:35:59.990 D/BroadcastQueue(  647): enqueueOrderedBroadcastLocked after add: BroadcastRecord{41c996c8 u-1 android.intent.action.TIME_TICK} , the first order broadcast is:BroadcastRecord{41c996c8 u-1 android.intent.action.TIME_TICK} size:1 is: foreground
09-03 11:35:59.990 D/BroadcastQueue(  647): Schedule broadcasts [foreground]: current=false
09-03 11:35:59.990 D/PowerManagerService(  647): acquireWakeLockInternal: lock=1100495272, flags=0x1, tag="AlarmManager", ws=WorkSource{1000}, uid=1000, pid=647 pkg name:android
09-03 11:35:59.990 D/BroadcastQueue(  647): Received BROADCAST_INTENT_MSG
09-03 11:35:59.990 D/BroadcastQueue(  647): Processing ordered broadcast [foreground] BroadcastRecord{41c996c8 u-1 android.intent.action.TIME_TICK}
09-03 11:35:59.990 V/BatteryStatsImpl(  647): startRunningLocked(): mNesting = 1
09-03 11:35:59.990 D/BroadcastQueue(  647): Submitting BROADCAST_TIMEOUT_MSG [foreground] for BroadcastRecord{41c996c8 u-1 android.intent.action.TIME_TICK} at 52786233
09-03 11:35:59.990 V/BatteryStatsImpl(  647): startRunningLocked before mTimerPool.size = 0
09-03 11:35:59.990 V/BatteryStatsImpl(  647): startRunningLocked after mTimerPool.size = 1
09-03 11:35:59.990 D/PowerManagerService(  647): updateSuspendBlockerLocked goto acquire:PowerManagerService.WakeLocks: ref count=0
09-03 11:35:59.990 D/PowerManagerService(  647): Acquiring suspend blocker "PowerManagerService.WakeLocks".
09-03 11:35:59.990 D/AlarmManager(  647): set(PendingIntent{41964228: PendingIntentRecord{4196eb78 android broadcastIntent}}) : type=3 triggerAtTime=54163586 win=0 tElapsed=54163586 maxElapsed=54163586 interval=0 standalone=true
09-03 11:35:59.990 D/AlarmManager(  647): setImplLocked() Action = android.intent.action.TIME_TICK, Component = null, type = 3, when = 1788442620000, absolute triggerTime = 2026-09-03 15:37:00
09-03 11:35:59.990 W/AlarmManagerHelper(  647): notifyPowerGuru() -> PowerGuruService is not running ???
09-03 11:35:59.990 D/BroadcastQueue(  647): Delivering ordered [foreground] to the last registered filter BroadcastFilter{41b0e4c0 u0 ReceiverList{41b35048 746 com.android.systemui/10033/u0 remote:41a13218}}: BroadcastRecord{41c996c8 u-1 android.intent.action.TIME_TICK}
09-03 11:35:59.990 D/BroadcastQueue(  647): Cancelling BROADCAST_TIMEOUT_MSG
09-03 11:35:59.990 D/PowerManagerService(  647): releaseWakeLockInternal: lock=1100495272 [AlarmManager], flags=0x0 pkg name:android
09-03 11:35:59.990 D/BroadcastQueue(  647): Finished with ordered broadcast BroadcastRecord{41c996c8 u-1 android.intent.action.TIME_TICK}
09-03 11:35:59.990 D/PowerManagerService(  647): updateSuspendBlockerLocked goto release:PowerManagerService.WakeLocks: ref count=1
09-03 11:35:59.990 D/PowerManagerService(  647): Releasing suspend blocker "PowerManagerService.WakeLocks".
09-03 11:35:59.990 D/BroadcastQueue(  647): Finished with ordered broadcast and remove index 0:BroadcastRecord{41c996c8 u-1 android.intent.action.TIME_TICK} is: foreground remine 0
09-03 11:36:00.270 E/[GH_I2C_BUS]( 8987): GH end gh_dev_wait_irq 0
09-03 11:36:00.270 E/[GH_ROMAII_SENSOR_HOOK]( 8987): [gh30x_int_msg_handler] enter
09-03 11:36:00.270 E/[GH_ROMAII_SENSOR_HOOK]( 8987): [gh30x_int_msg_handler] gh30x_irq_status:2， type:INT_STATUS_FIFO_WATERMARK
09-03 11:36:00.270 E/[GH_ROMAII_SENSOR_HOOK]( 8987): [gh30x_int_msg_handler] gh30x_adt_working_flag:0
09-03 11:36:00.270 E/[GH_ROMAII_SENSOR_HOOK]( 8987): [gh30x_fifo_evt_handler] enter
09-03 11:36:00.270 E/[GH_ROMAII_SENSOR_HOOK]( 8987): got gh30x fifo evt, func[RUN_MODE_SPO2_DET]
09-03 11:36:00.270 E/[GH_I2C_BUS]( 8987): gh_dev_get_acc_buffer len 39 ret 0
09-03 11:36:00.270 E/[GH_ROMAII_SENSOR_HOOK]( 8987): gsensor_drv_get_fifo_data len 39 
09-03 11:36:00.270 E/[GH_ROMAII_SENSOR_HOOK]( 8987): [gh30x_fifo_evt_spo2_mode_calc] enter
09-03 11:36:00.290 E/[GH_ROMAII_SENSOR_HOOK]( 8987): [handle_spo2_mode_result] enter
09-03 11:36:00.290 E/[GH_ROMAII_SENSOR_HOOK]( 8987): GH_3011 spo2_result : 98 , lvl 54 , hb 53, lvl50 , wearing 1
09-03 11:36:00.310 E/[GH_I2C_BUS]( 8987): gh_dev_report_key 1, weared 1 ,ppg 53 ,spo2 98 ,ret 0
09-03 11:36:00.310 E/[GH_ROMAII_SENSOR_HOOK]( 8987): [handle_spo2_mode_result] exit
09-03 11:36:00.310 E/[GH_ROMAII_SENSOR_HOOK]( 8987): spo2 calc, gs_len=39, result=98,54,53,50,1040,510,0,0,40,2,5550,1
09-03 11:36:00.310 E/[GH_ROMAII_SENSOR_HOOK]( 8987): [gh30x_fifo_evt_spo2_mode_calc] wearing_state:1
09-03 11:36:00.310 E/[GH_ROMAII_SENSOR_HOOK]( 8987): [gh30x_fifo_evt_spo2_mode_calc] not unwear state
09-03 11:36:00.310 E/[GH_ROMAII_SENSOR_HOOK]( 8987): [gh30x_fifo_evt_spo2_mode_calc] exit
09-03 11:36:00.310 E/[GH_ROMAII_SENSOR_HOOK]( 8987): [gh30x_fifo_evt_handler] exit
09-03 11:36:00.310 E/[GH_ROMAII_SENSOR_HOOK]( 8987): [gh30x_int_msg_handler] exit
09-03 11:36:00.310 E/[GH_I2C_BUS]( 8987): start gh_dev_wait_irq
09-03 11:36:01.130 D/WCND    (  217): is_cp2_alive_ok: open polling interface: /proc/mdbg/loopcheck, fd = 17
09-03 11:36:01.230 D/WCND    (  217): is_cp2_alive_ok: loop: /proc/mdbg/loopcheck is OK
09-03 11:36:01.270 E/[GH_I2C_BUS]( 8987): GH end gh_dev_wait_irq 0
09-03 11:36:01.270 E/[GH_ROMAII_SENSOR_HOOK]( 8987): [gh30x_int_msg_handler] enter
09-03 11:36:01.270 E/[GH_ROMAII_SENSOR_HOOK]( 8987): [gh30x_int_msg_handler] gh30x_irq_status:2， type:INT_STATUS_FIFO_WATERMARK
09-03 11:36:01.270 E/[GH_ROMAII_SENSOR_HOOK]( 8987): [gh30x_int_msg_handler] gh30x_adt_working_flag:0
09-03 11:36:01.270 E/[GH_ROMAII_SENSOR_HOOK]( 8987): [gh30x_fifo_evt_handler] enter
09-03 11:36:01.270 E/[GH_ROMAII_SENSOR_HOOK]( 8987): got gh30x fifo evt, func[RUN_MODE_SPO2_DET]
09-03 11:36:01.270 E/[GH_I2C_BUS]( 8987): gh_dev_get_acc_buffer len 40 ret 0
09-03 11:36:01.270 E/[GH_ROMAII_SENSOR_HOOK]( 8987): gsensor_drv_get_fifo_data len 40 
09-03 11:36:01.270 E/[GH_ROMAII_SENSOR_HOOK]( 8987): [gh30x_fifo_evt_spo2_mode_calc] enter
09-03 11:36:01.290 E/[GH_ROMAII_SENSOR_HOOK]( 8987): [handle_spo2_mode_result] enter
09-03 11:36:01.290 E/[GH_ROMAII_SENSOR_HOOK]( 8987): GH_3011 spo2_result : 98 , lvl 54 , hb 53, lvl50 , wearing 1
09-03 11:36:01.310 E/[GH_I2C_BUS]( 8987): gh_dev_report_key 1, weared 1 ,ppg 53 ,spo2 98 ,ret 0
09-03 11:36:01.310 E/[GH_ROMAII_SENSOR_HOOK]( 8987): [handle_spo2_mode_result] exit
09-03 11:36:01.310 E/[GH_ROMAII_SENSOR_HOOK]( 8987): spo2 calc, gs_len=40, result=98,54,53,50,580,510,0,0,40,2,5550,1
09-03 11:36:01.310 E/[GH_ROMAII_SENSOR_HOOK]( 8987): [gh30x_fifo_evt_spo2_mode_calc] wearing_state:1
09-03 11:36:01.310 E/[GH_ROMAII_SENSOR_HOOK]( 8987): [gh30x_fifo_evt_spo2_mode_calc] not unwear state
09-03 11:36:01.310 E/[GH_ROMAII_SENSOR_HOOK]( 8987): [gh30x_fifo_evt_spo2_mode_calc] exit
09-03 11:36:01.310 E/[GH_ROMAII_SENSOR_HOOK]( 8987): [gh30x_fifo_evt_handler] exit
09-03 11:36:01.310 E/[GH_ROMAII_SENSOR_HOOK]( 8987): [gh30x_int_msg_handler] exit
09-03 11:36:01.310 E/[GH_I2C_BUS]( 8987): start gh_dev_wait_irq
09-03 11:36:01.690 D/LIBGPS  (  647): watchdog_open PowerState:GE2 CP SLEEP readcount:800852
